lead_id,created_at,phone,source_label,external_id,created_by,status
crm-002743,2026-07-29 00:38:04,9961884826,Виджет записи,bk-000529,integration,in_work
crm-002115,2026-07-29 01:10:26,+79002148313,Сайт: форма,mk-001798,integration,lost
crm-000048,2026-07-29 02:29:55,+7 (985) 413-90-05,Виджет записи,bk-000008,integration,booked
crm-003478,2026-07-29 03:12:49,+7 (901) 922-67-53,Виджет записи,bk-000674,integration,in_work
crm-000398,2026-07-29 03:12:55,7-919-658-46-18,Виджет записи,bk-000064,integration,visited
crm-000268,2026-07-29 03:24:36,8 932 752 34 79,Виджет записи,bk-000033,integration,visited
crm-002631,2026-07-29 03:45:24,+79851622626,Виджет записи,bk-000502,integration,booked
crm-003246,2026-07-29 03:48:14,+7 (987) 796-91-23,Сайт: форма,mk-002718,integration,in_work
crm-001761,2026-07-29 03:50:36,8 997 541 56 56,Сайт: форма,mk-001492,integration,in_work
crm-002486,2026-07-29 04:02:44,9125050570,Сайт: форма,mk-002076,integration,booked
crm-002487,2026-07-29 04:06:43,8(912)5050570,Сайт: форма,mk-002077,integration,new
crm-002680,2026-07-29 05:41:18,9182635369,Сайт: форма,mk-002240,integration,lost
crm-003147,2026-07-29 08:12:30,89305954004,Виджет записи,bk-000613,integration,lost
crm-000744,2026-07-29 08:16:11,+7 (993) 988-46-45,Виджет записи,bk-000132,integration,lost
crm-000413,2026-07-29 10:16:33,7-932-342-90-34,сайт,,admin,visited
crm-003459,2026-07-29 10:24:29,9791319162,Сайт: форма,mk-002897,integration,booked
crm-003460,2026-07-29 10:25:22,89791319162,Сайт: форма,mk-002897,integration,new
crm-002470,2026-07-29 10:28:29,89377243956,Сайт: форма,mk-002063,integration,in_work
crm-002471,2026-07-29 10:32:44,+7 (937) 724-39-56,Сайт: форма,mk-002064,integration,new
crm-001092,2026-07-29 10:34:46,7-957-678-25-51,с улицы,,admin,lost
crm-000823,2026-07-29 10:35:49,+79799088585,Сайт: форма,mk-000674,integration,lost
crm-002472,2026-07-29 10:36:33,8 937 724 39 56,Сайт: форма,mk-002065,integration,new
crm-000824,2026-07-29 10:41:27,8 979 908 85 85,Сайт: форма,mk-000675,integration,new
crm-001778,2026-07-29 10:50:08,9386519741,вывеска,,admin,visited
crm-002618,2026-07-29 10:51:39,7-970-484-95-11,яндекс директ,,admin,lost
crm-001826,2026-07-29 11:04:59,89042237576,Виджет записи,bk-000346,integration,in_work
crm-002239,2026-07-29 11:14:10,8(984)9272110,карты,,admin,lost
crm-000830,2026-07-29 11:17:16,89774379230,реклама вк,,admin,lost
crm-001739,2026-07-29 12:36:46,8(998)9512733,гугл,,admin,lost
crm-003740,2026-07-29 12:46:12,89706159210,Яндекс карты,,admin,lost
crm-002657,2026-07-29 13:02:08,+7 (940) 252-17-59,Сайт: форма,mk-002225,integration,booked
crm-001996,2026-07-29 13:08:28,89928735469,сарафан,,admin,visited
crm-000915,2026-07-29 13:11:34,+7 (981) 913-92-89,с улицы,,admin,in_work
crm-000702,2026-07-29 13:39:31,+7 (994) 375-43-90,,,admin,visited
crm-002201,2026-07-29 13:48:17,+7 (912) 090-80-66,Сайт: форма,mk-001868,integration,lost
crm-002202,2026-07-29 13:49:34,+79927580329,Я.Директ,,admin,visited
crm-003500,2026-07-29 14:09:53,8 952 093 60 38,с улицы,,admin,visited
crm-002949,2026-07-29 14:13:17,+7 (979) 471-24-01,с улицы,,admin,visited
crm-001933,2026-07-29 14:25:06,7-902-849-32-63,сарафан,,admin,in_work
crm-003812,2026-07-29 14:37:09,7-952-823-17-11,Сайт: форма,mk-003200,integration,lost
crm-002867,2026-07-29 14:42:35,+79439129493,повторный пациент,,admin,visited
crm-001153,2026-07-29 14:49:31,+79474472380,яндекс.карты,,admin,visited
crm-001985,2026-07-29 14:51:14,9815117789,Сайт: форма,mk-001684,integration,visited
crm-002090,2026-07-29 14:53:54,8(971)7344243,дубльгис,,admin,lost
crm-002765,2026-07-29 14:58:50,7-946-926-62-45,Виджет записи,bk-000535,integration,lost
crm-000791,2026-07-29 15:01:59,8(982)0293912,другое,,admin,lost
crm-001454,2026-07-29 15:19:38,9158116851,по рекомендации,,admin,lost
crm-001292,2026-07-29 15:33:37,+7 (986) 925-42-36,сарафан,,admin,visited
crm-002381,2026-07-29 15:43:26,7-924-000-97-56,поиск,,admin,visited
crm-001968,2026-07-29 16:50:52,7-939-922-21-80,дубльгис,,admin,in_work
crm-000095,2026-07-29 16:52:44,9587272107,Сайт: форма,mk-000089,integration,in_work
crm-001829,2026-07-29 17:08:07,8(975)9356968,2гис,,admin,lost
crm-001762,2026-07-29 17:26:06,8 986 500 28 20,Виджет записи,bk-000333,integration,lost
crm-002517,2026-07-29 17:43:01,9055714197,Яндекс карты,,admin,booked
crm-003648,2026-07-29 18:03:25,+7 (925) 645-22-91,Виджет записи,bk-000708,integration,lost
crm-000454,2026-07-29 18:04:38,8(943)8916965,не помню,,admin,in_work
crm-002897,2026-07-29 18:06:00,+7 (994) 920-50-05,Сайт: форма,mk-002415,integration,lost
crm-001831,2026-07-29 18:07:53,8 909 979 28 98,таргет вк,,admin,lost
crm-001634,2026-07-29 18:17:07,8 913 976 72 01,дубльгис,,admin,visited
crm-001773,2026-07-29 18:19:38,8 963 038 26 60,Сайт: форма,mk-001502,integration,in_work
crm-001774,2026-07-29 18:23:35,8(963)0382660,Сайт: форма,mk-001503,integration,new
crm-003257,2026-07-29 18:24:37,8 904 483 88 71,другое,,admin,lost
crm-002294,2026-07-29 18:44:20,7-950-737-35-68,Сайт: форма,mk-001937,integration,visited
crm-002295,2026-07-29 18:47:57,+7 (950) 737-35-68,Сайт: форма,mk-001938,integration,new
crm-002296,2026-07-29 18:51:47,9507373568,Сайт: форма,mk-001939,integration,new
crm-000946,2026-07-29 18:52:30,7-926-563-95-64,Сайт: форма,mk-000784,integration,lost
crm-002280,2026-07-29 18:54:59,9117581401,Я.Директ,,admin,lost
crm-000621,2026-07-29 19:01:28,8(900)1498187,2 гис,,admin,lost
crm-003788,2026-07-29 19:09:12,+79852744394,Сайт: форма,mk-003183,integration,booked
crm-002319,2026-07-29 19:17:15,8(980)8276521,контекст,,admin,lost
crm-000841,2026-07-29 19:30:17,89864428680,,,admin,lost
crm-000991,2026-07-29 20:05:41,+7 (992) 645-12-08,Сайт: форма,mk-000815,integration,visited
crm-002362,2026-07-29 20:08:20,+79116211411,Сайт: форма,mk-001982,integration,booked
crm-001793,2026-07-29 20:09:09,9863890078,Сайт: форма,mk-001519,integration,lost
crm-000900,2026-07-29 20:24:08,8 982 715 72 43,Виджет записи,bk-000167,integration,booked
crm-002093,2026-07-29 20:49:08,+7 (929) 421-04-92,Сайт: форма,mk-001781,integration,in_work
crm-002274,2026-07-29 21:00:13,9306356097,Сайт: форма,mk-001926,integration,lost
crm-002275,2026-07-29 21:04:17,8(930)6356097,Сайт: форма,mk-001927,integration,new
crm-003198,2026-07-29 21:06:02,89530246801,Сайт: форма,mk-002673,integration,lost
crm-002276,2026-07-29 21:09:50,+7 (930) 635-60-97,Сайт: форма,mk-001928,integration,new
crm-001221,2026-07-29 21:20:35,9641041293,Виджет записи,bk-000229,integration,lost
crm-002309,2026-07-29 21:21:34,9885468859,Сайт: форма,mk-001951,integration,lost
crm-002744,2026-07-29 21:33:36,+7 (909) 696-14-79,Виджет записи,bk-000530,integration,lost
crm-002796,2026-07-29 21:38:12,+79180240844,Сайт: форма,mk-002333,integration,booked
crm-000174,2026-07-29 22:00:09,9686157473,Сайт: форма,mk-000159,integration,lost
crm-000159,2026-07-29 22:04:40,8 959 813 33 13,Сайт: форма,mk-000146,integration,in_work
crm-000160,2026-07-29 22:06:35,9598133313,Сайт: форма,mk-000147,integration,new
crm-001755,2026-07-29 22:07:02,7-925-077-85-46,Сайт: форма,mk-001486,integration,in_work
crm-001737,2026-07-29 22:09:54,+79109705694,Сайт: форма,mk-001473,integration,booked
crm-001671,2026-07-29 22:20:48,8(930)5583387,Виджет записи,bk-000313,integration,in_work
crm-000941,2026-07-29 22:28:36,+79573310591,Сайт: форма,mk-000780,integration,in_work
crm-002739,2026-07-30 02:57:28,7-969-017-23-71,Сайт: форма,mk-002291,integration,lost
crm-002740,2026-07-30 02:59:00,8(969)0172371,Сайт: форма,mk-002292,integration,new
crm-001705,2026-07-30 03:03:02,+79382849571,Сайт: форма,mk-001446,integration,lost
crm-001706,2026-07-30 03:03:57,+79382849571,Сайт: форма,mk-001446,integration,new
crm-000851,2026-07-30 03:15:14,9993782551,Сайт: форма,mk-000705,integration,lost
crm-003503,2026-07-30 04:18:30,7-975-919-26-28,Виджет записи,bk-000677,integration,lost
crm-003089,2026-07-30 04:24:23,8(929)2982305,Сайт: форма,mk-002577,integration,lost
crm-002997,2026-07-30 04:38:15,89061504434,Сайт: форма,mk-002505,integration,lost
crm-001836,2026-07-30 05:00:53,8(976)1528220,Сайт: форма,mk-001554,integration,booked
crm-002321,2026-07-30 06:25:21,+7 (917) 638-72-82,Виджет записи,bk-000443,integration,lost
crm-003653,2026-07-30 06:52:08,9891918728,Сайт: форма,mk-003070,integration,booked
crm-003654,2026-07-30 06:53:56,8(989)1918728,Сайт: форма,mk-003071,integration,new
crm-003655,2026-07-30 06:59:42,+7 (989) 191-87-28,Сайт: форма,mk-003072,integration,new
crm-001439,2026-07-30 07:21:53,8(929)3370436,Сайт: форма,mk-001204,integration,in_work
crm-002310,2026-07-30 07:45:00,+7 (931) 941-98-50,Виджет записи,bk-000439,integration,lost
crm-001870,2026-07-30 08:34:03,9036207157,Виджет записи,bk-000356,integration,booked
crm-000402,2026-07-30 09:00:48,8 994 045 75 31,Сайт: форма,mk-000340,integration,in_work
crm-001541,2026-07-30 09:05:37,+79798931006,Сайт: форма,mk-001293,integration,visited
crm-001665,2026-07-30 09:33:19,9562181136,повторный пациент,,admin,in_work
crm-003557,2026-07-30 10:02:27,89145706370,Виджет записи,bk-000688,integration,visited
crm-002861,2026-07-30 10:04:04,9351403888,Сайт: форма,mk-002388,integration,lost
crm-001608,2026-07-30 10:13:38,9011215528,гугл,,admin,booked
crm-000881,2026-07-30 10:18:35,9663130197,по рекомендации,,admin,lost
crm-001310,2026-07-30 10:21:43,+7 (966) 974-23-04,,,admin,booked
crm-001398,2026-07-30 10:25:14,9817265477,Я.Директ,,admin,booked
crm-001120,2026-07-30 10:33:07,+79728446189,вконтакте,,admin,booked
crm-001501,2026-07-30 10:45:35,8(995)6899458,Сайт: форма,mk-001258,integration,in_work
crm-001502,2026-07-30 10:45:56,7-995-689-94-58,Сайт: форма,mk-001258,integration,new
crm-002373,2026-07-30 10:47:50,+7 (949) 352-17-39,Сайт: форма,mk-001991,integration,in_work
crm-002608,2026-07-30 11:17:31,9422039525,Сайт: форма,mk-002184,integration,booked
crm-002135,2026-07-30 11:18:05,7-911-400-37-79,Виджет записи,bk-000404,integration,booked
crm-000943,2026-07-30 11:23:18,9968219465,Виджет записи,bk-000176,integration,visited
crm-003444,2026-07-30 11:46:07,7-976-356-15-82,нашли в интернете,,admin,visited
crm-003197,2026-07-30 12:00:55,89317762214,Сайт: форма,mk-002672,integration,visited
crm-001323,2026-07-30 12:05:00,7-910-917-24-90,2гис,,admin,booked
crm-002501,2026-07-30 12:24:50,7-996-996-93-22,другое,,admin,lost
crm-001010,2026-07-30 12:27:47,+79621280682,яндекс директ,,admin,lost
crm-001156,2026-07-30 12:31:33,7-912-599-94-82,Я.Карты,,admin,visited
crm-000873,2026-07-30 12:33:23,8 991 586 52 84,пришёл сам,,admin,lost
crm-002803,2026-07-30 12:39:16,7-921-416-51-44,гугл,,admin,in_work
crm-001696,2026-07-30 12:52:53,+7 (947) 499-16-51,Сайт: форма,mk-001436,integration,booked
crm-003281,2026-07-30 12:55:12,9558936305,Сайт: форма,mk-002745,integration,booked
crm-002513,2026-07-30 12:57:23,89334099695,Сайт: форма,mk-002097,integration,visited
crm-002279,2026-07-30 13:00:20,8 954 165 32 46,яндекс.карты,,admin,lost
crm-001904,2026-07-30 13:42:20,7-905-129-59-08,Я.Директ,,admin,booked
crm-002591,2026-07-30 13:58:53,9931868071,не помню,,admin,booked
crm-002523,2026-07-30 14:02:17,8 945 278 44 45,Виджет записи,bk-000485,integration,in_work
crm-001832,2026-07-30 14:05:55,8(909)9792898,Виджет записи,bk-000348,integration,new
crm-001538,2026-07-30 14:08:08,8(927)5839311,пришёл сам,,admin,visited
crm-000872,2026-07-30 14:13:14,89532179580,Я.Карты,,admin,lost
crm-001030,2026-07-30 14:39:42,8(913)6781254,контекст,,admin,booked
crm-003303,2026-07-30 14:47:23,7-939-546-24-68,Сайт: форма,mk-002765,integration,visited
crm-001131,2026-07-30 14:51:33,89784537927,не помню,,admin,lost
crm-000144,2026-07-30 14:54:23,7-957-948-20-11,вывеска,,admin,visited
crm-003370,2026-07-30 14:55:50,+79150175847,яндекс директ,,admin,lost
crm-001207,2026-07-30 15:03:16,9784509014,реклама,,admin,lost
crm-000360,2026-07-30 15:17:17,8(905)8225285,проходил мимо,,admin,lost
crm-000346,2026-07-30 15:21:22,+79446650576,2 гис,,admin,visited
crm-002281,2026-07-30 15:38:01,8(992)8629049,2гис,,admin,lost
crm-000318,2026-07-30 15:40:47,7-979-901-16-55,2ГИС,,admin,visited
crm-002113,2026-07-30 15:43:06,+79837560797,реклама в яндексе,,admin,booked
crm-002209,2026-07-30 15:46:48,9523357762,Сайт: форма,mk-001873,integration,in_work
crm-000066,2026-07-30 15:50:06,+7 (980) 162-29-72,Яндекс карты,,admin,visited
crm-003220,2026-07-30 15:51:06,8(922)8493063,нашли в интернете,,admin,lost
crm-002580,2026-07-30 15:59:10,+79676622815,Сайт: форма,mk-002160,integration,visited
crm-003354,2026-07-30 16:36:43,89680762283,вывеска,,admin,visited
crm-003234,2026-07-30 16:41:12,+7 (909) 913-91-38,Виджет записи,bk-000630,integration,visited
crm-002827,2026-07-30 17:08:53,+79636587431,Сайт: форма,mk-002362,integration,lost
crm-002828,2026-07-30 17:10:24,89636587431,Сайт: форма,mk-002363,integration,new
crm-001539,2026-07-30 17:20:52,9300087969,вконтакте,,admin,booked
crm-003539,2026-07-30 17:28:07,8 989 361 71 87,Сайт: форма,mk-002973,integration,visited
crm-000855,2026-07-30 17:28:36,89626314392,дубльгис,,admin,booked
crm-001928,2026-07-30 17:37:35,+7 (985) 372-98-95,Я.Карты,,admin,visited
crm-000637,2026-07-30 17:59:49,7-923-211-87-66,2 гис,,admin,booked
crm-000953,2026-07-30 18:05:14,+7 (930) 587-99-98,2ГИС,,admin,booked
crm-000532,2026-07-30 18:32:41,7-993-434-19-71,Сайт: форма,mk-000440,integration,lost
crm-002799,2026-07-30 18:32:58,9724005265,таргет вк,,admin,lost
crm-002278,2026-07-30 18:36:07,89694342798,Виджет записи,bk-000432,integration,visited
crm-000596,2026-07-30 18:47:02,+79991389569,Я.Карты,,admin,visited
crm-003265,2026-07-30 18:49:29,89960816670,Сайт: форма,mk-002733,integration,booked
crm-002554,2026-07-30 19:00:06,+79134536028,Сайт: форма,mk-002136,integration,lost
crm-000951,2026-07-30 19:14:23,89076394026,Сайт: форма,mk-000789,integration,lost
crm-000952,2026-07-30 19:17:44,+79076394026,Сайт: форма,mk-000790,integration,new
crm-001810,2026-07-30 19:32:59,89500509407,знакомые,,admin,lost
crm-000249,2026-07-30 20:04:54,8(912)3169651,Сайт: форма,mk-000225,integration,lost
crm-001675,2026-07-30 20:05:31,+79023190828,Виджет записи,bk-000314,integration,visited
crm-003065,2026-07-30 20:09:02,+7 (983) 488-20-32,Сайт: форма,mk-002558,integration,lost
crm-001005,2026-07-30 20:52:53,89578475656,Виджет записи,bk-000193,integration,in_work
crm-000331,2026-07-30 20:55:03,9023034594,Виджет записи,bk-000051,integration,lost
crm-002004,2026-07-30 21:01:52,8(990)5088238,Сайт: форма,mk-001697,integration,in_work
crm-003282,2026-07-30 21:03:46,+79783764322,Сайт: форма,mk-002746,integration,booked
crm-002005,2026-07-30 21:07:38,7-990-508-82-38,Сайт: форма,mk-001698,integration,new
crm-002458,2026-07-30 21:09:59,7-982-553-87-19,Сайт: форма,mk-002054,integration,booked
crm-002006,2026-07-30 21:11:12,8 990 508 82 38,Сайт: форма,mk-001699,integration,new
crm-001536,2026-07-30 21:32:33,7-963-396-78-11,нашли в интернете,,admin,lost
crm-001950,2026-07-30 21:35:13,89176699289,Сайт: форма,mk-001651,integration,lost
crm-003116,2026-07-30 21:53:34,7-974-407-17-13,Сайт: форма,mk-002602,integration,lost
crm-003776,2026-07-30 21:54:52,+7 (918) 478-56-41,Виджет записи,bk-000735,integration,lost
crm-002137,2026-07-30 21:58:29,8(925)7467546,Сайт: форма,mk-001818,integration,booked
crm-003805,2026-07-30 22:00:47,+7 (987) 261-37-39,Виджет записи,bk-000742,integration,visited
crm-002161,2026-07-30 22:29:06,8 944 385 39 96,Виджет записи,bk-000410,integration,in_work
crm-001576,2026-07-30 22:32:51,7-930-218-04-07,Виджет записи,bk-000298,integration,visited
crm-001577,2026-07-30 22:33:37,9302180407,Виджет записи,bk-000298,integration,new
crm-002752,2026-07-30 23:02:48,+79061372956,Сайт: форма,mk-002299,integration,lost
crm-002329,2026-07-30 23:05:23,89229636523,Сайт: форма,mk-001961,integration,in_work
crm-002330,2026-07-30 23:06:44,+79229636523,Сайт: форма,mk-001962,integration,new
crm-003752,2026-07-31 00:19:54,8 976 573 75 68,Сайт: форма,mk-003151,integration,visited
crm-000703,2026-07-31 01:39:57,7-938-570-32-54,Сайт: форма,mk-000581,integration,booked
crm-000215,2026-07-31 03:31:43,9122487163,Сайт: форма,mk-000193,integration,in_work
crm-003407,2026-07-31 04:40:15,9080221053,Сайт: форма,mk-002852,integration,in_work
crm-001078,2026-07-31 05:51:52,+7 (972) 385-76-38,Сайт: форма,mk-000889,integration,lost
crm-003041,2026-07-31 06:17:14,9171080711,Виджет записи,bk-000587,integration,lost
crm-002255,2026-07-31 06:29:57,+79372305680,Сайт: форма,mk-001908,integration,visited
crm-001936,2026-07-31 09:33:17,8(984)9094312,карты,,admin,visited
crm-001330,2026-07-31 09:34:12,+79443950705,Виджет записи,bk-000248,integration,lost
crm-000483,2026-07-31 09:34:27,7-926-236-63-62,Виджет записи,bk-000084,integration,lost
crm-000940,2026-07-31 09:58:30,+79120852324,2 гис,,admin,visited
crm-000290,2026-07-31 10:08:08,9319281054,Виджет записи,bk-000038,integration,visited
crm-000237,2026-07-31 10:16:11,8(991)2809201,контекст,,admin,in_work
crm-002993,2026-07-31 10:19:00,+79564652972,повторный пациент,,admin,visited
crm-002650,2026-07-31 10:27:57,+7 (936) 482-16-96,Сайт: форма,mk-002220,integration,lost
crm-000757,2026-07-31 10:39:23,+79597052298,2 гис,,admin,in_work
crm-002514,2026-07-31 11:06:22,+7 (933) 409-96-95,вконтакте,,admin,new
crm-002589,2026-07-31 11:07:35,8 908 957 38 07,Сайт: форма,mk-002165,integration,in_work
crm-003300,2026-07-31 11:10:48,+79530889226,Сайт: форма,mk-002762,integration,in_work
crm-001540,2026-07-31 11:20:56,7-923-951-32-87,Виджет записи,bk-000288,integration,in_work
crm-001520,2026-07-31 12:00:44,89799958219,сайт,,admin,lost
crm-003481,2026-07-31 12:07:03,8 984 894 99 99,реклама в яндексе,,admin,lost
crm-001022,2026-07-31 12:08:44,9013020474,друзья,,admin,in_work
crm-000271,2026-07-31 12:10:00,7-921-610-44-78,Сайт: форма,mk-000244,integration,visited
crm-000780,2026-07-31 12:34:56,8 904 719 34 08,Сайт: форма,mk-000642,integration,visited
crm-000359,2026-07-31 12:37:39,+79911637892,карты,,admin,lost
crm-003813,2026-07-31 12:45:49,+7 (926) 374-96-90,,,admin,in_work
crm-002364,2026-07-31 12:51:07,89852094227,Сайт: форма,mk-001984,integration,visited
crm-000577,2026-07-31 12:57:18,7-906-105-70-72,Сайт: форма,mk-000475,integration,in_work
crm-002133,2026-07-31 13:11:30,7-950-561-03-84,Яндекс,,admin,lost
crm-000078,2026-07-31 14:00:28,9115009023,нашли в интернете,,admin,lost
crm-000054,2026-07-31 14:04:04,89696424779,гугл,,admin,lost
crm-002178,2026-07-31 14:13:37,8(952)0104204,карты,,admin,lost
crm-002588,2026-07-31 14:17:03,9829073253,пришёл сам,,admin,booked
crm-001855,2026-07-31 14:19:38,8(938)6237167,реклама в яндексе,,admin,booked
crm-000014,2026-07-31 14:23:43,9978977552,Сайт: форма,mk-000014,integration,lost
crm-000711,2026-07-31 14:45:15,9021940691,2 гис,,admin,in_work
crm-003803,2026-07-31 14:54:22,+79365559661,яндекс директ,,admin,lost
crm-002610,2026-07-31 15:05:50,8(985)8712225,не помню,,admin,in_work
crm-002175,2026-07-31 15:07:56,+79062205772,карты,,admin,in_work
crm-002594,2026-07-31 15:21:42,8 987 135 19 00,Сайт: форма,mk-002170,integration,visited
crm-003270,2026-07-31 15:25:06,9397685105,2гис,,admin,visited
crm-003276,2026-07-31 15:34:31,8 985 614 30 31,Сайт: форма,mk-002740,integration,lost
crm-002371,2026-07-31 15:42:04,89886612987,по рекомендации,,admin,lost
crm-001387,2026-07-31 15:46:22,8 955 654 06 24,реклама в яндексе,,admin,visited
crm-001922,2026-07-31 15:46:50,+7 (985) 063-46-03,друзья,,admin,lost
crm-003650,2026-07-31 16:12:25,7-949-783-03-13,реклама вк,,admin,lost
crm-002891,2026-07-31 16:17:26,8 908 547 20 33,друзья,,admin,visited
crm-002334,2026-07-31 16:27:22,8 998 441 38 30,Виджет записи,bk-000448,integration,lost
crm-001940,2026-07-31 16:42:04,8(946)7061737,по рекомендации,,admin,booked
crm-002252,2026-07-31 16:57:10,7-956-630-89-09,Сайт: форма,mk-001905,integration,in_work
crm-003494,2026-07-31 17:07:04,+7 (901) 190-63-40,Сайт: форма,mk-002932,integration,visited
crm-001409,2026-07-31 17:17:27,89112933715,карты,,admin,lost
crm-001715,2026-07-31 17:19:02,9833329562,пришёл сам,,admin,booked
crm-001028,2026-07-31 17:21:09,7-901-117-52-59,поиск,,admin,visited
crm-000288,2026-07-31 18:02:29,8(912)6936927,Сайт: форма,mk-000256,integration,booked
crm-003291,2026-07-31 18:03:31,+79183083138,Сайт: форма,mk-002753,integration,booked
crm-000708,2026-07-31 18:12:53,+7 (951) 607-53-60,вывеска,,admin,booked
crm-001284,2026-07-31 18:17:24,8(993)2838042,дубльгис,,admin,in_work
crm-001623,2026-07-31 18:21:40,89269697458,Сайт: форма,mk-001366,integration,in_work
crm-003455,2026-07-31 18:28:21,+7 (947) 379-88-23,реклама в яндексе,,admin,booked
crm-002263,2026-07-31 18:33:18,89337149692,друзья,,admin,visited
crm-002507,2026-07-31 18:35:49,+7 (961) 704-09-46,,,admin,lost
crm-001655,2026-07-31 18:36:40,89951551902,таргет вк,,admin,lost
crm-002896,2026-07-31 18:42:27,9801721069,реклама вк,,admin,visited
crm-001132,2026-07-31 18:43:35,9784537927,Виджет записи,bk-000215,integration,new
crm-003066,2026-07-31 18:49:36,+7 (927) 793-15-45,Виджет записи,bk-000592,integration,lost
crm-000792,2026-07-31 19:00:01,9820293912,Виджет записи,bk-000143,integration,new
crm-000491,2026-07-31 19:02:51,89466326189,Виджет записи,bk-000085,integration,booked
crm-003163,2026-07-31 19:03:10,8(913)7439300,другое,,admin,lost
crm-000543,2026-07-31 19:07:38,9589574656,Сайт: форма,mk-000448,integration,lost
crm-000935,2026-07-31 19:07:50,8 916 245 49 53,Сайт: форма,mk-000773,integration,in_work
crm-001744,2026-07-31 19:11:56,9339894937,Виджет записи,bk-000328,integration,booked
crm-000963,2026-07-31 19:17:59,+7 (930) 613-08-89,вывеска,,admin,in_work
crm-002502,2026-07-31 19:34:09,+7 (994) 748-72-07,яндекс.карты,,admin,visited
crm-000913,2026-07-31 19:34:29,7-973-773-00-61,Сайт: форма,mk-000754,integration,lost
crm-000739,2026-07-31 19:58:33,+79669941500,Виджет записи,bk-000128,integration,in_work
crm-001338,2026-07-31 20:41:56,7-960-743-25-61,Виджет записи,bk-000250,integration,lost
crm-000623,2026-07-31 20:42:15,+79674017139,Сайт: форма,mk-000515,integration,booked
crm-001824,2026-07-31 20:53:52,8 920 050 99 59,Виджет записи,bk-000345,integration,lost
crm-002714,2026-07-31 20:58:45,8(941)5766571,Сайт: форма,mk-002271,integration,lost
crm-001311,2026-07-31 21:24:13,8(904)0976368,Виджет записи,bk-000245,integration,booked
crm-002489,2026-07-31 21:30:53,8 922 837 72 84,Сайт: форма,mk-002078,integration,visited
crm-002411,2026-07-31 21:33:21,8 923 224 93 25,Виджет записи,bk-000465,integration,lost
crm-002831,2026-07-31 21:37:10,7-967-652-13-80,Сайт: форма,mk-002366,integration,booked
crm-002832,2026-07-31 21:40:06,8 967 652 13 80,Сайт: форма,mk-002367,integration,new
crm-001532,2026-07-31 22:15:15,89849704821,Сайт: форма,mk-001288,integration,booked
crm-001604,2026-07-31 22:40:07,7-995-505-49-66,Сайт: форма,mk-001350,integration,booked
crm-001605,2026-07-31 22:43:52,+7 (995) 505-49-66,Сайт: форма,mk-001351,integration,new
crm-002474,2026-07-31 22:52:30,89172612881,Виджет записи,bk-000476,integration,in_work
crm-001643,2026-08-01 00:56:30,7-985-822-43-41,Виджет записи,bk-000310,integration,lost
crm-000609,2026-08-01 01:18:12,9887806869,Сайт: форма,mk-000503,integration,lost
crm-000211,2026-08-01 02:50:46,89781151038,Сайт: форма,mk-000189,integration,lost
crm-001552,2026-08-01 03:20:41,+7 (940) 238-29-49,Виджет записи,bk-000289,integration,lost
crm-001636,2026-08-01 03:53:43,7-917-871-70-06,Сайт: форма,mk-001383,integration,booked
crm-000256,2026-08-01 04:38:25,89109164596,Сайт: форма,mk-000231,integration,lost
crm-003810,2026-08-01 04:49:48,8(994)7899969,Сайт: форма,mk-003198,integration,booked
crm-002492,2026-08-01 05:13:51,8(924)6594554,Виджет записи,bk-000480,integration,visited
crm-001640,2026-08-01 07:05:03,+7 (910) 310-87-78,Сайт: форма,mk-001388,integration,visited
crm-001641,2026-08-01 07:05:26,+7 (910) 310-87-78,Сайт: форма,mk-001388,integration,new
crm-001203,2026-08-01 07:40:18,+79074472973,Сайт: форма,mk-001008,integration,lost
crm-001845,2026-08-01 08:21:30,+7 (907) 148-10-55,Сайт: форма,mk-001562,integration,in_work
crm-002134,2026-08-01 09:12:31,8(950)0845373,не помню,,admin,in_work
crm-001768,2026-08-01 09:13:57,89223503437,Виджет записи,bk-000335,integration,visited
crm-001741,2026-08-01 09:29:01,89727578212,Виджет записи,bk-000326,integration,lost
crm-001828,2026-08-01 09:29:05,8 924 589 17 11,Виджет записи,bk-000347,integration,in_work
crm-001364,2026-08-01 09:30:35,8 909 392 64 24,Сайт: форма,mk-001152,integration,booked
crm-003311,2026-08-01 09:35:57,8(901)2683486,Яндекс,,admin,in_work
crm-000778,2026-08-01 09:37:43,+7 (970) 685-00-75,реклама вк,,admin,visited
crm-003546,2026-08-01 09:56:46,8(915)5353477,Виджет записи,bk-000686,integration,visited
crm-003643,2026-08-01 09:56:53,8(958)0898996,Виджет записи,bk-000707,integration,in_work
crm-000685,2026-08-01 10:28:35,8(962)2778709,Сайт: форма,mk-000566,integration,lost
crm-003314,2026-08-01 10:42:42,+7 (990) 359-22-17,другое,,admin,lost
crm-001742,2026-08-01 10:47:04,9944894189,яндекс директ,,admin,booked
crm-000426,2026-08-01 10:49:32,7-911-309-32-69,вывеска,,admin,visited
crm-002223,2026-08-01 10:54:45,+79862661787,по рекомендации,,admin,visited
crm-002878,2026-08-01 11:03:56,8 977 276 25 06,ВК,,admin,visited
crm-003806,2026-08-01 11:07:46,+7 (987) 261-37-39,,,admin,new
crm-000037,2026-08-01 11:11:14,8(953)7351565,проходил мимо,,admin,visited
crm-003504,2026-08-01 11:11:36,9966391447,реклама,,admin,lost
crm-000151,2026-08-01 11:13:22,+7 (967) 293-40-87,с улицы,,admin,lost
crm-001046,2026-08-01 11:24:28,89941262001,вконтакте,,admin,in_work
crm-003493,2026-08-01 11:34:53,89551633300,сайт,,admin,booked
crm-000768,2026-08-01 12:08:08,89429016409,вконтакте,,admin,visited
crm-000787,2026-08-01 12:17:57,9609517745,дубльгис,,admin,visited
crm-000608,2026-08-01 12:20:02,89735414541,реклама в яндексе,,admin,lost
crm-002735,2026-08-01 12:27:00,89279932637,карты,,admin,in_work
crm-003269,2026-08-01 12:39:53,+79238362962,реклама,,admin,booked
crm-000777,2026-08-01 13:04:50,8 998 742 05 61,Сайт: форма,mk-000639,integration,lost
crm-000904,2026-08-01 13:09:04,7-904-794-80-33,гугл,,admin,visited
crm-001846,2026-08-01 13:18:25,+79044595827,с улицы,,admin,visited
crm-002052,2026-08-01 13:28:05,89505232399,контекст,,admin,booked
crm-000051,2026-08-01 13:35:57,8(949)0592583,Яндекс карты,,admin,lost
crm-000561,2026-08-01 13:41:57,8 988 458 53 80,Сайт: форма,mk-000465,integration,visited
crm-000562,2026-08-01 13:42:32,+79884585380,Сайт: форма,mk-000465,integration,new
crm-002011,2026-08-01 13:54:17,9680263910,Сайт: форма,mk-001702,integration,booked
crm-000323,2026-08-01 14:02:04,+7 (937) 147-30-18,2ГИС,,admin,booked
crm-003606,2026-08-01 14:04:24,+7 (930) 869-20-89,Сайт: форма,mk-003024,integration,lost
crm-002203,2026-08-01 14:05:18,9120010471,Виджет записи,bk-000418,integration,lost
crm-000161,2026-08-01 14:06:39,+79598133313,2гис,,admin,new
crm-000351,2026-08-01 14:07:15,7-909-193-74-63,Виджет записи,bk-000054,integration,booked
crm-000352,2026-08-01 14:07:42,+79091937463,Виджет записи,bk-000054,integration,new
crm-001344,2026-08-01 14:19:20,7-954-208-87-08,ЯД,,admin,visited
crm-003614,2026-08-01 14:20:20,89701518681,Сайт: форма,mk-003035,integration,in_work
crm-002704,2026-08-01 14:33:01,8 982 182 46 73,дубльгис,,admin,booked
crm-002519,2026-08-01 14:35:54,7-990-896-37-06,2 гис,,admin,in_work
crm-001668,2026-08-01 14:48:00,7-987-539-95-26,повторный пациент,,admin,visited
crm-001399,2026-08-01 15:05:15,8 981 726 54 77,Сайт: форма,mk-001174,integration,new
crm-003574,2026-08-01 15:10:16,89675673103,Виджет записи,bk-000693,integration,in_work
crm-002434,2026-08-01 15:36:38,8 961 581 58 08,Яндекс,,admin,in_work
crm-000651,2026-08-01 15:38:21,+7 (974) 980-28-92,Виджет записи,bk-000113,integration,lost
crm-000252,2026-08-01 15:42:19,+79769448419,другое,,admin,visited
crm-003519,2026-08-01 15:53:41,8(952)6938224,Сайт: форма,mk-002957,integration,in_work
crm-000383,2026-08-01 16:01:45,7-915-484-50-30,Сайт: форма,mk-000327,integration,lost
crm-000930,2026-08-01 16:04:54,9398735918,Виджет записи,bk-000174,integration,in_work
crm-001894,2026-08-01 16:10:24,7-908-076-09-06,,,admin,booked
crm-002228,2026-08-01 16:11:59,+7 (924) 625-82-21,карты,,admin,in_work
crm-001188,2026-08-01 16:13:50,89988261335,Сайт: форма,mk-000995,integration,lost
crm-000176,2026-08-01 16:21:55,9568709805,Яндекс,,admin,lost
crm-003158,2026-08-01 16:32:35,+7 (968) 089-37-36,Сайт: форма,mk-002633,integration,booked
crm-000437,2026-08-01 16:34:41,8 951 746 89 59,сарафан,,admin,lost
crm-001568,2026-08-01 16:44:11,+7 (941) 123-73-66,Сайт: форма,mk-001318,integration,lost
crm-002619,2026-08-01 16:44:42,8(970)4849511,Сайт: форма,mk-002195,integration,new
crm-000373,2026-08-01 16:44:45,8 954 078 99 90,Сайт: форма,mk-000318,integration,visited
crm-000374,2026-08-01 16:48:45,+79540789990,Сайт: форма,mk-000319,integration,new
crm-001537,2026-08-01 16:49:34,9633967811,Сайт: форма,mk-001291,integration,new
crm-002707,2026-08-01 16:58:07,+7 (947) 505-81-31,карты,,admin,lost
crm-003366,2026-08-01 17:00:22,8(959)5633879,2ГИС,,admin,visited
crm-002697,2026-08-01 17:01:18,+7 (992) 215-78-87,,,admin,lost
crm-003384,2026-08-01 17:03:04,7-964-195-59-59,по рекомендации,,admin,lost
crm-002002,2026-08-01 17:09:19,89583099617,контекст,,admin,lost
crm-002611,2026-08-01 17:28:31,89128912019,по рекомендации,,admin,booked
crm-000440,2026-08-01 17:33:58,+7 (955) 536-29-68,гугл,,admin,visited
crm-003159,2026-08-01 17:36:19,+79761692276,с улицы,,admin,booked
crm-001615,2026-08-01 17:49:21,+79810467032,нашли в интернете,,admin,booked
crm-000332,2026-08-01 18:05:20,8 970 567 90 36,не помню,,admin,booked
crm-003553,2026-08-01 18:08:21,+7 (932) 685-94-00,2гис,,admin,in_work
crm-002009,2026-08-01 18:24:11,+79603104413,,,admin,booked
crm-003552,2026-08-01 18:42:16,8 964 704 21 47,с улицы,,admin,visited
crm-000895,2026-08-01 19:00:28,+7 (937) 366-74-21,Яндекс,,admin,lost
crm-002781,2026-08-01 19:18:04,+79665753285,Сайт: форма,mk-002320,integration,lost
crm-000210,2026-08-01 19:22:44,+79158314203,Сайт: форма,mk-000188,integration,visited
crm-003789,2026-08-01 19:26:53,8 937 784 49 79,Сайт: форма,mk-003184,integration,booked
crm-002882,2026-08-01 19:42:23,+79292235937,Сайт: форма,mk-002402,integration,in_work
crm-003109,2026-08-01 19:49:16,8(980)3030915,Виджет записи,bk-000604,integration,visited
crm-001801,2026-08-01 20:06:14,7-929-806-87-03,Сайт: форма,mk-001525,integration,lost
crm-001780,2026-08-01 20:08:48,8 906 541 74 76,Виджет записи,bk-000337,integration,lost
crm-001388,2026-08-01 20:13:58,9507045722,Сайт: форма,mk-001165,integration,booked
crm-003271,2026-08-01 20:14:02,+7 (950) 954-79-39,Виджет записи,bk-000635,integration,booked
crm-002366,2026-08-01 20:15:10,89345464988,Сайт: форма,mk-001985,integration,in_work
crm-002367,2026-08-01 20:19:00,+7 (934) 546-49-88,Сайт: форма,mk-001986,integration,new
crm-002512,2026-08-01 20:20:06,89095645652,Виджет записи,bk-000484,integration,booked
crm-003595,2026-08-01 20:24:59,89732637473,Сайт: форма,mk-003015,integration,in_work
crm-001495,2026-08-01 20:33:32,+7 (925) 815-60-00,Сайт: форма,mk-001251,integration,lost
crm-001179,2026-08-01 20:43:13,+7 (974) 527-73-84,Сайт: форма,mk-000985,integration,visited
crm-001180,2026-08-01 20:43:35,89745277384,Сайт: форма,mk-000985,integration,new
crm-001181,2026-08-01 20:45:00,8 974 527 73 84,Сайт: форма,mk-000986,integration,new
crm-002571,2026-08-01 21:02:33,9798141758,Сайт: форма,mk-002152,integration,booked
crm-002572,2026-08-01 21:07:15,9798141758,Сайт: форма,mk-002153,integration,new
crm-000582,2026-08-01 21:21:13,7-900-059-36-46,Сайт: форма,mk-000479,integration,in_work
crm-002345,2026-08-01 21:24:20,+7 (916) 328-43-06,Сайт: форма,mk-001971,integration,booked
crm-002147,2026-08-01 21:44:10,89908597449,Сайт: форма,mk-001828,integration,lost
crm-002148,2026-08-01 21:50:06,9908597449,Сайт: форма,mk-001829,integration,new
crm-001419,2026-08-01 21:58:04,7-916-833-09-15,Сайт: форма,mk-001187,integration,lost
crm-002344,2026-08-01 22:14:56,89829303184,Сайт: форма,mk-001970,integration,lost
crm-001426,2026-08-01 22:15:57,9714130532,Сайт: форма,mk-001193,integration,in_work
crm-001427,2026-08-01 22:21:51,8(971)4130532,Сайт: форма,mk-001194,integration,new
crm-001896,2026-08-01 22:26:57,89129489981,Сайт: форма,mk-001606,integration,visited
crm-001897,2026-08-01 22:32:43,+79129489981,Сайт: форма,mk-001607,integration,new
crm-002780,2026-08-01 22:34:57,+79484943090,Виджет записи,bk-000538,integration,visited
crm-001898,2026-08-01 22:36:41,9129489981,Сайт: форма,mk-001608,integration,new
crm-001899,2026-08-01 22:37:42,89129489981,Сайт: форма,mk-001608,integration,new
crm-000617,2026-08-02 00:10:41,9615471796,Сайт: форма,mk-000510,integration,in_work
crm-000084,2026-08-02 00:25:10,7-918-517-01-59,Сайт: форма,mk-000081,integration,booked
crm-000085,2026-08-02 00:28:16,8 918 517 01 59,Сайт: форма,mk-000082,integration,new
crm-002416,2026-08-02 01:22:07,89399252196,Сайт: форма,mk-002024,integration,booked
crm-002417,2026-08-02 01:23:17,89399252196,Сайт: форма,mk-002024,integration,new
crm-002418,2026-08-02 01:24:18,8(939)9252196,Сайт: форма,mk-002025,integration,new
crm-002477,2026-08-02 01:34:27,9283937590,Сайт: форма,mk-002070,integration,lost
crm-002478,2026-08-02 01:35:46,8 928 393 75 90,Сайт: форма,mk-002070,integration,new
crm-002055,2026-08-02 01:40:47,89835760349,Сайт: форма,mk-001746,integration,lost
crm-002404,2026-08-02 03:48:13,89910365302,Сайт: форма,mk-002017,integration,lost
crm-002405,2026-08-02 03:48:45,8(991)0365302,Сайт: форма,mk-002017,integration,new
crm-003175,2026-08-02 04:30:07,89834717313,Сайт: форма,mk-002650,integration,in_work
crm-003176,2026-08-02 04:31:07,8 983 471 73 13,Сайт: форма,mk-002650,integration,new
crm-003430,2026-08-02 06:33:25,+79653595258,Сайт: форма,mk-002872,integration,lost
crm-000833,2026-08-02 08:11:29,7-982-127-71-97,Сайт: форма,mk-000684,integration,booked
crm-001175,2026-08-02 08:33:11,8 954 534 53 07,Сайт: форма,mk-000981,integration,booked
crm-001176,2026-08-02 08:34:09,8(954)5345307,Сайт: форма,mk-000981,integration,new
crm-002445,2026-08-02 09:24:46,7-956-607-83-37,Виджет записи,bk-000471,integration,visited
crm-002207,2026-08-02 09:51:34,8(950)9425156,Сайт: форма,mk-001871,integration,lost
crm-000999,2026-08-02 10:14:40,+79905550731,Виджет записи,bk-000192,integration,in_work
crm-001204,2026-08-02 10:25:35,9158562534,с улицы,,admin,in_work
crm-000831,2026-08-02 10:27:18,8 977 437 92 30,Виджет записи,bk-000152,integration,new
crm-003683,2026-08-02 10:40:10,7-959-734-60-17,Виджет записи,bk-000714,integration,new
crm-001228,2026-08-02 10:44:15,8(900)3563662,,,admin,in_work
crm-002829,2026-08-02 10:53:02,89757625809,Сайт: форма,mk-002364,integration,visited
crm-000250,2026-08-02 11:05:51,+7 (912) 316-96-51,2ГИС,,admin,new
crm-001480,2026-08-02 11:13:23,+79196859063,повторный пациент,,admin,visited
crm-002620,2026-08-02 11:24:02,8 993 679 19 78,контекст,,admin,lost
crm-002258,2026-08-02 11:39:33,8(930)6027991,поиск,,admin,lost
crm-002869,2026-08-02 12:07:01,+79368985108,сайт,,admin,lost
crm-003164,2026-08-02 12:07:24,89703320480,сайт,,admin,visited
crm-002930,2026-08-02 12:08:23,+79078038691,ЯД,,admin,booked
crm-003137,2026-08-02 12:09:31,8(998)2005715,Я.Карты,,admin,visited
crm-001489,2026-08-02 12:13:08,89457795401,реклама,,admin,lost
crm-001020,2026-08-02 12:14:18,8 959 253 23 31,,,admin,lost
crm-002886,2026-08-02 12:15:00,8 971 890 83 88,2ГИС,,admin,in_work
crm-003527,2026-08-02 12:16:09,8 931 772 56 34,2 гис,,admin,in_work
crm-002136,2026-08-02 12:21:03,+79114003779,гугл,,admin,new
crm-000796,2026-08-02 12:29:20,7-955-851-66-77,Виджет записи,bk-000145,integration,visited
crm-002125,2026-08-02 12:32:06,9365615715,Виджет записи,bk-000403,integration,visited
crm-001278,2026-08-02 12:41:43,8 947 223 55 26,,,admin,in_work
crm-000652,2026-08-02 12:47:18,8 974 980 28 92,VK,,admin,new
crm-001546,2026-08-02 13:04:29,9770272171,Я.Директ,,admin,booked
crm-001591,2026-08-02 13:20:47,+79103644808,Сайт: форма,mk-001341,integration,visited
crm-002926,2026-08-02 13:22:05,8(986)8771840,пришёл сам,,admin,visited
crm-003321,2026-08-02 13:24:20,+7 (966) 783-03-09,Сайт: форма,mk-002781,integration,booked
crm-001721,2026-08-02 13:50:08,8(938)2258540,Сайт: форма,mk-001460,integration,lost
crm-001376,2026-08-02 14:03:49,8 951 517 57 42,Виджет записи,bk-000259,integration,lost
crm-001377,2026-08-02 14:04:35,+7 (951) 517-57-42,Виджет записи,bk-000259,integration,new
crm-000489,2026-08-02 14:07:56,+7 (988) 048-85-67,Сайт: форма,mk-000405,integration,in_work
crm-001964,2026-08-02 14:09:36,89124559632,Я.Карты,,admin,lost
crm-002560,2026-08-02 14:22:37,8 996 643 74 15,Сайт: форма,mk-002141,integration,lost
crm-003047,2026-08-02 14:35:44,9647096435,вывеска,,admin,visited
crm-002642,2026-08-02 14:37:16,+7 (923) 762-75-22,Виджет записи,bk-000504,integration,booked
crm-000384,2026-08-02 14:45:16,8 902 977 27 69,таргет вк,,admin,lost
crm-000977,2026-08-02 14:56:27,7-911-174-77-11,Сайт: форма,mk-000809,integration,lost
crm-001354,2026-08-02 14:58:45,7-978-439-32-83,карты,,admin,visited
crm-001433,2026-08-02 15:04:37,9202332183,Сайт: форма,mk-001199,integration,booked
crm-003477,2026-08-02 15:04:56,8 952 946 09 58,реклама вк,,admin,lost
crm-001041,2026-08-02 15:08:05,+79728507766,другое,,admin,booked
crm-002967,2026-08-02 15:12:37,+7 (910) 749-56-81,Сайт: форма,mk-002478,integration,in_work
crm-000002,2026-08-02 15:32:56,+79690170988,нашли в интернете,,admin,visited
crm-002237,2026-08-02 15:35:50,89259005940,Сайт: форма,mk-001895,integration,lost
crm-001526,2026-08-02 15:44:31,7-916-565-91-97,Сайт: форма,mk-001282,integration,lost
crm-002230,2026-08-02 15:44:54,7-922-670-95-25,карты,,admin,lost
crm-001527,2026-08-02 15:53:46,7-901-596-05-75,повторный пациент,,admin,visited
crm-002510,2026-08-02 15:54:42,9076931543,Сайт: форма,mk-002095,integration,booked
crm-002482,2026-08-02 15:59:59,+79915897399,друзья,,admin,booked
crm-002868,2026-08-02 16:02:23,7-952-181-72-64,пришёл сам,,admin,visited
crm-000936,2026-08-02 16:14:49,8 916 245 49 53,поиск,,admin,new
crm-001672,2026-08-02 16:20:47,+79988877611,сарафан,,admin,booked
crm-000848,2026-08-02 16:22:16,9215916676,яндекс.карты,,admin,in_work
crm-001790,2026-08-02 16:23:17,8 917 641 19 05,Сайт: форма,mk-001517,integration,in_work
crm-001791,2026-08-02 16:24:24,+7 (917) 641-19-05,Сайт: форма,mk-001518,integration,new
crm-000013,2026-08-02 16:25:15,89121715089,нашли в интернете,,admin,in_work
crm-002994,2026-08-02 16:44:23,9321313617,реклама вк,,admin,booked
crm-003488,2026-08-02 16:51:18,+7 (903) 913-76-96,проходил мимо,,admin,visited
crm-000045,2026-08-02 16:58:13,8 975 384 35 14,Сайт: форма,mk-000042,integration,visited
crm-002667,2026-08-02 17:04:19,8(998)8261513,не помню,,admin,lost
crm-000029,2026-08-02 17:25:46,7-941-813-69-20,знакомые,,admin,in_work
crm-002243,2026-08-02 17:29:03,8 982 022 28 87,пришёл сам,,admin,lost
crm-003110,2026-08-02 17:30:02,8 920 567 10 11,яндекс директ,,admin,lost
crm-002236,2026-08-02 17:38:44,89971660362,другое,,admin,in_work
crm-000558,2026-08-02 17:57:35,9842281658,яндекс.карты,,admin,visited
crm-002048,2026-08-02 18:01:30,7-994-993-51-27,сарафан,,admin,visited
crm-001297,2026-08-02 18:15:20,8(969)6048270,Виджет записи,bk-000244,integration,lost
crm-002636,2026-08-02 18:17:25,8(953)8906077,вконтакте,,admin,in_work
crm-000023,2026-08-02 18:31:30,8 970 312 73 81,дубльгис,,admin,visited
crm-002289,2026-08-02 18:33:10,8 935 973 11 23,Виджет записи,bk-000435,integration,booked
crm-000212,2026-08-02 18:40:39,89021126698,2ГИС,,admin,lost
crm-000627,2026-08-02 18:52:45,9501751375,яндекс.карты,,admin,visited
crm-002599,2026-08-02 19:02:58,7-987-565-87-29,Виджет записи,bk-000498,integration,visited
crm-001724,2026-08-02 19:12:34,9752003865,2 гис,,admin,booked
crm-000589,2026-08-02 19:22:01,9044574653,Сайт: форма,mk-000483,integration,booked
crm-000918,2026-08-02 19:24:29,7-968-250-41-34,Сайт: форма,mk-000758,integration,lost
crm-002496,2026-08-02 19:27:42,8 906 427 45 95,Сайт: форма,mk-002082,integration,in_work
crm-001827,2026-08-02 19:28:28,9758462665,пришёл сам,,admin,visited
crm-002164,2026-08-02 19:32:41,+7 (958) 634-33-74,Сайт: форма,mk-001839,integration,lost
crm-002165,2026-08-02 19:34:28,89586343374,Сайт: форма,mk-001840,integration,new
crm-003762,2026-08-02 19:39:51,9500125952,Виджет записи,bk-000731,integration,in_work
crm-000982,2026-08-02 19:44:18,+7 (912) 695-50-99,Виджет записи,bk-000186,integration,lost
crm-002273,2026-08-02 20:02:39,8 974 704 64 21,Сайт: форма,mk-001925,integration,in_work
crm-003687,2026-08-02 20:11:03,+79123323421,Виджет записи,bk-000715,integration,lost
crm-001040,2026-08-02 20:23:59,9200052186,Сайт: форма,mk-000856,integration,lost
crm-000050,2026-08-02 20:43:32,8(925)7114273,Сайт: форма,mk-000046,integration,booked
crm-000836,2026-08-02 20:51:19,+79566089186,Сайт: форма,mk-000687,integration,visited
crm-003668,2026-08-02 20:51:43,9926145942,Сайт: форма,mk-003086,integration,visited
crm-000837,2026-08-02 20:55:58,8 956 608 91 86,Сайт: форма,mk-000688,integration,new
crm-001194,2026-08-02 21:02:53,8(988)8946443,Виджет записи,bk-000227,integration,visited
crm-001639,2026-08-02 21:10:44,+79636764242,Яндекс карты,,admin,visited
crm-001522,2026-08-02 21:28:37,9190621058,Сайт: форма,mk-001279,integration,lost
crm-003652,2026-08-02 21:30:45,89349817519,Виджет записи,bk-000710,integration,lost
crm-001151,2026-08-02 21:50:39,+7 (921) 222-66-54,Виджет записи,bk-000218,integration,lost
crm-003816,2026-08-02 21:56:54,8 908 662 01 88,Сайт: форма,mk-003203,integration,booked
crm-001980,2026-08-02 22:13:11,8 902 237 16 03,Сайт: форма,mk-001679,integration,visited
crm-000835,2026-08-02 22:31:31,89353833050,Сайт: форма,mk-000686,integration,visited
crm-001779,2026-08-02 22:36:24,8(945)0196947,Сайт: форма,mk-001507,integration,in_work
crm-001130,2026-08-02 22:48:01,9162285585,Виджет записи,bk-000214,integration,lost
crm-000878,2026-08-02 23:11:08,9629771107,Виджет записи,bk-000160,integration,lost
crm-003070,2026-08-02 23:16:32,8(977)0969290,Сайт: форма,mk-002563,integration,in_work
crm-000047,2026-08-03 01:18:00,7-956-620-76-78,Виджет записи,bk-000007,integration,lost
crm-000612,2026-08-03 01:22:55,+7 (952) 612-81-35,Сайт: форма,mk-000506,integration,booked
crm-000055,2026-08-03 01:33:17,+79195858932,Виджет записи,bk-000009,integration,in_work
crm-000266,2026-08-03 02:00:50,9537853188,Сайт: форма,mk-000240,integration,visited
crm-000204,2026-08-03 02:03:51,9104370721,Сайт: форма,mk-000183,integration,visited
crm-000205,2026-08-03 02:04:20,7-910-437-07-21,Сайт: форма,mk-000183,integration,new
crm-000567,2026-08-03 03:01:53,89822872632,Сайт: форма,mk-000469,integration,visited
crm-000571,2026-08-03 04:00:30,+79089466116,Сайт: форма,mk-000471,integration,in_work
crm-000572,2026-08-03 04:01:59,+79089466116,Сайт: форма,mk-000472,integration,new
crm-000573,2026-08-03 04:04:51,+79089466116,Сайт: форма,mk-000473,integration,new
crm-003512,2026-08-03 05:30:11,89460504775,Виджет записи,bk-000680,integration,lost
crm-003474,2026-08-03 05:51:19,+7 (921) 375-85-27,Сайт: форма,mk-002911,integration,lost
crm-003475,2026-08-03 05:54:37,8(921)3758527,Сайт: форма,mk-002912,integration,new
crm-001621,2026-08-03 06:12:39,8(961)0354862,Виджет записи,bk-000308,integration,lost
crm-002497,2026-08-03 07:05:36,7-969-241-43-36,Виджет записи,bk-000482,integration,in_work
crm-000206,2026-08-03 07:37:34,+7 (980) 916-70-54,Сайт: форма,mk-000184,integration,in_work
crm-000281,2026-08-03 07:55:31,+79050544365,Виджет записи,bk-000036,integration,lost
crm-000265,2026-08-03 09:19:07,89802541207,Виджет записи,bk-000032,integration,visited
crm-000748,2026-08-03 09:59:21,+7 (997) 144-03-19,Виджет записи,bk-000134,integration,booked
crm-000490,2026-08-03 10:10:55,+79880488567,контекст,,admin,new
crm-002825,2026-08-03 10:15:20,8 934 972 62 21,другое,,admin,visited
crm-003006,2026-08-03 10:24:12,89685920923,реклама в яндексе,,admin,lost
crm-001631,2026-08-03 10:33:35,8(905)7603428,дубльгис,,admin,booked
crm-002688,2026-08-03 10:34:57,+79243759047,гугл,,admin,booked
crm-002872,2026-08-03 10:45:19,9829691047,Я.Директ,,admin,lost
crm-002498,2026-08-03 10:52:01,8(973)5716683,реклама в яндексе,,admin,lost
crm-001079,2026-08-03 11:00:31,8(903)7810717,Виджет записи,bk-000208,integration,visited
crm-002455,2026-08-03 11:10:21,+79789628760,Виджет записи,bk-000472,integration,in_work
crm-002953,2026-08-03 11:16:42,7-992-601-26-86,Я.Карты,,admin,visited
crm-002018,2026-08-03 11:21:47,7-987-331-08-46,,,admin,visited
crm-001763,2026-08-03 11:31:04,+7 (970) 299-63-73,Виджет записи,bk-000334,integration,in_work
crm-003631,2026-08-03 11:44:22,9967107093,Сайт: форма,mk-003051,integration,lost
crm-000496,2026-08-03 11:45:03,+7 (934) 166-86-90,реклама вк,,admin,lost
crm-001499,2026-08-03 12:09:33,9401970654,Виджет записи,bk-000281,integration,booked
crm-002609,2026-08-03 12:18:28,7-942-203-95-25,поиск,,admin,new
crm-001880,2026-08-03 12:28:32,89348523524,карты,,admin,visited
crm-002449,2026-08-03 12:33:04,8 926 193 20 76,вконтакте,,admin,in_work
crm-000563,2026-08-03 12:49:56,7-988-458-53-80,Я.Директ,,admin,new
crm-003187,2026-08-03 12:50:51,+79365516624,Сайт: форма,mk-002661,integration,in_work
crm-003128,2026-08-03 13:38:28,9580262878,вконтакте,,admin,lost
crm-001299,2026-08-03 13:39:04,8 936 178 54 17,Сайт: форма,mk-001088,integration,booked
crm-001570,2026-08-03 13:44:38,8(933)6267855,Виджет записи,bk-000293,integration,in_work
crm-001997,2026-08-03 14:05:29,8 992 873 54 69,Виджет записи,bk-000380,integration,new
crm-003501,2026-08-03 14:10:30,+79671588028,Виджет записи,bk-000676,integration,visited
crm-001402,2026-08-03 14:13:56,7-907-421-40-93,2 гис,,admin,lost
crm-000136,2026-08-03 14:17:02,8 980 453 69 62,Сайт: форма,mk-000127,integration,lost
crm-003827,2026-08-03 14:28:02,89990000000,Сайт: форма,mk-003217,integration,new
crm-000487,2026-08-03 14:38:44,89177554357,Сайт: форма,mk-000403,integration,booked
crm-003657,2026-08-03 14:46:21,+79461878075,Яндекс карты,,admin,lost
crm-000012,2026-08-03 14:51:53,89822361179,2гис,,admin,lost
crm-001352,2026-08-03 14:52:37,8(937)5182350,знакомые,,admin,lost
crm-003367,2026-08-03 14:53:24,+7 (959) 563-38-79,Виджет записи,bk-000651,integration,new
crm-003661,2026-08-03 15:00:27,+7 (907) 004-47-50,сайт,,admin,booked
crm-000923,2026-08-03 15:17:58,7-918-592-86-18,Яндекс карты,,admin,visited
crm-003315,2026-08-03 15:18:53,8(951)5419503,не помню,,admin,lost
crm-000610,2026-08-03 15:22:11,+79887806869,другое,,admin,new
crm-000765,2026-08-03 15:25:46,8 924 419 74 23,реклама,,admin,lost
crm-001031,2026-08-03 15:38:44,+79136781254,Виджет записи,bk-000199,integration,new
crm-001032,2026-08-03 15:39:47,9136781254,Виджет записи,bk-000199,integration,new
crm-003841,2026-08-03 15:40:02,+7 (900) 000-00-00,Сайт: форма,mk-003231,integration,new
crm-003353,2026-08-03 15:45:36,89551278250,реклама в яндексе,,admin,lost
crm-002695,2026-08-03 15:58:56,+7 (946) 475-06-32,вывеска,,admin,in_work
crm-000530,2026-08-03 16:07:56,+7 (901) 289-11-45,Сайт: форма,mk-000438,integration,lost
crm-000531,2026-08-03 16:10:28,89012891145,Сайт: форма,mk-000439,integration,new
crm-003347,2026-08-03 16:11:49,89947324601,Сайт: форма,mk-002804,integration,in_work
crm-003058,2026-08-03 16:18:38,9960218861,карты,,admin,lost
crm-002932,2026-08-03 16:18:41,8 908 279 45 19,Яндекс карты,,admin,lost
crm-000914,2026-08-03 16:24:58,8 918 798 40 70,Яндекс,,admin,booked
crm-002822,2026-08-03 16:32:00,8(900)9925303,Виджет записи,bk-000548,integration,lost
crm-003837,2026-08-03 16:42:02,8(999)0000001,Сайт: форма,mk-003227,integration,new
crm-003839,2026-08-03 16:53:02,7-900-000-00-00,Сайт: форма,mk-003229,integration,new
crm-000315,2026-08-03 16:54:31,89078221222,Виджет записи,bk-000047,integration,lost
crm-003195,2026-08-03 16:56:57,+79816409416,друзья,,admin,visited
crm-000897,2026-08-03 17:00:23,+79603662552,реклама,,admin,in_work
crm-002937,2026-08-03 17:04:04,7-940-652-71-28,Сайт: форма,mk-002451,integration,visited
crm-001115,2026-08-03 17:11:29,7-973-815-89-61,по рекомендации,,admin,booked
crm-001849,2026-08-03 17:15:24,9845028697,с улицы,,admin,in_work
crm-001719,2026-08-03 17:25:00,9201768824,Виджет записи,bk-000322,integration,visited
crm-000665,2026-08-03 17:32:58,+79085299300,Сайт: форма,mk-000549,integration,visited
crm-003085,2026-08-03 17:49:14,+79884868984,Сайт: форма,mk-002573,integration,in_work
crm-002007,2026-08-03 18:05:49,8(983)1514272,Виджет записи,bk-000383,integration,in_work
crm-001512,2026-08-03 18:06:31,+79686334495,Сайт: форма,mk-001267,integration,lost
crm-003638,2026-08-03 18:29:10,8 952 671 95 59,Сайт: форма,mk-003058,integration,visited
crm-002551,2026-08-03 18:32:43,+7 (970) 714-25-40,Сайт: форма,mk-002133,integration,booked
crm-003435,2026-08-03 18:34:13,9059158993,нашли в интернете,,admin,visited
crm-001017,2026-08-03 18:44:47,89979120656,вывеска,,admin,visited
crm-000404,2026-08-03 18:49:09,89025180832,2гис,,admin,visited
crm-003429,2026-08-03 19:01:20,7-986-760-02-64,Сайт: форма,mk-002871,integration,in_work
crm-000801,2026-08-03 19:04:56,8 955 446 91 79,Сайт: форма,mk-000659,integration,booked
crm-003417,2026-08-03 19:05:55,+7 (990) 724-72-93,повторный пациент,,admin,visited
crm-000745,2026-08-03 19:17:30,89111972206,Сайт: форма,mk-000615,integration,lost
crm-003080,2026-08-03 19:25:35,89672943152,Сайт: форма,mk-002569,integration,in_work
crm-001852,2026-08-03 19:47:50,89786503626,Сайт: форма,mk-001570,integration,lost
crm-000658,2026-08-03 19:54:00,+7 (914) 920-63-83,Виджет записи,bk-000116,integration,lost
crm-001560,2026-08-03 20:08:25,8(968)2232337,Сайт: форма,mk-001312,integration,lost
crm-000106,2026-08-03 20:09:44,8(953)0449293,Виджет записи,bk-000013,integration,in_work
crm-002863,2026-08-03 20:13:36,89912410161,Сайт: форма,mk-002389,integration,lost
crm-001714,2026-08-03 20:22:42,+79276012978,Сайт: форма,mk-001456,integration,lost
crm-003048,2026-08-03 20:36:08,8(993)5418459,Сайт: форма,mk-002541,integration,in_work
crm-000756,2026-08-03 20:54:22,+7 (918) 504-56-84,Сайт: форма,mk-000623,integration,booked
crm-000405,2026-08-03 20:55:22,89276349666,Виджет записи,bk-000066,integration,visited
crm-000845,2026-08-03 21:29:28,89785867472,Сайт: форма,mk-000697,integration,visited
crm-000264,2026-08-03 22:25:04,8(962)7384401,Сайт: форма,mk-000239,integration,lost
crm-003072,2026-08-03 22:29:21,8 933 333 58 10,Виджет записи,bk-000593,integration,in_work
crm-001416,2026-08-03 23:32:27,+7 (994) 782-38-17,Виджет записи,bk-000269,integration,in_work
crm-001417,2026-08-03 23:33:18,7-994-782-38-17,Виджет записи,bk-000269,integration,new
crm-003751,2026-08-03 23:38:14,89141194753,Виджет записи,bk-000729,integration,booked
crm-003166,2026-08-04 04:44:39,+7 (937) 612-64-62,Виджет записи,bk-000619,integration,booked
crm-003167,2026-08-04 04:45:31,8 937 612 64 62,Виджет записи,bk-000619,integration,new
crm-003605,2026-08-04 07:48:08,8(994)3008359,Сайт: форма,mk-003023,integration,visited
crm-000156,2026-08-04 08:10:39,89842920668,Виджет записи,bk-000018,integration,lost
crm-001347,2026-08-04 08:34:25,8 970 930 75 63,Сайт: форма,mk-001133,integration,in_work
crm-001348,2026-08-04 08:36:00,8 970 930 75 63,Сайт: форма,mk-001134,integration,new
crm-001349,2026-08-04 08:41:43,7-970-930-75-63,Сайт: форма,mk-001135,integration,new
crm-002976,2026-08-04 09:20:58,+7 (935) 072-71-92,Сайт: форма,mk-002486,integration,lost
crm-003801,2026-08-04 09:40:02,89467888745,яндекс.карты,,admin,lost
crm-000763,2026-08-04 10:06:29,8(935)9377993,знакомые,,admin,visited
crm-000666,2026-08-04 10:33:56,8 908 529 93 00,по рекомендации,,admin,new
crm-001679,2026-08-04 11:00:49,89328371701,2ГИС,,admin,visited
crm-003253,2026-08-04 11:08:52,89194137488,яндекс директ,,admin,lost
crm-000103,2026-08-04 11:09:55,+79546203887,Яндекс карты,,admin,in_work
crm-000737,2026-08-04 11:18:27,+7 (987) 945-92-14,Виджет записи,bk-000127,integration,in_work
crm-001235,2026-08-04 11:19:47,8(913)7776156,карты,,admin,visited
crm-002179,2026-08-04 11:21:42,9086057512,Сайт: форма,mk-001853,integration,visited
crm-002493,2026-08-04 11:22:50,8(924)6594554,реклама,,admin,new
crm-003371,2026-08-04 11:30:52,9150175847,Виджет записи,bk-000653,integration,new
crm-000350,2026-08-04 11:54:33,8 986 705 70 74,VK,,admin,booked
crm-001676,2026-08-04 11:56:52,89687215834,знакомые,,admin,booked
crm-000602,2026-08-04 12:27:06,+7 (980) 581-82-09,,,admin,visited
crm-003836,2026-08-04 12:55:02,+79990000001,Сайт: форма,mk-003226,integration,new
crm-001932,2026-08-04 12:59:17,8(963)1427652,поиск,,admin,in_work
crm-002758,2026-08-04 13:05:16,9104683546,другое,,admin,booked
crm-001234,2026-08-04 13:18:58,9045335224,Сайт: форма,mk-001035,integration,lost
crm-003272,2026-08-04 13:32:00,+79226960260,2ГИС,,admin,visited
crm-001229,2026-08-04 13:38:17,89003563662,Сайт: форма,mk-001031,integration,new
crm-001441,2026-08-04 13:39:07,8 956 630 52 21,Яндекс карты,,admin,visited
crm-002727,2026-08-04 13:40:56,8(906)9969738,Яндекс,,admin,lost
crm-001509,2026-08-04 13:44:27,8 997 383 10 86,сарафан,,admin,visited
crm-003814,2026-08-04 13:44:52,89263749690,Виджет записи,bk-000744,integration,new
crm-000208,2026-08-04 13:49:03,7-996-869-10-61,Яндекс карты,,admin,visited
crm-000749,2026-08-04 14:06:20,8 997 144 03 19,яндекс директ,,admin,new
crm-003162,2026-08-04 14:12:25,+79721827984,дубльгис,,admin,visited
crm-002940,2026-08-04 14:27:41,9366786571,,,admin,in_work
crm-002494,2026-08-04 14:34:47,8 900 534 10 90,Виджет записи,bk-000481,integration,lost
crm-002597,2026-08-04 14:38:09,9782844538,Виджет записи,bk-000497,integration,visited
crm-002169,2026-08-04 14:40:09,9389112796,Сайт: форма,mk-001843,integration,lost
crm-002170,2026-08-04 14:41:51,8(938)9112796,Сайт: форма,mk-001844,integration,new
crm-002171,2026-08-04 14:43:30,89389112796,Сайт: форма,mk-001845,integration,new
crm-001097,2026-08-04 14:59:18,7-981-091-08-66,реклама вк,,admin,booked
crm-003411,2026-08-04 15:09:53,9613817197,контекст,,admin,lost
crm-001075,2026-08-04 15:20:17,8 960 549 96 39,ЯД,,admin,booked
crm-002800,2026-08-04 15:30:59,7-972-400-52-65,Сайт: форма,mk-002336,integration,new
crm-000184,2026-08-04 15:32:10,7-937-647-73-06,друзья,,admin,in_work
crm-001937,2026-08-04 15:57:10,+7 (989) 056-07-96,Сайт: форма,mk-001641,integration,in_work
crm-002600,2026-08-04 16:04:56,89875658729,сарафан,,admin,new
crm-000399,2026-08-04 16:06:33,9528397041,Яндекс,,admin,visited
crm-001062,2026-08-04 16:06:48,89924998325,Сайт: форма,mk-000874,integration,booked
crm-003284,2026-08-04 16:13:10,7-984-641-79-47,Сайт: форма,mk-002747,integration,lost
crm-001391,2026-08-04 16:14:53,89034201030,яндекс директ,,admin,in_work
crm-001656,2026-08-04 16:24:42,9951551902,Сайт: форма,mk-001399,integration,new
crm-000937,2026-08-04 16:45:38,8 966 298 71 18,Сайт: форма,mk-000775,integration,visited
crm-001983,2026-08-04 17:02:31,8 904 473 74 12,дубльгис,,admin,lost
crm-001303,2026-08-04 17:05:45,89677887657,проходил мимо,,admin,in_work
crm-000126,2026-08-04 17:11:05,7-949-025-43-71,проходил мимо,,admin,visited
crm-001002,2026-08-04 17:16:20,89087432235,яндекс директ,,admin,visited
crm-000501,2026-08-04 17:19:31,8 946 626 65 17,Виджет записи,bk-000087,integration,in_work
crm-000499,2026-08-04 17:33:46,+7 (955) 347-67-23,Сайт: форма,mk-000416,integration,lost
crm-002106,2026-08-04 18:04:45,7-962-580-91-87,Виджет записи,bk-000400,integration,lost
crm-000738,2026-08-04 18:10:34,8(958)6686373,2 гис,,admin,visited
crm-003646,2026-08-04 18:11:09,8 913 097 33 47,Я.Директ,,admin,lost
crm-003077,2026-08-04 18:13:00,7-978-165-96-93,2ГИС,,admin,lost
crm-000425,2026-08-04 18:15:13,9066497873,Виджет записи,bk-000074,integration,lost
crm-000849,2026-08-04 18:18:19,7-921-591-66-76,Сайт: форма,mk-000703,integration,new
crm-000135,2026-08-04 18:19:17,8(905)4886273,яндекс.карты,,admin,visited
crm-001924,2026-08-04 18:19:23,89961688626,Сайт: форма,mk-001631,integration,in_work
crm-001725,2026-08-04 18:22:18,7-952-707-46-81,2 гис,,admin,in_work
crm-000646,2026-08-04 18:37:04,89758031609,Сайт: форма,mk-000534,integration,booked
crm-002338,2026-08-04 18:41:29,+7 (953) 622-33-29,Виджет записи,bk-000451,integration,lost
crm-003733,2026-08-04 18:46:21,8 923 554 16 86,Сайт: форма,mk-003137,integration,in_work
crm-003483,2026-08-04 18:46:39,+7 (998) 075-31-21,друзья,,admin,in_work
crm-001313,2026-08-04 19:01:18,+7 (971) 036-73-69,реклама в яндексе,,admin,booked
crm-000481,2026-08-04 19:02:37,8(945)4130910,Виджет записи,bk-000082,integration,visited
crm-000585,2026-08-04 19:34:31,9368168271,с улицы,,admin,lost
crm-003462,2026-08-04 19:40:05,9989321453,Сайт: форма,mk-002899,integration,visited
crm-003463,2026-08-04 19:41:00,9989321453,Сайт: форма,mk-002899,integration,new
crm-001563,2026-08-04 19:43:01,9170507672,Сайт: форма,mk-001314,integration,booked
crm-003445,2026-08-04 19:48:01,9646635492,Сайт: форма,mk-002886,integration,lost
crm-003092,2026-08-04 19:50:31,+79375318078,нашли в интернете,,admin,lost
crm-001958,2026-08-04 21:24:31,9645095488,Сайт: форма,mk-001661,integration,in_work
crm-001959,2026-08-04 21:30:15,8 964 509 54 88,Сайт: форма,mk-001662,integration,new
crm-003297,2026-08-04 22:01:25,8(950)8388413,Сайт: форма,mk-002760,integration,lost
crm-002718,2026-08-04 22:05:50,7-972-556-57-32,Виджет записи,bk-000522,integration,visited
crm-002843,2026-08-04 22:09:26,8(918)6731228,Сайт: форма,mk-002373,integration,lost
crm-003334,2026-08-04 22:31:00,7-918-680-72-63,Сайт: форма,mk-002794,integration,visited
crm-002747,2026-08-04 22:32:00,+7 (965) 957-51-02,Сайт: форма,mk-002296,integration,in_work
crm-003335,2026-08-04 22:35:44,8 918 680 72 63,Сайт: форма,mk-002795,integration,new
crm-003336,2026-08-04 22:38:26,7-918-680-72-63,Сайт: форма,mk-002796,integration,new
crm-000368,2026-08-04 22:38:43,+79442543923,Сайт: форма,mk-000315,integration,visited
crm-003536,2026-08-04 22:47:25,9988231788,Виджет записи,bk-000685,integration,lost
crm-002428,2026-08-04 22:48:22,+79056717092,Сайт: форма,mk-002031,integration,booked
crm-000430,2026-08-04 22:48:35,+79636484950,Виджет записи,bk-000075,integration,booked
crm-001321,2026-08-04 23:06:46,+7 (906) 420-14-92,Сайт: форма,mk-001108,integration,lost
crm-001367,2026-08-04 23:25:12,89662611351,Сайт: форма,mk-001153,integration,lost
crm-003095,2026-08-05 02:08:41,89721168359,Виджет записи,bk-000598,integration,in_work
crm-002682,2026-08-05 02:13:59,89452709599,Виджет записи,bk-000515,integration,visited
crm-000868,2026-08-05 02:19:08,8(966)3231532,Виджет записи,bk-000157,integration,lost
crm-001530,2026-08-05 02:57:49,9938352651,Виджет записи,bk-000286,integration,visited
crm-000354,2026-08-05 03:51:52,7-980-175-57-58,Сайт: форма,mk-000304,integration,booked
crm-000355,2026-08-05 03:53:06,9801755758,Сайт: форма,mk-000305,integration,new
crm-001550,2026-08-05 04:58:47,8 933 784 84 37,Сайт: форма,mk-001303,integration,visited
crm-000875,2026-08-05 04:59:26,7-911-666-29-20,Виджет записи,bk-000159,integration,booked
crm-003312,2026-08-05 05:22:32,8 984 179 49 99,Сайт: форма,mk-002773,integration,in_work
crm-002056,2026-08-05 05:23:03,9036303584,Виджет записи,bk-000390,integration,in_work
crm-003313,2026-08-05 05:25:11,8 984 179 49 99,Сайт: форма,mk-002774,integration,new
crm-000691,2026-08-05 05:26:36,8(989)3759956,Сайт: форма,mk-000572,integration,visited
crm-001055,2026-08-05 05:33:22,89748263599,Виджет записи,bk-000203,integration,lost
crm-001397,2026-08-05 05:36:10,8 996 693 20 40,Виджет записи,bk-000263,integration,visited
crm-003007,2026-08-05 06:02:16,+79637837743,Виджет записи,bk-000579,integration,in_work
crm-003720,2026-08-05 06:05:43,8(941)1961331,Сайт: форма,mk-003126,integration,visited
crm-000511,2026-08-05 06:35:10,9678682967,Сайт: форма,mk-000425,integration,lost
crm-002043,2026-08-05 08:16:18,7-995-263-17-75,Сайт: форма,mk-001731,integration,lost
crm-002044,2026-08-05 08:20:01,7-995-263-17-75,Сайт: форма,mk-001732,integration,new
crm-001406,2026-08-05 09:10:12,89796379347,Сайт: форма,mk-001179,integration,lost
crm-001248,2026-08-05 09:25:43,89983188115,друзья,,admin,visited
crm-001918,2026-08-05 10:05:43,8 958 442 60 96,Я.Карты,,admin,lost
crm-000788,2026-08-05 10:10:58,8 960 951 77 45,Сайт: форма,mk-000649,integration,new
crm-003267,2026-08-05 10:21:57,9959181199,Виджет записи,bk-000634,integration,visited
crm-002462,2026-08-05 10:23:52,89377113904,,,admin,visited
crm-001756,2026-08-05 10:29:35,+79294655870,2гис,,admin,lost
crm-000121,2026-08-05 10:31:59,+79520921309,не помню,,admin,visited
crm-001182,2026-08-05 10:49:10,8(974)5277384,сайт,,admin,new
crm-001220,2026-08-05 11:08:03,+79354733271,по рекомендации,,admin,in_work
crm-001059,2026-08-05 11:34:24,89082687013,Сайт: форма,mk-000871,integration,in_work
crm-001368,2026-08-05 11:36:52,+79648492313,контекст,,admin,visited
crm-001600,2026-08-05 11:49:19,+79103409318,Я.Карты,,admin,lost
crm-003485,2026-08-05 12:04:56,8(901)2253016,Сайт: форма,mk-002924,integration,in_work
crm-003486,2026-08-05 12:09:29,8 901 225 30 16,Сайт: форма,mk-002925,integration,new
crm-003032,2026-08-05 12:11:28,+79015707497,Виджет записи,bk-000586,integration,lost
crm-000488,2026-08-05 12:41:43,9177554357,яндекс директ,,admin,new
crm-002666,2026-08-05 12:43:46,+7 (934) 640-66-11,Сайт: форма,mk-002231,integration,visited
crm-002883,2026-08-05 12:46:22,89292235937,Яндекс,,admin,new
crm-000122,2026-08-05 12:47:38,+7 (901) 050-39-48,знакомые,,admin,visited
crm-000406,2026-08-05 13:03:19,89276349666,другое,,admin,new
crm-001389,2026-08-05 13:14:57,+7 (950) 704-57-22,ЯД,,admin,new
crm-003053,2026-08-05 13:17:32,89985904917,Я.Карты,,admin,visited
crm-002010,2026-08-05 13:27:13,+7 (960) 310-44-13,Виджет записи,bk-000384,integration,new
crm-003244,2026-08-05 13:28:36,+7 (960) 153-74-60,контекст,,admin,in_work
crm-000575,2026-08-05 13:36:50,+79288709080,Виджет записи,bk-000099,integration,visited
crm-000774,2026-08-05 13:42:56,+79533885790,таргет вк,,admin,booked
crm-002669,2026-08-05 13:43:36,89657050693,пришёл сам,,admin,lost
crm-002702,2026-08-05 13:52:05,9534819999,знакомые,,admin,lost
crm-002481,2026-08-05 14:04:14,8(983)0304540,поиск,,admin,visited
crm-002231,2026-08-05 14:09:30,+7 (933) 962-16-70,2 гис,,admin,booked
crm-003029,2026-08-05 14:09:46,8 902 272 20 45,реклама вк,,admin,booked
crm-001711,2026-08-05 14:13:15,89701943471,2гис,,admin,visited
crm-001934,2026-08-05 14:27:08,7-943-955-12-52,2гис,,admin,lost
crm-003140,2026-08-05 14:28:21,+79720459406,повторный пациент,,admin,lost
crm-000347,2026-08-05 14:36:15,+7 (927) 538-48-84,поиск,,admin,lost
crm-001370,2026-08-05 14:53:00,9533433130,пришёл сам,,admin,visited
crm-003333,2026-08-05 14:58:50,8 931 016 08 28,знакомые,,admin,visited
crm-002468,2026-08-05 15:14:45,+7 (950) 326-25-35,,,admin,visited
crm-003178,2026-08-05 15:18:53,+7 (956) 393-84-30,реклама,,admin,lost
crm-001885,2026-08-05 15:28:33,7-946-489-95-45,2 гис,,admin,lost
crm-000441,2026-08-05 15:29:00,8 955 536 29 68,Сайт: форма,mk-000366,integration,new
crm-002096,2026-08-05 15:36:50,89823766772,с улицы,,admin,lost
crm-000842,2026-08-05 15:41:52,7-913-000-50-91,Яндекс,,admin,in_work
crm-000429,2026-08-05 15:54:21,+79479390819,знакомые,,admin,visited
crm-000388,2026-08-05 15:59:22,89139284489,проходил мимо,,admin,visited
crm-002071,2026-08-05 16:11:45,+79393224935,Сайт: форма,mk-001764,integration,lost
crm-003346,2026-08-05 16:13:12,+7 (964) 190-38-53,гугл,,admin,lost
crm-001792,2026-08-05 16:16:10,+79908556715,пришёл сам,,admin,in_work
crm-003331,2026-08-05 16:21:08,+79344840789,знакомые,,admin,in_work
crm-000024,2026-08-05 16:29:31,9703127381,Виджет записи,bk-000003,integration,new
crm-001357,2026-08-05 16:31:07,8 932 464 60 47,Виджет записи,bk-000255,integration,booked
crm-001462,2026-08-05 16:37:00,8 905 671 11 81,Виджет записи,bk-000272,integration,lost
crm-002483,2026-08-05 16:41:43,89906032374,Виджет записи,bk-000478,integration,lost
crm-001493,2026-08-05 17:09:53,7-970-878-68-64,дубльгис,,admin,visited
crm-002789,2026-08-05 17:13:50,89256337221,Сайт: форма,mk-002327,integration,booked
crm-002814,2026-08-05 17:14:38,7-937-838-78-49,Виджет записи,bk-000547,integration,lost
crm-003181,2026-08-05 17:36:41,9573544025,2ГИС,,admin,lost
crm-003804,2026-08-05 17:46:25,8 936 555 96 61,Сайт: форма,mk-003194,integration,new
crm-002516,2026-08-05 17:51:16,8(936)8902666,ЯД,,admin,lost
crm-000167,2026-08-05 17:53:32,89712227391,вывеска,,admin,in_work
crm-002253,2026-08-05 18:00:08,7-956-630-89-09,сайт,,admin,new
crm-000880,2026-08-05 18:01:56,+7 (948) 411-02-99,повторный пациент,,admin,lost
crm-002540,2026-08-05 18:02:24,+7 (969) 911-43-46,сарафан,,admin,visited
crm-003671,2026-08-05 18:08:47,7-964-589-20-40,сайт,,admin,visited
crm-002979,2026-08-05 18:09:23,+7 (975) 188-79-95,Я.Карты,,admin,lost
crm-003604,2026-08-05 18:10:52,+7 (950) 063-78-50,карты,,admin,lost
crm-003820,2026-08-05 18:18:17,+7 (962) 724-72-39,Сайт: форма,mk-003210,integration,booked
crm-001754,2026-08-05 18:18:28,89076148082,2ГИС,,admin,booked
crm-000858,2026-08-05 18:20:08,8 903 959 18 06,друзья,,admin,visited
crm-001231,2026-08-05 19:00:38,8(955)0699412,Сайт: форма,mk-001033,integration,lost
crm-002508,2026-08-05 19:02:27,89318735876,Сайт: форма,mk-002094,integration,booked
crm-003705,2026-08-05 19:04:16,7-963-263-81-46,Яндекс карты,,admin,booked
crm-001854,2026-08-05 19:13:00,7-920-475-83-55,Сайт: форма,mk-001573,integration,lost
crm-003266,2026-08-05 19:17:49,89924240090,Сайт: форма,mk-002734,integration,lost
crm-002304,2026-08-05 19:27:43,89216719282,Сайт: форма,mk-001946,integration,in_work
crm-001837,2026-08-05 19:53:50,9478677333,Виджет записи,bk-000350,integration,visited
crm-002222,2026-08-05 20:06:23,8(906)3110989,Сайт: форма,mk-001881,integration,lost
crm-001118,2026-08-05 20:15:36,8 918 840 80 88,Сайт: форма,mk-000929,integration,booked
crm-001119,2026-08-05 20:20:33,9188408088,Сайт: форма,mk-000930,integration,new
crm-002332,2026-08-05 20:21:28,+7 (973) 543-13-61,Сайт: форма,mk-001963,integration,lost
crm-002333,2026-08-05 20:25:16,89735431361,Сайт: форма,mk-001964,integration,new
crm-002348,2026-08-05 20:26:43,8(907)6694077,Виджет записи,bk-000453,integration,visited
crm-001379,2026-08-05 20:29:38,8 909 973 23 30,Сайт: форма,mk-001159,integration,booked
crm-000750,2026-08-05 20:36:46,8(943)2626450,Виджет записи,bk-000135,integration,in_work
crm-000997,2026-08-05 20:51:16,7-983-646-15-32,Виджет записи,bk-000191,integration,lost
crm-000998,2026-08-05 20:51:58,+7 (983) 646-15-32,Виджет записи,bk-000191,integration,new
crm-002346,2026-08-05 20:53:44,9971639606,Сайт: форма,mk-001972,integration,in_work
crm-002347,2026-08-05 20:54:20,9971639606,Сайт: форма,mk-001972,integration,new
crm-001093,2026-08-05 21:31:51,+79550712882,Сайт: форма,mk-000897,integration,lost
crm-000753,2026-08-05 22:06:20,7-997-960-59-79,Сайт: форма,mk-000622,integration,lost
crm-000618,2026-08-05 22:17:37,89935234024,Сайт: форма,mk-000511,integration,lost
crm-000619,2026-08-05 22:19:45,+79935234024,Сайт: форма,mk-000512,integration,new
crm-003550,2026-08-05 22:21:27,9150240107,Сайт: форма,mk-002982,integration,lost
crm-000620,2026-08-05 22:25:26,7-993-523-40-24,Сайт: форма,mk-000513,integration,new
crm-002032,2026-08-05 22:27:28,89311668456,Виджет записи,bk-000388,integration,visited
crm-000556,2026-08-05 22:47:03,+7 (936) 508-77-13,Сайт: форма,mk-000459,integration,in_work
crm-003685,2026-08-05 23:35:40,+7 (975) 639-15-26,Сайт: форма,mk-003101,integration,lost
crm-003718,2026-08-06 01:11:12,7-931-771-63-24,Виджет записи,bk-000725,integration,visited
crm-003396,2026-08-06 01:23:23,9590875242,Сайт: форма,mk-002842,integration,visited
crm-003373,2026-08-06 01:24:09,8(904)7078802,Виджет записи,bk-000654,integration,visited
crm-001432,2026-08-06 01:41:02,+7 (949) 558-99-84,Сайт: форма,mk-001198,integration,lost
crm-002436,2026-08-06 01:46:20,89044209350,Виджет записи,bk-000468,integration,booked
crm-000177,2026-08-06 03:26:57,9601103678,Виджет записи,bk-000022,integration,lost
crm-001286,2026-08-06 03:47:01,+79912624788,Сайт: форма,mk-001080,integration,booked
crm-001683,2026-08-06 04:43:29,89099070612,Сайт: форма,mk-001427,integration,lost
crm-002388,2026-08-06 05:23:01,9607334793,Сайт: форма,mk-002006,integration,visited
crm-000209,2026-08-06 06:36:32,7-985-901-24-77,Сайт: форма,mk-000187,integration,visited
crm-002890,2026-08-06 07:45:50,8 936 899 92 64,Сайт: форма,mk-002408,integration,in_work
crm-001265,2026-08-06 09:00:27,+79830103401,Сайт: форма,mk-001062,integration,lost
crm-001691,2026-08-06 09:21:10,+7 (996) 790-17-71,друзья,,admin,booked
crm-003847,2026-08-06 10:06:02,9990000000,Сайт: форма,mk-003237,integration,new
crm-000859,2026-08-06 10:13:11,8(903)9591806,Сайт: форма,mk-000714,integration,new
crm-003710,2026-08-06 10:15:52,+7 (984) 159-12-58,нашли в интернете,,admin,lost
crm-003409,2026-08-06 10:17:15,+7 (974) 757-54-08,2ГИС,,admin,visited
crm-000370,2026-08-06 10:20:36,8 925 772 25 64,2 гис,,admin,visited
crm-000291,2026-08-06 10:25:32,8 942 452 45 12,с улицы,,admin,booked
crm-001481,2026-08-06 10:25:50,8(907)9760045,Сайт: форма,mk-001235,integration,visited
crm-001960,2026-08-06 10:28:28,9645095488,ЯД,,admin,new
crm-003833,2026-08-06 10:33:02,+79990000000,Сайт: форма,mk-003223,integration,new
crm-001857,2026-08-06 10:34:19,+7 (925) 333-50-76,с улицы,,admin,lost
crm-000959,2026-08-06 10:36:53,7-983-452-44-03,Сайт: форма,mk-000795,integration,booked
crm-001043,2026-08-06 10:47:30,9308396522,знакомые,,admin,lost
crm-000988,2026-08-06 10:47:50,8(983)3720032,Виджет записи,bk-000189,integration,in_work
crm-001588,2026-08-06 11:09:05,7-915-595-14-14,2 гис,,admin,visited
crm-000329,2026-08-06 11:13:16,8(981)8987031,Яндекс,,admin,in_work
crm-001471,2026-08-06 11:14:42,9655090148,Виджет записи,bk-000274,integration,lost
crm-000972,2026-08-06 11:23:04,89321526635,дубльгис,,admin,visited
crm-003691,2026-08-06 11:26:58,8 966 901 57 79,друзья,,admin,in_work
crm-000735,2026-08-06 11:39:20,8(912)8464750,поиск,,admin,lost
crm-002064,2026-08-06 11:39:39,+7 (937) 905-05-57,Сайт: форма,mk-001756,integration,booked
crm-000629,2026-08-06 11:45:27,8(994)4395115,Сайт: форма,mk-000521,integration,in_work
crm-002385,2026-08-06 11:52:48,7-913-728-35-31,Сайт: форма,mk-002003,integration,booked
crm-003640,2026-08-06 12:02:44,+79723125331,Виджет записи,bk-000705,integration,booked
crm-000394,2026-08-06 12:05:08,7-973-835-56-01,не помню,,admin,in_work
crm-000003,2026-08-06 12:27:58,+79690170988,Сайт: форма,mk-000004,integration,new
crm-002577,2026-08-06 12:29:05,8(937)6824234,яндекс директ,,admin,in_work
crm-002393,2026-08-06 12:38:02,89196647687,с улицы,,admin,visited
crm-003390,2026-08-06 12:39:20,7-920-693-91-28,Сайт: форма,mk-002837,integration,lost
crm-002183,2026-08-06 12:40:54,8(946)1409653,,,admin,in_work
crm-003517,2026-08-06 12:42:57,+79532488199,повторный пациент,,admin,booked
crm-002741,2026-08-06 12:48:01,7-983-042-54-85,Виджет записи,bk-000528,integration,lost
crm-002726,2026-08-06 12:54:10,8 903 344 52 70,,,admin,visited
crm-000938,2026-08-06 12:54:36,8(966)2987118,дубльгис,,admin,new
crm-002706,2026-08-06 12:58:33,8 969 985 51 60,поиск,,admin,in_work
crm-003487,2026-08-06 13:10:33,8 965 511 23 94,2 гис,,admin,lost
crm-001247,2026-08-06 13:13:10,8 999 810 76 72,Я.Карты,,admin,in_work
crm-002287,2026-08-06 13:16:58,7-999-083-91-13,Сайт: форма,mk-001935,integration,lost
crm-003119,2026-08-06 13:20:45,9467489936,2 гис,,admin,booked
crm-002438,2026-08-06 13:24:40,+7 (921) 814-73-80,яндекс директ,,admin,in_work
crm-003036,2026-08-06 13:28:03,8 926 599 02 01,карты,,admin,visited
crm-000460,2026-08-06 13:28:54,+79996132585,повторный пациент,,admin,lost
crm-000052,2026-08-06 13:31:59,8 949 059 25 83,Сайт: форма,mk-000049,integration,new
crm-003382,2026-08-06 13:35:24,9027087187,Виджет записи,bk-000657,integration,lost
crm-001015,2026-08-06 13:35:55,7-977-896-99-22,Я.Директ,,admin,in_work
crm-001646,2026-08-06 13:45:48,+7 (931) 744-18-98,яндекс.карты,,admin,booked
crm-000192,2026-08-06 14:16:12,+7 (991) 872-33-94,с улицы,,admin,lost
crm-001842,2026-08-06 14:39:19,9049323010,реклама вк,,admin,booked
crm-002553,2026-08-06 14:43:46,8(939)3656796,Сайт: форма,mk-002135,integration,lost
crm-000222,2026-08-06 14:55:18,8(947)0795470,,,admin,booked
crm-000896,2026-08-06 14:56:30,7-937-366-74-21,Виджет записи,bk-000165,integration,new
crm-002607,2026-08-06 15:05:20,89653646296,друзья,,admin,in_work
crm-003004,2026-08-06 15:10:47,+7 (957) 029-77-50,вывеска,,admin,in_work
crm-002292,2026-08-06 15:16:04,8 924 212 10 99,ЯД,,admin,in_work
crm-002921,2026-08-06 15:23:33,8 981 799 46 90,реклама вк,,admin,visited
crm-002349,2026-08-06 15:29:40,+79076694077,,,admin,new
crm-000614,2026-08-06 15:43:52,8(913)3875065,2ГИС,,admin,booked
crm-002413,2026-08-06 15:45:12,9675703818,с улицы,,admin,visited
crm-003393,2026-08-06 15:46:26,+79802285791,Сайт: форма,mk-002839,integration,in_work
crm-001558,2026-08-06 15:48:20,8(905)6092198,2 гис,,admin,booked
crm-002855,2026-08-06 15:54:00,+79553460215,Сайт: форма,mk-002382,integration,visited
crm-001551,2026-08-06 16:23:57,+7 (985) 796-03-12,,,admin,lost
crm-003179,2026-08-06 16:29:24,+7 (920) 575-14-78,Сайт: форма,mk-002655,integration,lost
crm-000257,2026-08-06 16:43:22,89109164596,яндекс директ,,admin,new
crm-003188,2026-08-06 16:55:50,+79365516624,не помню,,admin,new
crm-001243,2026-08-06 16:58:38,9794138022,поиск,,admin,visited
crm-003706,2026-08-06 17:06:46,7-991-037-14-20,яндекс.карты,,admin,lost
crm-001067,2026-08-06 17:26:14,8(959)0756301,Сайт: форма,mk-000879,integration,booked
crm-001068,2026-08-06 17:30:41,9590756301,Сайт: форма,mk-000880,integration,new
crm-001069,2026-08-06 17:36:23,8(959)0756301,Сайт: форма,mk-000881,integration,new
crm-001667,2026-08-06 17:38:04,8 919 248 03 09,Сайт: форма,mk-001411,integration,visited
crm-002627,2026-08-06 17:41:48,+7 (930) 817-45-78,реклама,,admin,visited
crm-003471,2026-08-06 17:43:39,+79568621805,таргет вк,,admin,visited
crm-000335,2026-08-06 17:44:07,9951459209,Сайт: форма,mk-000290,integration,lost
crm-003840,2026-08-06 17:47:02,89000000000,Сайт: форма,mk-003230,integration,new
crm-003151,2026-08-06 17:52:31,89020216413,яндекс.карты,,admin,booked
crm-000231,2026-08-06 18:07:11,89821372105,яндекс директ,,admin,lost
crm-001891,2026-08-06 18:10:06,8 949 789 86 07,Виджет записи,bk-000362,integration,in_work
crm-000155,2026-08-06 18:27:14,+7 (956) 394-84-08,,,admin,in_work
crm-002762,2026-08-06 18:31:32,8 949 838 43 13,Виджет записи,bk-000533,integration,booked
crm-002950,2026-08-06 18:58:36,+7 (922) 641-49-75,Сайт: форма,mk-002460,integration,lost
crm-001531,2026-08-06 18:59:48,+79938352651,Я.Карты,,admin,new
crm-001142,2026-08-06 19:00:56,7-986-817-91-28,Виджет записи,bk-000217,integration,booked
crm-000769,2026-08-06 19:05:37,7-959-649-78-24,Виджет записи,bk-000139,integration,booked
crm-003617,2026-08-06 19:10:42,+7 (922) 011-28-70,Виджет записи,bk-000701,integration,lost
crm-000860,2026-08-06 20:04:35,8(947)6380287,Виджет записи,bk-000155,integration,lost
crm-001945,2026-08-06 20:16:12,9347074252,Виджет записи,bk-000371,integration,in_work
crm-001677,2026-08-06 20:16:41,+7 (992) 902-38-37,Виджет записи,bk-000315,integration,lost
crm-000153,2026-08-06 21:19:34,9708808252,Сайт: форма,mk-000142,integration,booked
crm-000154,2026-08-06 21:25:22,8(970)8808252,Сайт: форма,mk-000143,integration,new
crm-003148,2026-08-06 21:26:41,9686286224,Сайт: форма,mk-002627,integration,lost
crm-003104,2026-08-06 22:10:19,8(941)3206115,Виджет записи,bk-000602,integration,lost
crm-001698,2026-08-06 22:29:30,89265647352,Сайт: форма,mk-001438,integration,lost
crm-002398,2026-08-06 22:30:00,8 936 917 39 21,Сайт: форма,mk-002013,integration,visited
crm-002399,2026-08-06 22:35:47,8 936 917 39 21,Сайт: форма,mk-002014,integration,new
crm-001736,2026-08-07 00:22:55,7-969-676-41-29,Сайт: форма,mk-001472,integration,visited
crm-000139,2026-08-07 01:31:17,7-940-625-20-33,Виджет записи,bk-000016,integration,visited
crm-000262,2026-08-07 04:16:16,7-906-429-06-43,Сайт: форма,mk-000237,integration,visited
crm-000263,2026-08-07 04:20:27,89064290643,Сайт: форма,mk-000238,integration,new
crm-001178,2026-08-07 05:19:45,8 937 245 76 60,Сайт: форма,mk-000983,integration,visited
crm-002307,2026-08-07 07:47:54,+7 (963) 387-19-02,Сайт: форма,mk-001949,integration,lost
crm-001988,2026-08-07 08:08:09,+79091280243,Сайт: форма,mk-001687,integration,lost
crm-001662,2026-08-07 09:07:58,+7 (929) 782-48-17,поиск,,admin,in_work
crm-001680,2026-08-07 09:09:03,+79161627548,Сайт: форма,mk-001424,integration,lost
crm-001816,2026-08-07 09:18:39,8 942 173 42 09,Виджет записи,bk-000343,integration,visited
crm-002182,2026-08-07 09:49:02,9301072792,Виджет записи,bk-000413,integration,in_work
crm-000175,2026-08-07 09:52:38,8(948)8633844,Сайт: форма,mk-000160,integration,lost
crm-003338,2026-08-07 09:53:57,8 942 175 89 70,Сайт: форма,mk-002799,integration,booked
crm-001239,2026-08-07 10:23:23,+7 (960) 387-37-05,проходил мимо,,admin,visited
crm-001004,2026-08-07 10:31:18,89483022590,нашли в интернете,,admin,lost
crm-003216,2026-08-07 10:54:21,8(950)4934770,Виджет записи,bk-000624,integration,visited
crm-000100,2026-08-07 10:54:46,8(977)6069928,яндекс директ,,admin,visited
crm-001475,2026-08-07 10:55:41,8 900 914 12 16,2ГИС,,admin,booked
crm-003378,2026-08-07 10:59:23,8(992)0812942,Сайт: форма,mk-002826,integration,visited
crm-003491,2026-08-07 11:01:16,+7 (993) 317-28-19,дубльгис,,admin,visited
crm-003555,2026-08-07 11:01:27,8(982)1446735,ЯД,,admin,lost
crm-001485,2026-08-07 11:02:00,8(983)2255608,Яндекс карты,,admin,booked
crm-000826,2026-08-07 11:03:27,9542706617,друзья,,admin,lost
crm-003290,2026-08-07 11:04:14,8(911)9333041,Я.Карты,,admin,visited
crm-003304,2026-08-07 11:23:23,+7 (967) 770-47-88,,,admin,in_work
crm-000274,2026-08-07 11:26:10,+79551311063,Виджет записи,bk-000034,integration,in_work
crm-000367,2026-08-07 11:37:25,8 999 461 51 70,Сайт: форма,mk-000314,integration,booked
crm-002495,2026-08-07 11:38:45,8 900 534 10 90,реклама,,admin,new
crm-002788,2026-08-07 11:49:36,+7 (923) 135-17-83,поиск,,admin,lost
crm-001232,2026-08-07 11:52:35,7-955-069-94-12,ЯД,,admin,new
crm-003521,2026-08-07 11:56:47,7-944-930-49-54,Сайт: форма,mk-002958,integration,in_work
crm-000834,2026-08-07 12:12:28,89821277197,таргет вк,,admin,new
crm-000408,2026-08-07 12:16:23,8 999 799 02 19,нашли в интернете,,admin,visited
crm-001871,2026-08-07 12:37:04,8(960)4581147,вывеска,,admin,booked
crm-003100,2026-08-07 12:37:10,+7 (968) 947-45-98,Яндекс,,admin,lost
crm-003747,2026-08-07 13:09:31,+79984539391,2ГИС,,admin,booked
crm-001008,2026-08-07 13:10:21,8 990 498 90 91,2ГИС,,admin,booked
crm-001916,2026-08-07 13:12:41,9865720000,с улицы,,admin,visited
crm-003261,2026-08-07 13:22:09,8(980)2338957,,,admin,lost
crm-001422,2026-08-07 13:29:17,8(971)8061317,дубльгис,,admin,in_work
crm-000508,2026-08-07 13:29:37,+7 (984) 439-07-13,вывеска,,admin,visited
crm-000418,2026-08-07 13:37:07,8(901)0499159,Сайт: форма,mk-000350,integration,lost
crm-000581,2026-08-07 13:39:50,8(970)4135857,с улицы,,admin,lost
crm-002971,2026-08-07 13:44:38,9047890645,Виджет записи,bk-000570,integration,booked
crm-002047,2026-08-07 13:48:33,8 998 423 23 22,гугл,,admin,visited
crm-002466,2026-08-07 13:52:58,8(923)7862850,друзья,,admin,booked
crm-002500,2026-08-07 14:24:13,8 937 625 23 84,с улицы,,admin,visited
crm-000622,2026-08-07 14:27:57,9536840531,вывеска,,admin,visited
crm-002541,2026-08-07 14:38:45,8 908 773 17 81,Виджет записи,bk-000486,integration,lost
crm-002884,2026-08-07 14:46:51,8(959)6388066,другое,,admin,lost
crm-002406,2026-08-07 14:51:10,8(991)0365302,Я.Директ,,admin,new
crm-000659,2026-08-07 15:01:59,7-914-920-63-83,Я.Карты,,admin,new
crm-000445,2026-08-07 15:05:55,8 929 703 97 42,Сайт: форма,mk-000369,integration,in_work
crm-002568,2026-08-07 15:13:15,8(909)0045773,Я.Карты,,admin,booked
crm-001689,2026-08-07 15:23:09,7-976-463-95-82,нашли в интернете,,admin,booked
crm-002163,2026-08-07 15:30:27,8 911 365 26 35,карты,,admin,lost
crm-000041,2026-08-07 15:33:51,8 915 256 23 66,яндекс директ,,admin,booked
crm-001866,2026-08-07 15:42:17,8 955 959 43 11,реклама,,admin,in_work
crm-002049,2026-08-07 16:00:31,7-994-993-51-27,Сайт: форма,mk-001738,integration,new
crm-002162,2026-08-07 16:05:12,+7 (973) 886-63-60,Виджет записи,bk-000411,integration,visited
crm-000330,2026-08-07 16:07:19,+79818987031,Виджет записи,bk-000050,integration,new
crm-002520,2026-08-07 16:10:53,9282082743,другое,,admin,lost
crm-003708,2026-08-07 16:11:08,+79987203177,друзья,,admin,booked
crm-002184,2026-08-07 16:20:56,+7 (954) 632-57-70,Виджет записи,bk-000414,integration,booked
crm-000846,2026-08-07 16:29:06,8(926)9308033,ЯД,,admin,in_work
crm-000716,2026-08-07 16:39:38,9836051862,дубльгис,,admin,booked
crm-001548,2026-08-07 16:43:54,9449689631,2ГИС,,admin,booked
crm-001740,2026-08-07 16:44:53,+79183635511,Яндекс карты,,admin,in_work
crm-001054,2026-08-07 16:57:38,9863154667,реклама в яндексе,,admin,in_work
crm-002654,2026-08-07 16:58:05,7-901-988-57-18,Сайт: форма,mk-002223,integration,booked
crm-002870,2026-08-07 17:03:04,8 936 898 51 08,Виджет записи,bk-000558,integration,new
crm-003388,2026-08-07 17:33:10,+7 (962) 274-66-39,2ГИС,,admin,visited
crm-000695,2026-08-07 17:49:17,9753306778,вывеска,,admin,lost
crm-001337,2026-08-07 17:50:20,+79935518201,2 гис,,admin,lost
crm-002429,2026-08-07 17:50:20,9056717092,,,admin,new
crm-001469,2026-08-07 17:50:33,+79107273341,Виджет записи,bk-000273,integration,visited
crm-003395,2026-08-07 17:53:46,89766514636,Сайт: форма,mk-002841,integration,in_work
crm-000316,2026-08-07 17:57:56,+7 (931) 253-29-72,другое,,admin,booked
crm-000230,2026-08-07 18:00:59,8(972)2177530,контекст,,admin,visited
crm-002108,2026-08-07 18:04:29,+7 (996) 689-65-12,Я.Директ,,admin,visited
crm-002377,2026-08-07 18:15:14,+79127007652,карты,,admin,visited
crm-003231,2026-08-07 18:18:05,9491931552,Виджет записи,bk-000629,integration,booked
crm-002463,2026-08-07 18:22:54,8(937)7113904,Виджет записи,bk-000473,integration,new
crm-000764,2026-08-07 18:46:41,89374191996,сайт,,admin,visited
crm-003171,2026-08-07 18:50:42,8(943)4482975,Яндекс карты,,admin,visited
crm-002713,2026-08-07 18:51:17,+79728024339,Я.Карты,,admin,visited
crm-000401,2026-08-07 19:02:33,+7 (902) 459-00-48,Виджет записи,bk-000065,integration,lost
crm-002838,2026-08-07 19:09:36,9275204336,Виджет записи,bk-000549,integration,visited
crm-003229,2026-08-07 19:21:14,7-911-733-39-10,Сайт: форма,mk-002699,integration,lost
crm-002676,2026-08-07 19:33:28,9770773186,Виджет записи,bk-000512,integration,in_work
crm-000870,2026-08-07 19:36:29,+7 (999) 117-53-46,VK,,admin,lost
crm-000166,2026-08-07 19:57:34,7-991-886-60-66,Виджет записи,bk-000021,integration,lost
crm-001872,2026-08-07 20:28:38,8 957 775 63 09,Сайт: форма,mk-001584,integration,booked
crm-002282,2026-08-07 20:31:14,+79523023035,Виджет записи,bk-000433,integration,lost
crm-001873,2026-08-07 20:31:30,+7 (957) 775-63-09,Сайт: форма,mk-001585,integration,new
crm-000534,2026-08-07 21:16:46,89902521889,Сайт: форма,mk-000442,integration,lost
crm-000115,2026-08-07 21:20:06,89887559084,Сайт: форма,mk-000106,integration,in_work
crm-001819,2026-08-07 21:20:37,+7 (959) 439-32-65,Виджет записи,bk-000344,integration,in_work
crm-002839,2026-08-07 21:43:01,+79517234556,Виджет записи,bk-000550,integration,visited
crm-000220,2026-08-07 21:55:27,89971414148,Сайт: форма,mk-000200,integration,in_work
crm-002213,2026-08-07 22:13:24,8(999)9787739,Сайт: форма,mk-001876,integration,lost
crm-002585,2026-08-07 22:21:55,8(934)5494311,Виджет записи,bk-000494,integration,lost
crm-003798,2026-08-07 22:34:13,+7 (993) 173-60-64,Сайт: форма,mk-003189,integration,in_work
crm-002112,2026-08-07 22:34:54,89966273449,Виджет записи,bk-000402,integration,booked
crm-002200,2026-08-07 22:39:18,+7 (996) 081-50-89,Виджет записи,bk-000417,integration,visited
crm-001483,2026-08-07 23:04:54,9522357877,Виджет записи,bk-000278,integration,visited
crm-000344,2026-08-07 23:19:58,9746102904,Сайт: форма,mk-000296,integration,booked
crm-000345,2026-08-07 23:21:54,+79746102904,Сайт: форма,mk-000297,integration,new
crm-000327,2026-08-08 00:39:44,+7 (973) 337-16-38,Виджет записи,bk-000049,integration,visited
crm-001994,2026-08-08 00:50:19,89339079280,Виджет записи,bk-000379,integration,booked
crm-000981,2026-08-08 01:26:22,+79337108596,Виджет записи,bk-000185,integration,visited
crm-003568,2026-08-08 01:52:41,7-962-196-18-73,Виджет записи,bk-000690,integration,visited
crm-002012,2026-08-08 03:34:31,9969349184,Виджет записи,bk-000385,integration,in_work
crm-000754,2026-08-08 04:04:25,89078408848,Виджет записи,bk-000136,integration,in_work
crm-002375,2026-08-08 04:14:32,8 992 782 16 86,Сайт: форма,mk-001992,integration,visited
crm-000929,2026-08-08 05:02:56,8(917)5011859,Сайт: форма,mk-000767,integration,in_work
crm-001251,2026-08-08 05:11:51,+79722358738,Сайт: форма,mk-001050,integration,visited
crm-000113,2026-08-08 05:22:44,7-912-251-50-16,Сайт: форма,mk-000104,integration,visited
crm-002817,2026-08-08 05:54:33,8(947)7611441,Сайт: форма,mk-002351,integration,in_work
crm-001622,2026-08-08 08:28:35,8(951)8340123,Сайт: форма,mk-001365,integration,visited
crm-002505,2026-08-08 09:10:32,89247408427,Сайт: форма,mk-002091,integration,lost
crm-002166,2026-08-08 09:17:24,89498102973,Виджет записи,bk-000412,integration,lost
crm-000876,2026-08-08 09:18:13,7-948-563-54-16,повторный пациент,,admin,lost
crm-002107,2026-08-08 09:23:48,89957167425,контекст,,admin,lost
crm-003704,2026-08-08 09:23:53,+7 (936) 679-37-54,сарафан,,admin,visited
crm-000674,2026-08-08 09:28:30,9657353152,реклама,,admin,in_work
crm-002793,2026-08-08 09:50:02,9890844348,карты,,admin,lost
crm-002837,2026-08-08 10:13:20,9811880634,пришёл сам,,admin,lost
crm-000509,2026-08-08 10:14:37,+79651237264,Сайт: форма,mk-000423,integration,lost
crm-001569,2026-08-08 10:27:09,9261650654,гугл,,admin,visited
crm-001651,2026-08-08 10:36:31,8 904 784 49 87,вывеска,,admin,in_work
crm-003202,2026-08-08 10:41:03,89862488298,2гис,,admin,visited
crm-000313,2026-08-08 10:42:51,89770202963,друзья,,admin,visited
crm-000758,2026-08-08 10:45:53,8(909)4464940,проходил мимо,,admin,visited
crm-002242,2026-08-08 11:00:04,7-946-603-24-20,гугл,,admin,lost
crm-001435,2026-08-08 11:30:54,8(988)1961826,Сайт: форма,mk-001201,integration,visited
crm-002359,2026-08-08 11:38:51,89794619781,Виджет записи,bk-000457,integration,in_work
crm-000207,2026-08-08 11:42:32,89809167054,контекст,,admin,new
crm-003548,2026-08-08 11:53:35,+7 (976) 770-02-00,реклама в яндексе,,admin,lost
crm-002190,2026-08-08 11:54:48,89820004437,сайт,,admin,lost
crm-000062,2026-08-08 11:58:16,7-990-506-27-00,вконтакте,,admin,visited
crm-000986,2026-08-08 11:58:48,+7 (966) 279-69-63,Сайт: форма,mk-000811,integration,lost
crm-000987,2026-08-08 12:03:12,89662796963,Сайт: форма,mk-000812,integration,new
crm-000005,2026-08-08 12:24:52,+7 (927) 684-86-83,яндекс.карты,,admin,visited
crm-000528,2026-08-08 12:39:02,+79303789141,с улицы,,admin,visited
crm-003564,2026-08-08 12:41:12,8(992)0090996,Сайт: форма,mk-002992,integration,visited
crm-000382,2026-08-08 12:42:27,89891146819,Виджет записи,bk-000059,integration,booked
crm-001975,2026-08-08 12:46:22,8(991)3207202,Сайт: форма,mk-001674,integration,in_work
crm-002881,2026-08-08 12:47:35,89529189991,Виджет записи,bk-000559,integration,visited
crm-001329,2026-08-08 12:53:43,8(908)1453946,с улицы,,admin,visited
crm-000601,2026-08-08 13:01:42,9675869847,Виджет записи,bk-000104,integration,visited
crm-002929,2026-08-08 13:04:07,7-931-026-66-44,Я.Карты,,admin,in_work
crm-003465,2026-08-08 13:23:04,7-939-189-91-51,яндекс директ,,admin,lost
crm-000310,2026-08-08 13:25:14,8(976)5379834,Виджет записи,bk-000046,integration,in_work
crm-000559,2026-08-08 13:25:16,+7 (950) 908-36-55,Виджет записи,bk-000095,integration,in_work
crm-000311,2026-08-08 13:26:28,8 976 537 98 34,Виджет записи,bk-000046,integration,new
crm-003123,2026-08-08 13:34:32,+79243209894,Виджет записи,bk-000608,integration,lost
crm-001440,2026-08-08 13:37:21,89808977401,Сайт: форма,mk-001205,integration,in_work
crm-002715,2026-08-08 13:37:52,7-953-073-15-54,ЯД,,admin,booked
crm-002457,2026-08-08 13:42:22,8(935)4265476,пришёл сам,,admin,in_work
crm-002218,2026-08-08 13:47:11,8(947)7035641,не помню,,admin,lost
crm-002339,2026-08-08 13:49:26,9536223329,поиск,,admin,new
crm-003632,2026-08-08 13:54:19,8(996)7107093,контекст,,admin,new
crm-001285,2026-08-08 13:57:38,+7 (947) 082-23-00,таргет вк,,admin,visited
crm-003035,2026-08-08 14:01:05,+79452057717,2 гис,,admin,lost
crm-001407,2026-08-08 14:14:18,89169573269,Сайт: форма,mk-001180,integration,in_work
crm-002149,2026-08-08 14:22:48,7-992-331-59-53,Сайт: форма,mk-001830,integration,lost
crm-000308,2026-08-08 14:24:34,+7 (962) 496-05-83,Сайт: форма,mk-000267,integration,lost
crm-000964,2026-08-08 14:25:43,89222681162,ВК,,admin,lost
crm-001210,2026-08-08 14:38:29,89050011881,Сайт: форма,mk-001013,integration,visited
crm-002073,2026-08-08 14:38:42,89843164997,Виджет записи,bk-000391,integration,in_work
crm-001211,2026-08-08 14:43:31,8(905)0011881,Сайт: форма,mk-001014,integration,new
crm-000828,2026-08-08 14:50:57,89273435237,2 гис,,admin,booked
crm-001565,2026-08-08 14:54:55,+79068991204,Яндекс карты,,admin,in_work
crm-002160,2026-08-08 15:06:17,9341208113,Сайт: форма,mk-001837,integration,in_work
crm-002301,2026-08-08 15:08:50,+79527023480,Сайт: форма,mk-001944,integration,lost
crm-001141,2026-08-08 15:11:09,+79203946144,2ГИС,,admin,visited
crm-001603,2026-08-08 15:14:41,+79004251804,Виджет записи,bk-000303,integration,in_work
crm-001850,2026-08-08 15:32:10,9138694775,Виджет записи,bk-000351,integration,visited
crm-003835,2026-08-08 15:51:02,+7 (900) 000-00-00,Сайт: форма,mk-003225,integration,new
crm-003302,2026-08-08 16:11:33,8 943 619 79 96,реклама в яндексе,,admin,visited
crm-001798,2026-08-08 16:15:35,9554119979,знакомые,,admin,visited
crm-001567,2026-08-08 16:26:30,9427378903,Виджет записи,bk-000291,integration,in_work
crm-003690,2026-08-08 16:27:29,+79237333197,не помню,,admin,booked
crm-000692,2026-08-08 16:34:34,9893759956,реклама в яндексе,,admin,new
crm-001938,2026-08-08 17:04:02,7-957-434-32-28,Виджет записи,bk-000370,integration,in_work
crm-002197,2026-08-08 17:05:33,+7 (964) 877-11-23,Сайт: форма,mk-001865,integration,visited
crm-002596,2026-08-08 17:09:24,+79741052403,2гис,,admin,booked
crm-001903,2026-08-08 17:13:48,+79992558841,друзья,,admin,lost
crm-003206,2026-08-08 17:16:09,8 900 447 33 24,пришёл сам,,admin,visited
crm-000183,2026-08-08 17:41:21,7-955-980-73-96,контекст,,admin,lost
crm-002003,2026-08-08 17:46:02,+79976776749,проходил мимо,,admin,visited
crm-003064,2026-08-08 18:05:22,8 902 291 96 42,друзья,,admin,visited
crm-002692,2026-08-08 18:15:17,8(953)4856963,пришёл сам,,admin,visited
crm-000874,2026-08-08 18:22:58,8(983)1573904,Сайт: форма,mk-000724,integration,in_work
crm-001353,2026-08-08 18:46:40,7-937-518-23-50,Виджет записи,bk-000253,integration,new
crm-001611,2026-08-08 19:00:04,9687983007,Виджет записи,bk-000306,integration,visited
crm-001766,2026-08-08 19:04:54,8 996 720 05 45,,,admin,lost
crm-000484,2026-08-08 19:06:05,8(931)9051005,вывеска,,admin,visited
crm-001840,2026-08-08 19:23:12,8(948)3957277,другое,,admin,booked
crm-000221,2026-08-08 19:38:52,+79740424032,Сайт: форма,mk-000201,integration,in_work
crm-003325,2026-08-08 20:18:10,7-973-191-49-49,Сайт: форма,mk-002784,integration,in_work
crm-001080,2026-08-08 20:18:41,+79557482409,Виджет записи,bk-000209,integration,lost
crm-001401,2026-08-08 20:42:26,89655507358,Сайт: форма,mk-001177,integration,lost
crm-002635,2026-08-08 21:00:11,8 941 581 47 17,Виджет записи,bk-000503,integration,visited
crm-002903,2026-08-08 21:05:03,8(969)4740754,Сайт: форма,mk-002421,integration,booked
crm-002904,2026-08-08 21:05:48,9694740754,Сайт: форма,mk-002421,integration,new
crm-002639,2026-08-08 21:10:06,9137274946,Сайт: форма,mk-002211,integration,lost
crm-002193,2026-08-08 21:42:31,8(950)5002055,Виджет записи,bk-000415,integration,booked
crm-001661,2026-08-08 22:01:24,+7 (931) 451-48-30,Сайт: форма,mk-001404,integration,booked
crm-001893,2026-08-08 22:02:37,7-956-824-95-42,Виджет записи,bk-000363,integration,in_work
crm-000455,2026-08-08 22:33:57,+7 (979) 852-92-05,Виджет записи,bk-000078,integration,booked
crm-001236,2026-08-08 22:35:40,+7 (936) 451-06-48,Сайт: форма,mk-001037,integration,lost
crm-000226,2026-08-09 00:54:12,7-960-382-45-46,Сайт: форма,mk-000206,integration,lost
crm-000385,2026-08-09 01:10:59,8(991)9426048,Виджет записи,bk-000060,integration,lost
crm-000173,2026-08-09 01:14:08,7-980-545-14-39,Сайт: форма,mk-000158,integration,booked
crm-002086,2026-08-09 02:29:17,+79615469473,Виджет записи,bk-000394,integration,in_work
crm-002087,2026-08-09 02:30:15,7-961-546-94-73,Виджет записи,bk-000394,integration,new
crm-001477,2026-08-09 02:45:05,89743216004,Сайт: форма,mk-001232,integration,lost
crm-000803,2026-08-09 03:07:02,9638855948,Сайт: форма,mk-000661,integration,in_work
crm-003040,2026-08-09 03:23:55,89770761963,Сайт: форма,mk-002537,integration,in_work
crm-002906,2026-08-09 03:24:18,7-927-321-32-21,Виджет записи,bk-000562,integration,lost
crm-001331,2026-08-09 03:33:57,7-923-988-20-39,Сайт: форма,mk-001118,integration,booked
crm-002076,2026-08-09 03:49:24,8(991)0149500,Сайт: форма,mk-001768,integration,in_work
crm-002077,2026-08-09 03:50:37,7-991-014-95-00,Сайт: форма,mk-001768,integration,new
crm-002966,2026-08-09 05:07:22,+79526060496,Сайт: форма,mk-002477,integration,lost
crm-001716,2026-08-09 05:32:16,+79770695582,Виджет записи,bk-000320,integration,in_work
crm-001627,2026-08-09 06:42:17,+79022975131,Виджет записи,bk-000309,integration,lost
crm-003357,2026-08-09 07:48:33,7-911-604-14-87,Сайт: форма,mk-002809,integration,visited
crm-000747,2026-08-09 09:12:09,8 933 897 56 13,дубльгис,,admin,visited
crm-003562,2026-08-09 09:16:43,8 991 578 15 38,нашли в интернете,,admin,visited
crm-000009,2026-08-09 09:17:56,7-911-885-97-20,пришёл сам,,admin,visited
crm-001138,2026-08-09 09:18:01,+79487335214,Сайт: форма,mk-000950,integration,booked
crm-000424,2026-08-09 09:32:58,+7 (990) 912-36-37,Виджет записи,bk-000073,integration,in_work
crm-002234,2026-08-09 09:39:38,8 979 498 47 68,поиск,,admin,lost
crm-001314,2026-08-09 09:57:18,+79273187421,Сайт: форма,mk-001102,integration,lost
crm-003825,2026-08-09 10:11:02,9000000000,Сайт: форма,mk-003215,integration,new
crm-002094,2026-08-09 10:11:35,8 933 995 46 70,Сайт: форма,mk-001782,integration,lost
crm-002037,2026-08-09 10:13:53,9462905869,Сайт: форма,mk-001725,integration,booked
crm-000715,2026-08-09 10:37:03,7-972-843-67-50,Сайт: форма,mk-000591,integration,booked
crm-001460,2026-08-09 11:07:18,8 971 436 58 39,Я.Директ,,admin,booked
crm-002907,2026-08-09 11:07:34,+7 (989) 454-35-61,другое,,admin,lost
crm-003320,2026-08-09 11:15:46,+79368726419,с улицы,,admin,lost
crm-003401,2026-08-09 11:16:40,8 990 993 98 02,яндекс директ,,admin,in_work
crm-003637,2026-08-09 11:19:49,8(997)3008636,нашли в интернете,,admin,lost
crm-000677,2026-08-09 11:23:35,+79355686632,реклама вк,,admin,lost
crm-002543,2026-08-09 11:37:22,+79006154824,повторный пациент,,admin,lost
crm-002877,2026-08-09 11:51:51,7-986-493-21-03,проходил мимо,,admin,booked
crm-003207,2026-08-09 12:14:11,9983790020,ВК,,admin,lost
crm-002844,2026-08-09 12:19:24,9186731228,ЯД,,admin,new
crm-002956,2026-08-09 12:20:13,8(928)1895379,Сайт: форма,mk-002466,integration,in_work
crm-001743,2026-08-09 12:25:50,+79207858387,Виджет записи,bk-000327,integration,visited
crm-002225,2026-08-09 12:32:18,+79860327972,VK,,admin,lost
crm-001056,2026-08-09 12:37:19,8 974 826 35 99,реклама вк,,admin,new
crm-003427,2026-08-09 12:38:05,+79640785187,Виджет записи,bk-000668,integration,booked
crm-001457,2026-08-09 12:39:17,7-955-544-09-42,пришёл сам,,admin,visited
crm-000541,2026-08-09 12:47:02,+79045283442,,,admin,lost
crm-002040,2026-08-09 12:51:44,9324797737,Сайт: форма,mk-001728,integration,in_work
crm-001444,2026-08-09 13:24:00,+79422696321,Виджет записи,bk-000270,integration,lost
crm-003603,2026-08-09 13:32:57,89569956861,Виджет записи,bk-000700,integration,visited
crm-002885,2026-08-09 13:41:52,+79596388066,Виджет записи,bk-000560,integration,new
crm-000506,2026-08-09 13:58:28,+7 (944) 460-13-90,Я.Карты,,admin,booked
crm-000364,2026-08-09 13:59:32,89779980351,Сайт: форма,mk-000311,integration,lost
crm-000893,2026-08-09 14:01:22,8 988 166 87 25,карты,,admin,visited
crm-000379,2026-08-09 14:13:30,+7 (957) 872-32-73,Сайт: форма,mk-000324,integration,booked
crm-003174,2026-08-09 14:18:53,+79502973415,яндекс директ,,admin,booked
crm-002312,2026-08-09 14:23:10,7-978-796-14-97,друзья,,admin,lost
crm-000794,2026-08-09 14:28:12,9301195896,Виджет записи,bk-000144,integration,visited
crm-001843,2026-08-09 14:29:21,7-904-932-30-10,Сайт: форма,mk-001560,integration,new
crm-001844,2026-08-09 14:31:20,8(904)9323010,Сайт: форма,mk-001561,integration,new
crm-001838,2026-08-09 15:00:47,9478677333,друзья,,admin,new
crm-000337,2026-08-09 15:20:04,8 970 288 46 00,Виджет записи,bk-000052,integration,in_work
crm-000816,2026-08-09 15:43:40,9941283169,пришёл сам,,admin,lost
crm-003056,2026-08-09 15:50:17,+79468055653,2 гис,,admin,lost
crm-002185,2026-08-09 15:54:54,9546325770,ВК,,admin,new
crm-000272,2026-08-09 15:59:37,8(921)3340296,реклама вк,,admin,visited
crm-002490,2026-08-09 16:03:03,9341920895,проходил мимо,,admin,visited
crm-001484,2026-08-09 16:11:14,+7 (901) 220-73-52,Я.Директ,,admin,booked
crm-001482,2026-08-09 16:21:47,89079760045,сайт,,admin,new
crm-003823,2026-08-09 16:28:02,+79990000000,Сайт: форма,mk-003213,integration,new
crm-000461,2026-08-09 16:34:20,89993531562,проходил мимо,,admin,in_work
crm-001642,2026-08-09 16:52:08,8 921 250 98 70,Сайт: форма,mk-001389,integration,visited
crm-000199,2026-08-09 16:56:47,+7 (956) 789-58-45,Виджет записи,bk-000025,integration,lost
crm-001298,2026-08-09 16:57:49,89083275822,Сайт: форма,mk-001087,integration,lost
crm-001411,2026-08-09 16:59:45,+7 (971) 047-28-60,проходил мимо,,admin,in_work
crm-001293,2026-08-09 17:17:59,+7 (989) 961-63-05,дубльгис,,admin,booked
crm-000203,2026-08-09 17:19:18,7-925-179-26-40,Сайт: форма,mk-000182,integration,in_work
crm-001961,2026-08-09 17:34:02,+79485293835,сайт,,admin,visited
crm-000061,2026-08-09 17:36:40,89420584550,гугл,,admin,in_work
crm-001117,2026-08-09 17:37:07,89612477259,ВК,,admin,in_work
crm-002079,2026-08-09 17:40:12,9527430319,Виджет записи,bk-000392,integration,lost
crm-001759,2026-08-09 18:01:38,+7 (992) 213-58-11,проходил мимо,,admin,visited
crm-001874,2026-08-09 18:32:35,8(957)7756309,контекст,,admin,new
crm-001586,2026-08-09 18:57:17,+7 (959) 291-52-29,яндекс директ,,admin,in_work
crm-002173,2026-08-09 18:58:07,8 973 608 17 98,ВК,,admin,booked
crm-002029,2026-08-09 18:58:54,7-979-889-76-76,сайт,,admin,lost
crm-001185,2026-08-09 19:05:37,9386374879,гугл,,admin,booked
crm-001160,2026-08-09 19:09:51,+79522340642,Виджет записи,bk-000221,integration,lost
crm-001963,2026-08-09 19:21:07,7-910-047-14-12,гугл,,admin,visited
crm-001026,2026-08-09 19:27:28,89320168451,Виджет записи,bk-000198,integration,booked
crm-003263,2026-08-09 19:38:05,+79968785953,знакомые,,admin,visited
crm-003634,2026-08-09 19:51:47,8 987 759 26 26,другое,,admin,lost
crm-003464,2026-08-09 20:17:40,8 967 800 74 33,Сайт: форма,mk-002900,integration,lost
crm-002865,2026-08-09 20:34:14,89293343429,Виджет записи,bk-000557,integration,booked
crm-000838,2026-08-09 20:36:13,89542451959,Сайт: форма,mk-000689,integration,visited
crm-000839,2026-08-09 20:41:17,8 954 245 19 59,Сайт: форма,mk-000690,integration,new
crm-000840,2026-08-09 20:45:54,8 954 245 19 59,Сайт: форма,mk-000691,integration,new
crm-000217,2026-08-09 20:47:42,7-979-799-52-38,Сайт: форма,mk-000195,integration,in_work
crm-003748,2026-08-09 20:50:02,+7 (960) 653-98-37,Сайт: форма,mk-003149,integration,booked
crm-003749,2026-08-09 20:51:15,8 960 653 98 37,Сайт: форма,mk-003149,integration,new
crm-002156,2026-08-09 20:54:58,9406594384,Виджет записи,bk-000408,integration,booked
crm-000142,2026-08-09 21:28:00,+7 (985) 430-62-25,Виджет записи,bk-000017,integration,in_work
crm-003590,2026-08-09 21:38:11,89778850341,Сайт: форма,mk-003010,integration,visited
crm-003591,2026-08-09 21:39:29,+7 (977) 885-03-41,Сайт: форма,mk-003010,integration,new
crm-000063,2026-08-09 21:40:25,8 990 031 71 57,Сайт: форма,mk-000062,integration,lost
crm-000693,2026-08-09 21:40:33,8 977 272 95 12,Сайт: форма,mk-000574,integration,lost
crm-000034,2026-08-09 21:44:03,8 915 880 29 70,Сайт: форма,mk-000031,integration,lost
crm-000694,2026-08-09 21:54:19,+79690221824,Сайт: форма,mk-000575,integration,in_work
crm-002912,2026-08-09 21:58:39,+7 (980) 286-67-62,Сайт: форма,mk-002430,integration,lost
crm-000070,2026-08-09 22:23:22,8(953)6390799,Сайт: форма,mk-000068,integration,in_work
crm-000071,2026-08-09 22:25:40,89536390799,Сайт: форма,mk-000069,integration,new
crm-000072,2026-08-09 22:29:43,9536390799,Сайт: форма,mk-000070,integration,new
crm-003815,2026-08-09 23:01:57,+79370831686,Сайт: форма,mk-003202,integration,lost
crm-002687,2026-08-10 00:10:29,8 981 509 12 62,Сайт: форма,mk-002245,integration,lost
crm-001279,2026-08-10 00:23:53,+79229816802,Сайт: форма,mk-001072,integration,lost
crm-002318,2026-08-10 00:46:41,+79148387894,Сайт: форма,mk-001954,integration,lost
crm-001601,2026-08-10 01:19:22,7-904-652-70-55,Сайт: форма,mk-001348,integration,booked
crm-001602,2026-08-10 01:23:05,8 904 652 70 55,Сайт: форма,mk-001349,integration,new
crm-002389,2026-08-10 01:57:42,89658211298,Сайт: форма,mk-002007,integration,booked
crm-001275,2026-08-10 02:25:27,7-901-937-58-01,Виджет записи,bk-000239,integration,visited
crm-000645,2026-08-10 05:54:36,8(963)6083997,Виджет записи,bk-000111,integration,lost
crm-001479,2026-08-10 06:07:52,9500288399,Виджет записи,bk-000277,integration,visited
crm-000358,2026-08-10 08:59:26,8(936)4988552,Виджет записи,bk-000055,integration,booked
crm-003010,2026-08-10 09:41:34,9745612406,яндекс.карты,,admin,visited
crm-001652,2026-08-10 09:57:30,+79213494211,сайт,,admin,lost
crm-000428,2026-08-10 10:02:21,89884714841,с улицы,,admin,lost
crm-002985,2026-08-10 10:09:05,8(990)0580689,Сайт: форма,mk-002493,integration,lost
crm-003332,2026-08-10 10:12:09,8 934 484 07 89,Виджет записи,bk-000645,integration,new
crm-001727,2026-08-10 10:14:00,8 940 789 64 16,Виджет записи,bk-000325,integration,in_work
crm-003208,2026-08-10 10:31:46,+79063903665,по рекомендации,,admin,lost
crm-002075,2026-08-10 10:44:06,9876746321,нашли в интернете,,admin,booked
crm-003542,2026-08-10 10:47:59,7-924-160-03-87,Сайт: форма,mk-002976,integration,booked
crm-001369,2026-08-10 11:08:11,7-983-396-07-36,пришёл сам,,admin,visited
crm-000514,2026-08-10 11:12:47,89739737040,вывеска,,admin,visited
crm-003309,2026-08-10 11:13:43,7-917-786-79-85,Я.Директ,,admin,lost
crm-001592,2026-08-10 11:14:37,+79886759023,проходил мимо,,admin,visited
crm-000280,2026-08-10 11:15:42,89330110284,другое,,admin,visited
crm-003505,2026-08-10 11:17:17,89988305720,ЯД,,admin,booked
crm-002691,2026-08-10 11:19:44,+7 (985) 967-81-37,яндекс.карты,,admin,in_work
crm-001765,2026-08-10 11:35:48,8 954 653 74 65,знакомые,,admin,lost
crm-000450,2026-08-10 11:36:05,8(987)6095458,Сайт: форма,mk-000374,integration,visited
crm-001100,2026-08-10 11:36:20,+79614222779,яндекс.карты,,admin,lost
crm-003209,2026-08-10 11:42:05,+79195400301,ЯД,,admin,lost
crm-001437,2026-08-10 11:55:52,9540176039,пришёл сам,,admin,visited
crm-002664,2026-08-10 11:56:49,8 905 241 09 17,яндекс.карты,,admin,visited
crm-001939,2026-08-10 12:07:00,+7 (957) 434-32-28,Я.Директ,,admin,new
crm-002025,2026-08-10 12:13:40,89509586808,повторный пациент,,admin,visited
crm-002525,2026-08-10 12:27:40,89383394794,Сайт: форма,mk-002108,integration,lost
crm-000512,2026-08-10 12:43:38,89632801813,по рекомендации,,admin,visited
crm-000081,2026-08-10 12:43:43,+79609566079,не помню,,admin,lost
crm-002080,2026-08-10 12:50:11,+79527430319,нашли в интернете,,admin,new
crm-003537,2026-08-10 12:56:17,89594960598,Сайт: форма,mk-002971,integration,lost
crm-001987,2026-08-10 13:20:41,89074237273,Сайт: форма,mk-001686,integration,visited
crm-002456,2026-08-10 13:31:47,7-942-301-50-82,по рекомендации,,admin,visited
crm-002395,2026-08-10 13:38:11,+7 (998) 187-40-95,Виджет записи,bk-000462,integration,in_work
crm-000903,2026-08-10 13:46:46,8 946 626 89 82,,,admin,lost
crm-003308,2026-08-10 13:56:21,8 943 611 57 28,поиск,,admin,visited
crm-000056,2026-08-10 13:58:17,+79622833948,Сайт: форма,mk-000054,integration,booked
crm-001995,2026-08-10 14:00:17,9339079280,сайт,,admin,new
crm-002028,2026-08-10 14:01:28,+7 (996) 042-42-36,дубльгис,,admin,lost
crm-003842,2026-08-10 14:03:02,8 900 000 00 00,Сайт: форма,mk-003232,integration,new
crm-001414,2026-08-10 14:12:41,8(936)4244335,другое,,admin,visited
crm-002659,2026-08-10 14:16:22,8(937)3112600,Виджет записи,bk-000510,integration,visited
crm-002142,2026-08-10 14:20:01,8 935 948 86 40,Сайт: форма,mk-001823,integration,booked
crm-003832,2026-08-10 14:25:02,7-999-000-00-00,Сайт: форма,mk-003222,integration,new
crm-003076,2026-08-10 14:31:25,8(922)0602652,проходил мимо,,admin,lost
crm-002526,2026-08-10 14:36:32,9140363719,Сайт: форма,mk-002109,integration,booked
crm-000950,2026-08-10 14:40:05,89348947903,Сайт: форма,mk-000788,integration,in_work
crm-002446,2026-08-10 15:01:51,89863114508,Сайт: форма,mk-002047,integration,lost
crm-002305,2026-08-10 15:02:18,8(904)0598531,Сайт: форма,mk-001947,integration,visited
crm-002854,2026-08-10 15:04:02,89732391012,нашли в интернете,,admin,visited
crm-003724,2026-08-10 15:10:38,8(964)8923244,контекст,,admin,lost
crm-002818,2026-08-10 15:18:49,+79284849226,реклама,,admin,visited
crm-001081,2026-08-10 15:33:54,8 919 277 61 88,пришёл сам,,admin,visited
crm-003518,2026-08-10 15:38:17,9185735243,Сайт: форма,mk-002956,integration,lost
crm-003432,2026-08-10 15:43:48,9949979705,реклама в яндексе,,admin,visited
crm-001159,2026-08-10 15:44:02,8(905)7299875,поиск,,admin,booked
crm-000843,2026-08-10 15:46:49,+7 (999) 965-95-79,другое,,admin,lost
crm-003766,2026-08-10 15:48:02,89078507681,Сайт: форма,mk-003164,integration,in_work
crm-002887,2026-08-10 16:33:06,7-974-058-19-54,яндекс.карты,,admin,visited
crm-002180,2026-08-10 16:38:00,+79444092346,вывеска,,admin,visited
crm-001451,2026-08-10 16:42:27,9130821751,другое,,admin,visited
crm-001853,2026-08-10 16:45:28,+7 (941) 256-93-22,сайт,,admin,visited
crm-002946,2026-08-10 16:53:44,+7 (954) 148-03-80,другое,,admin,lost
crm-002109,2026-08-10 16:54:30,8 996 689 65 12,Виджет записи,bk-000401,integration,new
crm-002546,2026-08-10 16:57:26,89930810219,Сайт: форма,mk-002129,integration,lost
crm-002581,2026-08-10 17:11:59,7-970-701-49-77,Сайт: форма,mk-002161,integration,booked
crm-002286,2026-08-10 17:29:00,8(921)3044590,не помню,,admin,booked
crm-003838,2026-08-10 17:29:02,8 900 000 00 00,Сайт: форма,mk-003228,integration,new
crm-000015,2026-08-10 17:51:59,7-967-905-66-16,2ГИС,,admin,lost
crm-002186,2026-08-10 18:02:53,8 942 672 01 70,яндекс.карты,,admin,lost
crm-003515,2026-08-10 18:05:34,8 943 964 00 88,контекст,,admin,booked
crm-003489,2026-08-10 18:44:46,89886208783,ВК,,admin,visited
crm-003725,2026-08-10 19:09:35,+79669622683,Сайт: форма,mk-003130,integration,in_work
crm-001549,2026-08-10 19:20:27,8(989)9719448,яндекс.карты,,admin,visited
crm-000784,2026-08-10 19:31:36,89039213480,Сайт: форма,mk-000645,integration,lost
crm-000785,2026-08-10 19:33:22,+7 (903) 921-34-80,Сайт: форма,mk-000646,integration,new
crm-002679,2026-08-10 19:38:13,8 919 079 36 65,Сайт: форма,mk-002239,integration,lost
crm-002240,2026-08-10 19:54:15,9263518988,Виджет записи,bk-000427,integration,visited
crm-003719,2026-08-10 20:31:08,9650475879,Сайт: форма,mk-003125,integration,lost
crm-000926,2026-08-10 20:46:58,+79188411033,Виджет записи,bk-000172,integration,booked
crm-003039,2026-08-10 21:03:06,7-988-860-64-18,Сайт: форма,mk-002536,integration,lost
crm-001687,2026-08-10 21:13:35,9407972281,Виджет записи,bk-000316,integration,visited
crm-001478,2026-08-10 21:21:48,+79210765451,Сайт: форма,mk-001233,integration,in_work
crm-002733,2026-08-10 21:30:06,8(955)7696336,Виджет записи,bk-000526,integration,in_work
crm-001380,2026-08-10 22:10:49,7-907-758-87-30,Сайт: форма,mk-001160,integration,booked
crm-001381,2026-08-10 22:13:49,9077588730,Сайт: форма,mk-001161,integration,new
crm-000276,2026-08-10 22:16:25,8 994 907 64 56,Виджет записи,bk-000035,integration,lost
crm-002601,2026-08-10 22:17:55,9752068527,Сайт: форма,mk-002177,integration,lost
crm-001731,2026-08-10 22:37:37,9486727332,Сайт: форма,mk-001467,integration,lost
crm-001732,2026-08-10 22:41:12,9486727332,Сайт: форма,mk-001468,integration,new
crm-001998,2026-08-10 22:47:53,7-913-393-22-16,Сайт: форма,mk-001694,integration,visited
crm-001555,2026-08-10 22:52:29,8 987 114 64 77,Сайт: форма,mk-001307,integration,in_work
crm-000731,2026-08-10 22:54:21,8 902 871 91 91,Сайт: форма,mk-000605,integration,booked
crm-000732,2026-08-10 22:57:57,+79028719191,Сайт: форма,mk-000606,integration,new
crm-000733,2026-08-10 23:03:08,8(902)8719191,Сайт: форма,mk-000607,integration,new
crm-000228,2026-08-11 01:17:08,+79821409109,Виджет записи,bk-000028,integration,booked
crm-002249,2026-08-11 01:57:13,89040805521,Виджет записи,bk-000428,integration,in_work
crm-003324,2026-08-11 02:02:25,8 961 796 78 66,Сайт: форма,mk-002783,integration,booked
crm-000492,2026-08-11 02:36:23,+79112627485,Сайт: форма,mk-000407,integration,in_work
crm-003799,2026-08-11 02:57:23,+7 (968) 576-51-33,Виджет записи,bk-000741,integration,visited
crm-003293,2026-08-11 04:00:54,+79189441342,Виджет записи,bk-000639,integration,lost
crm-001666,2026-08-11 04:04:44,+7 (927) 278-45-92,Сайт: форма,mk-001410,integration,lost
crm-003782,2026-08-11 04:45:28,8(919)2384670,Сайт: форма,mk-003179,integration,booked
crm-000239,2026-08-11 07:26:28,8 989 274 21 84,Сайт: форма,mk-000216,integration,booked
crm-000240,2026-08-11 07:30:47,7-989-274-21-84,Сайт: форма,mk-000217,integration,new
crm-000010,2026-08-11 07:38:19,+79563945628,Сайт: форма,mk-000010,integration,visited
crm-001146,2026-08-11 08:23:49,8 960 782 04 81,Сайт: форма,mk-000956,integration,in_work
crm-001358,2026-08-11 10:11:54,8(926)5947153,реклама в яндексе,,admin,visited
crm-002316,2026-08-11 10:24:50,9214044094,пришёл сам,,admin,visited
crm-000049,2026-08-11 10:31:48,9865978523,,,admin,lost
crm-003149,2026-08-11 10:36:40,7-968-628-62-24,повторный пациент,,admin,new
crm-000076,2026-08-11 10:41:38,+79071845314,сайт,,admin,booked
crm-000319,2026-08-11 10:43:53,8(968)5528697,Сайт: форма,mk-000274,integration,booked
crm-001394,2026-08-11 10:50:58,8(958)0148122,Сайт: форма,mk-001171,integration,lost
crm-002435,2026-08-11 11:03:30,+7 (984) 367-84-60,нашли в интернете,,admin,visited
crm-000713,2026-08-11 11:07:14,+79426610786,2ГИС,,admin,lost
crm-002480,2026-08-11 11:18:31,7-993-297-29-36,Виджет записи,bk-000477,integration,in_work
crm-001294,2026-08-11 11:20:30,89283206435,Я.Директ,,admin,lost
crm-000965,2026-08-11 11:48:52,9669847423,с улицы,,admin,lost
crm-000326,2026-08-11 11:52:45,89424615947,не помню,,admin,booked
crm-002491,2026-08-11 11:56:08,7-997-577-53-02,сарафан,,admin,visited
crm-003760,2026-08-11 12:03:36,7-902-007-38-55,Сайт: форма,mk-003158,integration,lost
crm-000035,2026-08-11 12:14:30,+7 (961) 025-61-66,Сайт: форма,mk-000032,integration,visited
crm-000580,2026-08-11 12:26:00,+79094359497,сайт,,admin,lost
crm-002775,2026-08-11 12:35:34,+79401481543,карты,,admin,in_work
crm-001513,2026-08-11 12:39:48,89096358399,Виджет записи,bk-000283,integration,booked
crm-002840,2026-08-11 12:59:32,+7 (914) 692-37-82,Виджет записи,bk-000551,integration,visited
crm-000847,2026-08-11 13:28:10,89489769974,Сайт: форма,mk-000701,integration,lost
crm-000811,2026-08-11 13:29:17,8(995)2743967,таргет вк,,admin,lost
crm-002751,2026-08-11 13:29:33,7-923-970-41-31,Яндекс,,admin,visited
crm-000243,2026-08-11 13:41:35,8 932 501 40 89,Сайт: форма,mk-000219,integration,lost
crm-001276,2026-08-11 13:43:20,89212185715,Сайт: форма,mk-001069,integration,booked
crm-001277,2026-08-11 13:47:43,7-921-218-57-15,Сайт: форма,mk-001070,integration,new
crm-001730,2026-08-11 14:01:22,89652847789,вывеска,,admin,lost
crm-001808,2026-08-11 14:01:46,7-947-835-18-50,2ГИС,,admin,visited
crm-000817,2026-08-11 14:09:06,7-984-805-53-03,дубльгис,,admin,visited
crm-003543,2026-08-11 14:11:10,8(958)9741635,поиск,,admin,in_work
crm-000976,2026-08-11 14:17:49,7-971-177-74-67,Виджет записи,bk-000182,integration,visited
crm-000114,2026-08-11 14:27:42,7-912-251-50-16,сайт,,admin,new
crm-001833,2026-08-11 14:33:39,89396325703,реклама в яндексе,,admin,visited
crm-003073,2026-08-11 14:45:22,+7 (919) 667-97-22,Сайт: форма,mk-002565,integration,lost
crm-001575,2026-08-11 14:52:06,+79533309536,Виджет записи,bk-000295,integration,visited
crm-002816,2026-08-11 14:59:09,89831452917,2ГИС,,admin,visited
crm-000324,2026-08-11 15:01:37,89685694973,поиск,,admin,visited
crm-003360,2026-08-11 15:04:33,+79771625754,Яндекс карты,,admin,lost
crm-003191,2026-08-11 15:29:23,8(964)1180544,яндекс.карты,,admin,lost
crm-002529,2026-08-11 15:45:49,9482054846,Я.Карты,,admin,visited
crm-000624,2026-08-11 15:47:18,89700373572,Я.Карты,,admin,in_work
crm-000123,2026-08-11 16:04:59,+7 (948) 591-16-65,нашли в интернете,,admin,in_work
crm-003071,2026-08-11 16:08:41,+79998616101,яндекс.карты,,admin,in_work
crm-000762,2026-08-11 16:16:17,+7 (973) 442-19-97,Яндекс карты,,admin,booked
crm-003651,2026-08-11 16:16:45,+79243653108,Виджет записи,bk-000709,integration,visited
crm-002105,2026-08-11 16:26:06,9705309491,Виджет записи,bk-000399,integration,visited
crm-003329,2026-08-11 16:27:50,+79004301874,дубльгис,,admin,booked
crm-003423,2026-08-11 16:35:38,+79691449472,Виджет записи,bk-000666,integration,lost
crm-002749,2026-08-11 16:39:29,9805403055,Сайт: форма,mk-002297,integration,in_work
crm-000663,2026-08-11 16:49:19,8(995)7615023,Сайт: форма,mk-000547,integration,booked
crm-003226,2026-08-11 16:49:53,89895155757,другое,,admin,lost
crm-003662,2026-08-11 17:02:22,8(966)6648489,сарафан,,admin,lost
crm-002566,2026-08-11 17:02:32,8(937)4594195,Виджет записи,bk-000491,integration,visited
crm-003090,2026-08-11 17:15:17,+7 (941) 380-52-42,сайт,,admin,visited
crm-001215,2026-08-11 17:19:01,+7 (989) 714-30-42,реклама вк,,admin,lost
crm-001456,2026-08-11 17:20:28,8 978 422 79 82,реклама,,admin,booked
crm-000284,2026-08-11 17:28:50,89373995677,2гис,,admin,lost
crm-001545,2026-08-11 18:02:55,8 949 225 57 64,знакомые,,admin,visited
crm-003286,2026-08-11 18:03:40,7-941-854-02-74,яндекс.карты,,admin,lost
crm-003230,2026-08-11 18:13:04,8 947 225 06 13,проходил мимо,,admin,booked
crm-001072,2026-08-11 18:25:37,+79300657842,яндекс.карты,,admin,lost
crm-000312,2026-08-11 18:34:12,7-976-537-98-34,сайт,,admin,new
crm-003408,2026-08-11 18:41:44,8 933 448 68 31,2 гис,,admin,lost
crm-001162,2026-08-11 18:53:26,9104867667,реклама,,admin,lost
crm-003350,2026-08-11 19:05:38,7-950-494-30-12,Виджет записи,bk-000649,integration,visited
crm-000448,2026-08-11 19:06:00,+79387814473,Сайт: форма,mk-000372,integration,in_work
crm-003214,2026-08-11 19:16:39,7-919-340-90-37,Сайт: форма,mk-002690,integration,booked
crm-001610,2026-08-11 19:50:40,9056774604,Виджет записи,bk-000305,integration,in_work
crm-003716,2026-08-11 19:50:50,89210881360,Виджет записи,bk-000724,integration,lost
crm-001074,2026-08-11 19:57:03,7-995-272-97-77,Виджет записи,bk-000206,integration,lost
crm-000400,2026-08-11 19:58:02,7-952-948-06-63,Сайт: форма,mk-000339,integration,lost
crm-000537,2026-08-11 20:25:34,9816911862,Сайт: форма,mk-000444,integration,in_work
crm-002856,2026-08-11 20:31:56,89018529752,Сайт: форма,mk-002383,integration,booked
crm-002195,2026-08-11 20:33:10,9012697774,Сайт: форма,mk-001864,integration,lost
crm-001249,2026-08-11 20:35:26,7-942-457-80-90,Виджет записи,bk-000233,integration,in_work
crm-001925,2026-08-11 20:47:01,8(968)6872044,Виджет записи,bk-000367,integration,lost
crm-002731,2026-08-11 20:48:42,9144789032,Виджет записи,bk-000524,integration,lost
crm-001322,2026-08-11 21:11:11,7-938-974-65-47,Сайт: форма,mk-001109,integration,visited
crm-002646,2026-08-11 21:22:25,8(959)1565750,Сайт: форма,mk-002218,integration,lost
crm-000390,2026-08-11 22:01:08,89352965109,Сайт: форма,mk-000334,integration,booked
crm-000391,2026-08-11 22:02:27,+7 (935) 296-51-09,Сайт: форма,mk-000334,integration,new
crm-000025,2026-08-11 22:09:24,7-990-533-59-65,Виджет записи,bk-000004,integration,in_work
crm-000145,2026-08-11 22:27:01,+7 (995) 544-74-94,Сайт: форма,mk-000134,integration,in_work
crm-000664,2026-08-11 22:46:19,8(942)2814168,Сайт: форма,mk-000548,integration,lost
crm-002987,2026-08-11 22:52:49,89486951395,Сайт: форма,mk-002496,integration,lost
crm-002813,2026-08-11 22:53:01,9631779345,Сайт: форма,mk-002348,integration,lost
crm-003525,2026-08-11 22:56:22,8(967)4955421,Сайт: форма,mk-002963,integration,visited
crm-003364,2026-08-12 00:11:50,+7 (922) 537-87-59,Сайт: форма,mk-002815,integration,in_work
crm-003692,2026-08-12 00:25:35,7-955-245-83-07,Виджет записи,bk-000717,integration,in_work
crm-000678,2026-08-12 00:34:29,89204783101,Виджет записи,bk-000118,integration,lost
crm-000042,2026-08-12 00:46:04,+7 (997) 151-14-48,Сайт: форма,mk-000038,integration,lost
crm-001219,2026-08-12 00:46:23,9383668205,Сайт: форма,mk-001023,integration,lost
crm-003363,2026-08-12 01:35:27,8(957)0232960,Сайт: форма,mk-002814,integration,booked
crm-003498,2026-08-12 01:42:57,8 927 715 02 10,Сайт: форма,mk-002936,integration,in_work
crm-003499,2026-08-12 01:46:31,7-927-715-02-10,Сайт: форма,mk-002937,integration,new
crm-002931,2026-08-12 01:56:09,+79506249075,Сайт: форма,mk-002445,integration,lost
crm-002479,2026-08-12 03:06:50,+7 (907) 475-70-77,Сайт: форма,mk-002071,integration,visited
crm-002267,2026-08-12 03:11:01,89195723714,Сайт: форма,mk-001919,integration,in_work
crm-000011,2026-08-12 03:49:55,+79137321608,Виджет записи,bk-000001,integration,visited
crm-002172,2026-08-12 04:08:43,7-935-245-38-41,Сайт: форма,mk-001846,integration,lost
crm-000640,2026-08-12 04:28:33,9478670791,Сайт: форма,mk-000530,integration,in_work
crm-001282,2026-08-12 05:29:40,8(984)5277604,Сайт: форма,mk-001077,integration,visited
crm-003132,2026-08-12 07:18:26,9803106582,Виджет записи,bk-000611,integration,visited
crm-003689,2026-08-12 07:57:39,8(984)7665700,Виджет записи,bk-000716,integration,in_work
crm-003778,2026-08-12 09:24:06,8 905 289 51 06,пришёл сам,,admin,visited
crm-002153,2026-08-12 09:39:22,89963263304,Сайт: форма,mk-001834,integration,booked
crm-000775,2026-08-12 09:41:46,9823483850,таргет вк,,admin,visited
crm-001198,2026-08-12 09:53:20,+79139822336,Сайт: форма,mk-001003,integration,booked
crm-003037,2026-08-12 10:17:06,+7 (929) 686-72-82,Я.Карты,,admin,lost
crm-000333,2026-08-12 10:25:17,8 947 884 83 23,Сайт: форма,mk-000288,integration,new
crm-002760,2026-08-12 10:29:16,8 977 619 75 73,с улицы,,admin,lost
crm-000994,2026-08-12 10:35:41,9854312990,Я.Директ,,admin,lost
crm-003676,2026-08-12 10:38:10,89711400460,повторный пациент,,admin,lost
crm-000773,2026-08-12 10:47:56,89880752538,сайт,,admin,visited
crm-003248,2026-08-12 10:52:43,+79783281708,проходил мимо,,admin,in_work
crm-001316,2026-08-12 10:54:53,89790306454,,,admin,in_work
crm-002708,2026-08-12 11:10:13,+79608635941,Сайт: форма,mk-002266,integration,lost
crm-002573,2026-08-12 11:13:29,89958683634,гугл,,admin,in_work
crm-001108,2026-08-12 11:23:22,+79985548213,контекст,,admin,lost
crm-000171,2026-08-12 11:36:31,+79599801750,яндекс.карты,,admin,visited
crm-002110,2026-08-12 11:37:02,+7 (908) 744-63-70,с улицы,,admin,visited
crm-002284,2026-08-12 11:50:40,8(953)8964217,с улицы,,admin,visited
crm-000442,2026-08-12 11:52:59,9568872501,2ГИС,,admin,visited
crm-002306,2026-08-12 12:04:16,8(904)0598531,2ГИС,,admin,new
crm-003544,2026-08-12 12:05:12,8(958)9741635,Сайт: форма,mk-002978,integration,new
crm-001707,2026-08-12 12:11:00,9866751514,Сайт: форма,mk-001447,integration,lost
crm-001708,2026-08-12 12:13:09,+79866751514,Сайт: форма,mk-001448,integration,new
crm-003177,2026-08-12 12:21:38,8 961 703 98 29,друзья,,admin,booked
crm-000800,2026-08-12 12:26:39,8(979)6429144,дубльгис,,admin,lost
crm-002386,2026-08-12 12:49:27,+7 (928) 854-23-08,карты,,admin,lost
crm-001023,2026-08-12 12:52:44,89249739321,Виджет записи,bk-000197,integration,visited
crm-000127,2026-08-12 12:58:22,+7 (931) 658-25-90,с улицы,,admin,visited
crm-001224,2026-08-12 13:03:32,7-987-271-54-33,не помню,,admin,visited
crm-001121,2026-08-12 13:16:33,8(947)8613934,Я.Карты,,admin,lost
crm-002098,2026-08-12 13:16:57,+7 (945) 562-42-89,Сайт: форма,mk-001785,integration,lost
crm-002836,2026-08-12 13:20:16,+7 (916) 508-60-60,2 гис,,admin,in_work
crm-002379,2026-08-12 13:28:54,8(929)6982939,повторный пациент,,admin,visited
crm-001013,2026-08-12 13:43:40,+79236775548,друзья,,admin,in_work
crm-000317,2026-08-12 13:56:58,7-931-253-29-72,Виджет записи,bk-000048,integration,new
crm-003793,2026-08-12 13:57:31,+79917246955,реклама вк,,admin,lost
crm-000300,2026-08-12 14:06:10,+7 (938) 461-75-31,проходил мимо,,admin,in_work
crm-003055,2026-08-12 14:08:10,+7 (902) 451-51-51,по рекомендации,,admin,visited
crm-002605,2026-08-12 14:09:40,9435411882,Сайт: форма,mk-002181,integration,in_work
crm-002638,2026-08-12 14:10:36,9658768566,яндекс директ,,admin,in_work
crm-002984,2026-08-12 14:22:07,+7 (926) 149-43-35,Яндекс,,admin,lost
crm-000920,2026-08-12 14:42:53,8(963)3994593,сайт,,admin,booked
crm-001260,2026-08-12 15:20:04,+7 (932) 766-02-92,контекст,,admin,visited
crm-000667,2026-08-12 15:22:02,7-919-366-26-31,Сайт: форма,mk-000551,integration,lost
crm-003745,2026-08-12 15:50:35,7-911-655-61-04,контекст,,admin,booked
crm-003585,2026-08-12 15:55:39,89344927738,реклама вк,,admin,booked
crm-000132,2026-08-12 16:05:09,8 968 738 52 49,нашли в интернете,,admin,lost
crm-003323,2026-08-12 16:16:38,8(997)5739185,поиск,,admin,in_work
crm-001003,2026-08-12 16:22:49,8(955)2046572,яндекс.карты,,admin,visited
crm-000705,2026-08-12 16:27:59,+7 (922) 952-44-87,VK,,admin,visited
crm-000553,2026-08-12 16:35:57,+7 (903) 623-38-46,дубльгис,,admin,in_work
crm-002425,2026-08-12 16:40:32,8(921)0276920,пришёл сам,,admin,visited
crm-002291,2026-08-12 16:43:22,8(973)1848554,Виджет записи,bk-000437,integration,lost
crm-002397,2026-08-12 16:44:04,8(969)9664598,Сайт: форма,mk-002012,integration,visited
crm-001657,2026-08-12 16:45:10,8 947 098 69 13,не помню,,admin,booked
crm-003256,2026-08-12 16:49:56,89702380890,реклама,,admin,lost
crm-000341,2026-08-12 16:51:47,89550614604,,,admin,visited
crm-003185,2026-08-12 16:52:34,7-907-038-77-83,Виджет записи,bk-000620,integration,booked
crm-003186,2026-08-12 16:53:46,+7 (907) 038-77-83,Виджет записи,bk-000620,integration,new
crm-000916,2026-08-12 16:56:57,7-901-442-20-64,Сайт: форма,mk-000756,integration,visited
crm-000917,2026-08-12 16:59:48,8(901)4422064,Сайт: форма,mk-000757,integration,new
crm-000451,2026-08-12 17:14:31,9154727534,Виджет записи,bk-000077,integration,lost
crm-002433,2026-08-12 17:18:08,+7 (954) 527-39-47,яндекс.карты,,admin,lost
crm-000469,2026-08-12 17:18:12,8 941 365 48 46,по рекомендации,,admin,lost
crm-003844,2026-08-12 17:31:02,9000000000,Сайт: форма,mk-003234,integration,new
crm-002820,2026-08-12 17:32:16,+7 (984) 324-30-49,нашли в интернете,,admin,visited
crm-002199,2026-08-12 17:35:02,9970205709,пришёл сам,,admin,visited
crm-003105,2026-08-12 17:41:47,9811439806,VK,,admin,booked
crm-001587,2026-08-12 17:48:18,8 959 291 52 29,Сайт: форма,mk-001337,integration,new
crm-002415,2026-08-12 18:04:24,89903592262,Виджет записи,bk-000466,integration,visited
crm-002624,2026-08-12 18:05:38,7-928-266-00-83,Виджет записи,bk-000500,integration,in_work
crm-002876,2026-08-12 18:14:01,9579253397,Я.Карты,,admin,in_work
crm-002089,2026-08-12 18:23:58,7-943-921-82-72,по рекомендации,,admin,lost
crm-002530,2026-08-12 18:45:45,7-987-146-62-67,реклама в яндексе,,admin,lost
crm-001051,2026-08-12 18:50:54,9759202763,Виджет записи,bk-000202,integration,visited
crm-001052,2026-08-12 18:52:10,8 975 920 27 63,Виджет записи,bk-000202,integration,new
crm-002238,2026-08-12 19:07:25,7-953-979-99-99,Сайт: форма,mk-001896,integration,visited
crm-002962,2026-08-12 19:15:51,9579769311,Сайт: форма,mk-002473,integration,booked
crm-001333,2026-08-12 19:30:55,89068862640,Сайт: форма,mk-001120,integration,lost
crm-001781,2026-08-12 19:31:40,9986254100,яндекс.карты,,admin,visited
crm-001034,2026-08-12 19:38:24,7-977-895-44-99,дубльгис,,admin,booked
crm-001245,2026-08-12 19:39:38,8 969 443 33 60,Сайт: форма,mk-001046,integration,lost
crm-000890,2026-08-12 19:41:21,+79062485440,Сайт: форма,mk-000737,integration,lost
crm-001745,2026-08-12 19:42:23,+7 (982) 351-77-70,Виджет записи,bk-000329,integration,visited
crm-001336,2026-08-12 20:09:26,8(908)0732119,Виджет записи,bk-000249,integration,lost
crm-003406,2026-08-12 20:31:04,+79711003066,Виджет записи,bk-000662,integration,visited
crm-000476,2026-08-12 21:05:12,8(903)2745264,Виджет записи,bk-000080,integration,booked
crm-000393,2026-08-12 21:54:51,7-995-265-96-01,Сайт: форма,mk-000335,integration,lost
crm-002423,2026-08-12 21:58:57,8(979)7806781,Сайт: форма,mk-002029,integration,lost
crm-002424,2026-08-12 22:00:07,89797806781,Сайт: форма,mk-002029,integration,new
crm-003042,2026-08-12 22:02:07,7-917-671-26-62,Виджет записи,bk-000588,integration,in_work
crm-001295,2026-08-12 22:04:09,7-926-898-54-30,Виджет записи,bk-000243,integration,visited
crm-000396,2026-08-12 22:08:43,8 927 679 56 83,Виджет записи,bk-000063,integration,booked
crm-003268,2026-08-12 22:36:28,8(989)0750302,Сайт: форма,mk-002735,integration,booked
crm-003392,2026-08-12 22:40:32,7-931-758-60-06,Сайт: форма,mk-002838,integration,lost
crm-000535,2026-08-12 22:59:35,8 903 488 40 52,Сайт: форма,mk-000443,integration,lost
crm-000536,2026-08-12 23:01:03,+79034884052,Сайт: форма,mk-000443,integration,new
crm-000545,2026-08-12 23:10:32,+79933151392,Сайт: форма,mk-000449,integration,lost
crm-001886,2026-08-13 01:01:06,+79686678014,Виджет записи,bk-000359,integration,booked
crm-000825,2026-08-13 01:41:23,8(919)6731841,Сайт: форма,mk-000676,integration,booked
crm-001946,2026-08-13 02:31:55,+79501326876,Виджет записи,bk-000372,integration,booked
crm-002217,2026-08-13 02:52:05,+7 (922) 016-30-17,Виджет записи,bk-000424,integration,visited
crm-001057,2026-08-13 05:51:21,89400957752,Виджет записи,bk-000204,integration,visited
crm-001064,2026-08-13 05:55:21,+7 (921) 501-41-60,Сайт: форма,mk-000876,integration,lost
crm-001701,2026-08-13 06:33:07,7-931-504-80-35,Сайт: форма,mk-001442,integration,lost
crm-000129,2026-08-13 06:33:31,8(951)8658535,Сайт: форма,mk-000120,integration,lost
crm-002595,2026-08-13 06:46:32,89435280629,Виджет записи,bk-000496,integration,in_work
crm-003783,2026-08-13 07:03:44,89010392853,Виджет записи,bk-000737,integration,visited
crm-001926,2026-08-13 07:43:28,89105323580,Сайт: форма,mk-001632,integration,lost
crm-001927,2026-08-13 07:44:53,8 910 532 35 80,Сайт: форма,mk-001633,integration,new
crm-003418,2026-08-13 08:53:38,+79675784558,Виджет записи,bk-000665,integration,visited
crm-000251,2026-08-13 09:04:26,+7 (982) 247-82-18,Виджет записи,bk-000031,integration,lost
crm-002421,2026-08-13 09:24:42,8(951)4515998,Виджет записи,bk-000467,integration,booked
crm-003802,2026-08-13 09:36:13,+7 (911) 031-88-56,Сайт: форма,mk-003192,integration,in_work
crm-001596,2026-08-13 10:09:54,7-962-771-16-25,яндекс директ,,admin,visited
crm-003627,2026-08-13 10:17:18,+7 (910) 695-88-72,Сайт: форма,mk-003047,integration,in_work
crm-000482,2026-08-13 10:38:38,8(931)4214859,Виджет записи,bk-000083,integration,lost
crm-001256,2026-08-13 10:43:29,89527186562,Виджет записи,bk-000234,integration,booked
crm-003115,2026-08-13 10:54:59,+79273871739,контекст,,admin,lost
crm-000356,2026-08-13 11:40:42,7-984-291-66-48,ЯД,,admin,in_work
crm-003005,2026-08-13 11:50:20,+7 (976) 989-84-28,Виджет записи,bk-000578,integration,lost
crm-003601,2026-08-13 11:55:34,+7 (953) 387-93-56,Сайт: форма,mk-003020,integration,in_work
crm-000786,2026-08-13 11:56:22,8 940 835 05 13,дубльгис,,admin,visited
crm-001415,2026-08-13 12:21:35,+7 (959) 908-42-49,Виджет записи,bk-000268,integration,booked
crm-003161,2026-08-13 12:23:21,+79531015624,яндекс директ,,admin,in_work
crm-003289,2026-08-13 12:29:49,89322888001,Сайт: форма,mk-002751,integration,in_work
crm-002661,2026-08-13 12:52:57,89676103720,проходил мимо,,admin,booked
crm-000138,2026-08-13 12:59:12,+7 (979) 376-68-14,Яндекс карты,,admin,lost
crm-003038,2026-08-13 13:11:09,7-929-686-72-82,Сайт: форма,mk-002535,integration,new
crm-000452,2026-08-13 13:11:16,+7 (980) 975-77-36,другое,,admin,in_work
crm-003170,2026-08-13 13:22:13,9748121082,гугл,,admin,booked
crm-000911,2026-08-13 13:22:47,9962030164,дубльгис,,admin,booked
crm-002845,2026-08-13 13:23:04,+7 (968) 122-75-06,контекст,,admin,lost
crm-003084,2026-08-13 13:38:17,89833878087,Сайт: форма,mk-002572,integration,lost
crm-001144,2026-08-13 13:40:24,+7 (905) 872-90-13,Сайт: форма,mk-000954,integration,booked
crm-002088,2026-08-13 13:51:05,8(909)1330082,яндекс директ,,admin,lost
crm-001343,2026-08-13 13:55:45,8 962 472 71 02,Сайт: форма,mk-001128,integration,lost
crm-003680,2026-08-13 14:02:26,8 923 855 31 73,реклама в яндексе,,admin,lost
crm-001006,2026-08-13 14:10:13,+79826435595,реклама вк,,admin,lost
crm-002268,2026-08-13 14:18:59,8(919)5723714,вконтакте,,admin,new
crm-000238,2026-08-13 14:19:11,89925204134,Сайт: форма,mk-000215,integration,visited
crm-003681,2026-08-13 14:25:07,8(914)2486352,2 гис,,admin,booked
crm-001024,2026-08-13 14:27:26,89527248910,с улицы,,admin,visited
crm-002617,2026-08-13 14:30:32,89271594531,Сайт: форма,mk-002193,integration,lost
crm-001955,2026-08-13 14:38:44,8(916)1623762,Яндекс,,admin,lost
crm-003098,2026-08-13 14:42:43,+7 (914) 590-89-59,по рекомендации,,admin,lost
crm-002730,2026-08-13 14:48:45,7-973-310-74-80,нашли в интернете,,admin,booked
crm-000631,2026-08-13 15:23:20,+79924220299,Виджет записи,bk-000109,integration,lost
crm-001463,2026-08-13 15:33:05,7-981-746-65-70,Сайт: форма,mk-001223,integration,booked
crm-000639,2026-08-13 15:36:35,8 908 321 73 71,сайт,,admin,in_work
crm-003461,2026-08-13 15:42:41,7-924-751-09-93,Яндекс карты,,admin,in_work
crm-003351,2026-08-13 15:47:41,7-989-630-41-73,Я.Директ,,admin,visited
crm-002157,2026-08-13 15:55:57,8 940 659 43 84,не помню,,admin,new
crm-002150,2026-08-13 16:02:50,8(991)1079440,Сайт: форма,mk-001831,integration,lost
crm-003352,2026-08-13 16:06:53,+7 (972) 192-10-82,яндекс директ,,admin,visited
crm-000375,2026-08-13 16:14:57,8(936)8756153,друзья,,admin,lost
crm-003011,2026-08-13 16:34:36,8 974 561 24 06,Виджет записи,bk-000580,integration,new
crm-002645,2026-08-13 16:36:06,+7 (953) 708-11-04,яндекс директ,,admin,visited
crm-003578,2026-08-13 16:55:26,89466066185,Виджет записи,bk-000696,integration,in_work
crm-003679,2026-08-13 17:03:36,8(967)8717176,нашли в интернете,,admin,lost
crm-000302,2026-08-13 17:03:39,7-932-653-78-52,гугл,,admin,lost
crm-003330,2026-08-13 17:04:25,8(928)3572224,2 гис,,admin,booked
crm-001948,2026-08-13 17:05:00,+79098921251,Сайт: форма,mk-001649,integration,in_work
crm-002674,2026-08-13 17:09:04,8(912)1495442,ЯД,,admin,lost
crm-002050,2026-08-13 17:13:04,8(984)1657271,Сайт: форма,mk-001739,integration,visited
crm-002643,2026-08-13 17:19:14,8 998 095 06 38,реклама,,admin,in_work
crm-002561,2026-08-13 17:36:09,7-958-075-05-24,гугл,,admin,lost
crm-003592,2026-08-13 17:39:50,7-994-430-47-05,Яндекс,,admin,lost
crm-000856,2026-08-13 17:56:41,+7 (978) 886-10-23,яндекс.карты,,admin,lost
crm-002582,2026-08-13 18:01:26,+7 (987) 452-14-21,реклама,,admin,in_work
crm-002678,2026-08-13 18:05:13,8 953 688 51 20,Виджет записи,bk-000514,integration,visited
crm-000588,2026-08-13 18:30:47,89247500586,Виджет записи,bk-000102,integration,booked
crm-003731,2026-08-13 18:36:25,8 908 920 26 77,вывеска,,admin,visited
crm-001917,2026-08-13 18:41:57,+79205712459,реклама,,admin,visited
crm-003277,2026-08-13 18:50:49,+7 (921) 944-25-06,Сайт: форма,mk-002741,integration,booked
crm-000376,2026-08-13 18:58:35,8(984)9445336,Сайт: форма,mk-000321,integration,lost
crm-002532,2026-08-13 19:24:50,+79394421489,Сайт: форма,mk-002115,integration,visited
crm-002576,2026-08-13 19:38:00,8 915 361 49 48,Сайт: форма,mk-002156,integration,visited
crm-002214,2026-08-13 20:03:24,7-948-282-55-46,Виджет записи,bk-000422,integration,lost
crm-002155,2026-08-13 20:04:24,+7 (984) 426-29-01,Виджет записи,bk-000407,integration,in_work
crm-003328,2026-08-13 20:07:03,7-923-296-38-06,сарафан,,admin,booked
crm-000554,2026-08-13 20:13:21,89417468455,Сайт: форма,mk-000458,integration,booked
crm-001390,2026-08-13 20:18:01,+7 (916) 311-23-99,Сайт: форма,mk-001167,integration,visited
crm-002374,2026-08-13 20:30:09,89579239061,Виджет записи,bk-000459,integration,lost
crm-000767,2026-08-13 20:39:29,8(902)3815465,Сайт: форма,mk-000632,integration,in_work
crm-001476,2026-08-13 20:48:46,+7 (967) 725-17-99,Виджет записи,bk-000276,integration,lost
crm-000125,2026-08-13 20:50:11,+7 (929) 116-05-75,Сайт: форма,mk-000118,integration,lost
crm-001487,2026-08-13 20:56:31,8(901)7607304,Сайт: форма,mk-001243,integration,visited
crm-002919,2026-08-13 21:01:02,9531450261,Сайт: форма,mk-002435,integration,lost
crm-001595,2026-08-13 21:03:21,8 904 791 17 80,Виджет записи,bk-000301,integration,lost
crm-003602,2026-08-13 21:06:44,7-959-308-57-09,Сайт: форма,mk-003021,integration,in_work
crm-002297,2026-08-13 21:14:09,8 943 298 75 78,Сайт: форма,mk-001940,integration,booked
crm-000083,2026-08-13 21:26:42,89133769980,Сайт: форма,mk-000080,integration,in_work
crm-000660,2026-08-13 21:33:08,9502838464,Сайт: форма,mk-000545,integration,lost
crm-002623,2026-08-13 21:36:41,7-921-444-15-07,Виджет записи,bk-000499,integration,booked
crm-003250,2026-08-13 21:46:30,8 946 257 17 82,Сайт: форма,mk-002721,integration,in_work
crm-003251,2026-08-13 21:49:29,+7 (946) 257-17-82,Сайт: форма,mk-002722,integration,new
crm-002453,2026-08-13 21:49:54,89115580030,Сайт: форма,mk-002051,integration,booked
crm-003714,2026-08-13 22:02:35,+7 (971) 520-43-36,Сайт: форма,mk-003123,integration,lost
crm-000020,2026-08-13 22:17:59,7-964-877-37-13,Виджет записи,bk-000002,integration,visited
crm-002350,2026-08-13 22:28:26,8(917)7806936,Виджет записи,bk-000454,integration,in_work
crm-001981,2026-08-13 22:33:32,89195013749,Сайт: форма,mk-001680,integration,booked
crm-001164,2026-08-13 22:38:03,+7 (952) 872-48-94,Виджет записи,bk-000223,integration,visited
crm-001694,2026-08-13 22:38:15,+7 (944) 485-33-19,Виджет записи,bk-000319,integration,booked
crm-001695,2026-08-13 22:38:46,8(944)4853319,Виджет записи,bk-000319,integration,new
crm-001580,2026-08-13 22:53:32,8(925)2408614,Сайт: форма,mk-001327,integration,lost
crm-001633,2026-08-14 00:17:53,7-961-721-63-69,Сайт: форма,mk-001378,integration,lost
crm-001163,2026-08-14 00:20:44,7-923-456-22-97,Виджет записи,bk-000222,integration,booked
crm-000493,2026-08-14 02:27:14,8 935 527 53 55,Сайт: форма,mk-000408,integration,in_work
crm-000654,2026-08-14 03:19:20,8 934 125 37 90,Виджет записи,bk-000114,integration,lost
crm-000576,2026-08-14 03:28:40,8(953)4247358,Виджет записи,bk-000100,integration,lost
crm-003571,2026-08-14 05:22:24,8 919 625 54 65,Виджет записи,bk-000691,integration,lost
crm-001363,2026-08-14 06:56:03,7-965-898-05-56,Сайт: форма,mk-001151,integration,visited
crm-000529,2026-08-14 08:14:39,+7 (989) 297-37-84,Виджет записи,bk-000092,integration,visited
crm-000463,2026-08-14 09:08:58,+7 (944) 656-08-97,Сайт: форма,mk-000385,integration,in_work
crm-001434,2026-08-14 09:16:03,89728820410,Сайт: форма,mk-001200,integration,in_work
crm-002982,2026-08-14 09:22:29,8 968 257 07 08,Сайт: форма,mk-002490,integration,in_work
crm-002824,2026-08-14 09:23:28,8 969 157 02 82,по рекомендации,,admin,visited
crm-002922,2026-08-14 10:39:00,7-986-962-28-31,Сайт: форма,mk-002438,integration,visited
crm-002923,2026-08-14 10:42:05,+7 (986) 962-28-31,Сайт: форма,mk-002439,integration,new
crm-000282,2026-08-14 10:47:55,+79379828552,с улицы,,admin,in_work
crm-003826,2026-08-14 10:50:02,7-900-000-00-00,Сайт: форма,mk-003216,integration,new
crm-003541,2026-08-14 10:54:13,89052720994,нашли в интернете,,admin,visited
crm-000124,2026-08-14 10:56:32,+7 (931) 386-95-42,вывеска,,admin,visited
crm-000427,2026-08-14 11:03:56,89126384092,Я.Карты,,admin,in_work
crm-003846,2026-08-14 11:19:02,+79990000000,Сайт: форма,mk-003236,integration,new
crm-003582,2026-08-14 11:31:33,8(952)3988665,Сайт: форма,mk-003003,integration,visited
crm-002533,2026-08-14 11:33:49,+7 (939) 442-14-89,реклама в яндексе,,admin,new
crm-002763,2026-08-14 12:06:52,+79053969801,Яндекс карты,,admin,in_work
crm-002857,2026-08-14 12:17:35,8 901 660 30 36,реклама в яндексе,,admin,booked
crm-000604,2026-08-14 12:35:47,8(995)6421778,реклама в яндексе,,admin,in_work
crm-003318,2026-08-14 12:42:31,9262345812,Я.Карты,,admin,in_work
crm-003255,2026-08-14 12:52:49,7-917-597-30-53,вывеска,,admin,visited
crm-001039,2026-08-14 12:55:29,89521135370,Я.Директ,,admin,lost
crm-002626,2026-08-14 12:55:35,+7 (987) 525-54-64,реклама вк,,admin,lost
crm-000885,2026-08-14 12:58:31,9495510797,Сайт: форма,mk-000734,integration,lost
crm-000886,2026-08-14 12:59:20,7-949-551-07-97,Сайт: форма,mk-000734,integration,new
crm-000887,2026-08-14 13:02:22,+7 (949) 551-07-97,Сайт: форма,mk-000735,integration,new
crm-002241,2026-08-14 13:03:12,8(926)3518988,дубльгис,,admin,new
crm-002909,2026-08-14 14:05:25,89938179440,другое,,admin,lost
crm-000434,2026-08-14 14:08:04,89464849095,Яндекс,,admin,in_work
crm-003020,2026-08-14 14:16:40,9757952621,таргет вк,,admin,lost
crm-003538,2026-08-14 14:18:21,+7 (905) 939-86-08,Сайт: форма,mk-002972,integration,booked
crm-000642,2026-08-14 14:26:52,8(928)0478965,Сайт: форма,mk-000532,integration,in_work
crm-000643,2026-08-14 14:31:45,8 928 047 89 65,Сайт: форма,mk-000533,integration,new
crm-003144,2026-08-14 14:57:00,+7 (954) 595-56-30,повторный пациент,,admin,booked
crm-000241,2026-08-14 15:32:26,8(989)2742184,Я.Директ,,admin,new
crm-001474,2026-08-14 15:43:41,9850658665,по рекомендации,,admin,in_work
crm-002074,2026-08-14 16:00:02,9001387084,гугл,,admin,booked
crm-001366,2026-08-14 16:03:02,7-991-569-27-35,проходил мимо,,admin,visited
crm-001752,2026-08-14 16:17:32,+79227158572,яндекс.карты,,admin,lost
crm-003152,2026-08-14 16:20:11,89804856130,нашли в интернете,,admin,booked
crm-001764,2026-08-14 16:38:03,8 934 598 09 49,по рекомендации,,admin,booked
crm-002324,2026-08-14 16:44:38,+79061552437,сайт,,admin,visited
crm-003415,2026-08-14 16:47:03,7-966-342-18-84,нашли в интернете,,admin,lost
crm-002699,2026-08-14 17:15:14,7-953-125-25-46,Яндекс,,admin,lost
crm-002370,2026-08-14 17:27:52,+79956939895,по рекомендации,,admin,lost
crm-001847,2026-08-14 17:39:17,9200759791,сайт,,admin,booked
crm-002187,2026-08-14 17:40:00,8 904 697 51 92,вконтакте,,admin,in_work
crm-001209,2026-08-14 17:41:28,8 950 107 64 15,вывеска,,admin,visited
crm-003848,2026-08-14 17:46:02,+79000000000,Сайт: форма,mk-003238,integration,new
crm-001628,2026-08-14 17:46:16,+7 (902) 297-51-31,ЯД,,admin,new
crm-000611,2026-08-14 17:56:36,+7 (936) 921-53-44,Я.Карты,,admin,lost
crm-003565,2026-08-14 18:06:22,8(990)6699478,Сайт: форма,mk-002993,integration,in_work
crm-003656,2026-08-14 18:14:12,7-958-099-65-01,карты,,admin,visited
crm-001346,2026-08-14 18:14:41,8(980)5363735,Сайт: форма,mk-001130,integration,booked
crm-001089,2026-08-14 18:16:50,7-990-891-71-41,пришёл сам,,admin,lost
crm-003008,2026-08-14 18:19:44,9684373446,Сайт: форма,mk-002511,integration,visited
crm-000797,2026-08-14 18:22:37,89277541637,реклама вк,,admin,in_work
crm-001186,2026-08-14 18:42:28,+79661942879,сайт,,admin,in_work
crm-003103,2026-08-14 18:42:58,8(971)0299908,Яндекс карты,,admin,visited
crm-001909,2026-08-14 18:51:48,+7 (934) 559-65-40,2гис,,admin,lost
crm-002742,2026-08-14 19:07:48,9081297456,Сайт: форма,mk-002293,integration,booked
crm-002696,2026-08-14 19:11:19,89821226077,Сайт: форма,mk-002252,integration,visited
crm-003083,2026-08-14 19:13:58,9953026688,Сайт: форма,mk-002571,integration,lost
crm-001445,2026-08-14 19:27:27,89675058127,проходил мимо,,admin,visited
crm-002013,2026-08-14 19:29:26,8(927)4804253,Сайт: форма,mk-001703,integration,visited
crm-002014,2026-08-14 19:34:07,8(927)4804253,Сайт: форма,mk-001704,integration,new
crm-002015,2026-08-14 19:35:27,8(927)4804253,Сайт: форма,mk-001704,integration,new
crm-002016,2026-08-14 19:36:46,+7 (927) 480-42-53,Сайт: форма,mk-001705,integration,new
crm-000216,2026-08-14 21:08:28,8(910)6985238,сайт,,admin,booked
crm-000973,2026-08-14 21:10:35,+79288578126,Сайт: форма,mk-000806,integration,visited
crm-003588,2026-08-14 21:22:50,+7 (916) 884-35-45,Сайт: форма,mk-003008,integration,lost
crm-003232,2026-08-14 21:25:05,9977675894,Сайт: форма,mk-002700,integration,lost
crm-001472,2026-08-14 21:43:09,+79635153309,Сайт: форма,mk-001229,integration,visited
crm-001506,2026-08-14 21:55:48,89627740613,Сайт: форма,mk-001262,integration,in_work
crm-003598,2026-08-14 21:56:23,8(929)8232903,Сайт: форма,mk-003018,integration,booked
crm-001867,2026-08-14 22:17:39,7-998-600-26-07,Сайт: форма,mk-001582,integration,lost
crm-003394,2026-08-14 22:20:29,+7 (985) 680-58-31,Сайт: форма,mk-002840,integration,lost
crm-000289,2026-08-14 23:19:47,7-902-141-41-88,Сайт: форма,mk-000257,integration,lost
crm-000353,2026-08-15 01:19:27,8(987)2986724,Сайт: форма,mk-000303,integration,visited
crm-003511,2026-08-15 04:43:59,8 928 417 16 01,Сайт: форма,mk-002946,integration,lost
crm-000057,2026-08-15 04:55:09,9522327049,Сайт: форма,mk-000055,integration,in_work
crm-002668,2026-08-15 04:56:52,9025875586,Сайт: форма,mk-002233,integration,lost
crm-002420,2026-08-15 07:17:54,+7 (958) 649-11-06,Сайт: форма,mk-002027,integration,visited
crm-001420,2026-08-15 09:54:24,89929469999,сарафан,,admin,in_work
crm-002264,2026-08-15 09:57:25,+79883624737,Сайт: форма,mk-001916,integration,booked
crm-002265,2026-08-15 10:01:10,8(988)3624737,Сайт: форма,mk-001917,integration,new
crm-002266,2026-08-15 10:03:04,8(988)3624737,Сайт: форма,mk-001918,integration,new
crm-001772,2026-08-15 10:03:06,8 936 901 40 35,2гис,,admin,booked
crm-003026,2026-08-15 10:06:13,7-989-306-92-87,не помню,,admin,lost
crm-002072,2026-08-15 10:17:53,8(961)9871142,повторный пациент,,admin,visited
crm-001240,2026-08-15 10:27:09,8(973)9162351,2гис,,admin,booked
crm-001009,2026-08-15 10:34:01,+7 (909) 420-54-92,знакомые,,admin,visited
crm-003003,2026-08-15 10:48:23,+79113655679,Яндекс карты,,admin,visited
crm-000497,2026-08-15 10:56:15,9731946697,Сайт: форма,mk-000414,integration,booked
crm-001644,2026-08-15 10:56:32,9422204037,с улицы,,admin,lost
crm-002716,2026-08-15 11:10:49,89252439423,вывеска,,admin,visited
crm-001018,2026-08-15 11:20:19,9921249397,карты,,admin,visited
crm-000285,2026-08-15 11:22:53,89373995677,Сайт: форма,mk-000254,integration,new
crm-000449,2026-08-15 11:27:29,+7 (914) 838-36-40,знакомые,,admin,in_work
crm-001851,2026-08-15 11:33:52,+79373743454,2 гис,,admin,booked
crm-003002,2026-08-15 11:38:35,7-932-043-33-42,с улицы,,admin,booked
crm-002565,2026-08-15 12:00:38,89180381091,яндекс.карты,,admin,visited
crm-000436,2026-08-15 12:28:07,8 980 719 36 32,вконтакте,,admin,lost
crm-000470,2026-08-15 12:28:24,8(942)2118608,Сайт: форма,mk-000392,integration,booked
crm-003051,2026-08-15 12:29:13,9671836959,Сайт: форма,mk-002544,integration,lost
crm-000471,2026-08-15 12:29:34,9422118608,Сайт: форма,mk-000392,integration,new
crm-002427,2026-08-15 12:41:27,8 905 221 21 47,гугл,,admin,booked
crm-000006,2026-08-15 13:17:10,+79778770628,карты,,admin,visited
crm-001738,2026-08-15 13:17:19,7-954-302-14-04,Сайт: форма,mk-001474,integration,visited
crm-002099,2026-08-15 13:25:56,9455624289,реклама вк,,admin,new
crm-003242,2026-08-15 13:34:19,89065010547,VK,,admin,lost
crm-003301,2026-08-15 13:36:58,89202516743,Сайт: форма,mk-002763,integration,lost
crm-001910,2026-08-15 13:36:59,89766299028,таргет вк,,admin,booked
crm-001267,2026-08-15 13:37:38,7-973-164-45-62,знакомые,,admin,lost
crm-003795,2026-08-15 13:43:29,8 979 362 01 72,с улицы,,admin,lost
crm-001047,2026-08-15 13:54:46,+79651754845,пришёл сам,,admin,visited
crm-003473,2026-08-15 13:57:41,8(928)4293539,дубльгис,,admin,visited
crm-002378,2026-08-15 13:58:42,+79375743884,вконтакте,,admin,visited
crm-000513,2026-08-15 14:12:34,9358874687,ВК,,admin,lost
crm-003013,2026-08-15 14:17:13,8 961 561 12 18,Сайт: форма,mk-002514,integration,booked
crm-002443,2026-08-15 14:39:19,9324535493,нашли в интернете,,admin,booked
crm-003135,2026-08-15 15:07:01,9998171823,Сайт: форма,mk-002614,integration,lost
crm-000722,2026-08-15 15:08:46,7-965-096-18-28,Яндекс карты,,admin,lost
crm-003136,2026-08-15 15:12:13,9998171823,Сайт: форма,mk-002615,integration,new
crm-002026,2026-08-15 15:27:13,8 953 179 51 07,повторный пациент,,admin,lost
crm-001907,2026-08-15 15:36:33,8 993 624 92 67,пришёл сам,,admin,visited
crm-000565,2026-08-15 15:46:41,+7 (909) 487-78-58,другое,,admin,lost
crm-001504,2026-08-15 15:58:27,+7 (903) 399-86-69,другое,,admin,visited
crm-001116,2026-08-15 16:09:12,7-970-244-14-77,ЯД,,admin,booked
crm-003729,2026-08-15 16:12:44,9243059230,Сайт: форма,mk-003134,integration,visited
crm-003730,2026-08-15 16:14:39,+7 (924) 305-92-30,Сайт: форма,mk-003135,integration,new
crm-002983,2026-08-15 16:25:28,+79682570708,ЯД,,admin,new
crm-001133,2026-08-15 16:25:29,89343202046,Сайт: форма,mk-000946,integration,lost
crm-001134,2026-08-15 16:30:16,8(934)3202046,Сайт: форма,mk-000947,integration,new
crm-001135,2026-08-15 16:34:13,+79343202046,Сайт: форма,mk-000948,integration,new
crm-001542,2026-08-15 16:55:43,+79620706267,нашли в интернете,,admin,lost
crm-000229,2026-08-15 16:56:51,89492361613,Я.Карты,,admin,booked
crm-003129,2026-08-15 17:10:26,7-994-799-25-36,яндекс директ,,admin,lost
crm-002879,2026-08-15 17:16:58,+79232058143,Сайт: форма,mk-002401,integration,booked
crm-002880,2026-08-15 17:18:15,7-923-205-81-43,Сайт: форма,mk-002401,integration,new
crm-003781,2026-08-15 17:21:22,+7 (971) 206-44-19,Сайт: форма,mk-003178,integration,lost
crm-000457,2026-08-15 17:30:04,8 922 401 20 81,Сайт: форма,mk-000381,integration,visited
crm-000458,2026-08-15 17:31:22,9224012081,Сайт: форма,mk-000381,integration,new
crm-000888,2026-08-15 17:31:59,8 964 680 85 49,,,admin,booked
crm-001027,2026-08-15 17:52:40,9631338160,дубльгис,,admin,visited
crm-001830,2026-08-15 18:09:24,+79308265787,контекст,,admin,booked
crm-001544,2026-08-15 18:23:12,9675997473,реклама,,admin,lost
crm-002132,2026-08-15 18:40:31,8(938)8873189,пришёл сам,,admin,visited
crm-003569,2026-08-15 18:43:04,8(901)0637442,Сайт: форма,mk-002997,integration,lost
crm-002394,2026-08-15 18:52:59,89653645805,сайт,,admin,booked
crm-001653,2026-08-15 18:58:23,9440486878,таргет вк,,admin,lost
crm-002313,2026-08-15 19:43:36,7-992-548-02-84,Виджет записи,bk-000441,integration,visited
crm-001500,2026-08-15 19:45:50,+79536590537,Сайт: форма,mk-001257,integration,lost
crm-002794,2026-08-15 19:55:33,89171421546,не помню,,admin,booked
crm-000516,2026-08-15 20:04:08,7-909-191-18-12,Виджет записи,bk-000090,integration,booked
crm-001271,2026-08-15 20:33:33,+79055039032,Виджет записи,bk-000237,integration,booked
crm-000414,2026-08-15 20:52:04,+7 (918) 431-85-11,Виджет записи,bk-000067,integration,visited
crm-000016,2026-08-15 21:08:37,+79934619307,Сайт: форма,mk-000016,integration,lost
crm-003015,2026-08-15 21:26:04,+7 (949) 036-44-05,Сайт: форма,mk-002515,integration,visited
crm-003016,2026-08-15 21:28:23,9490364405,Сайт: форма,mk-002516,integration,new
crm-001418,2026-08-15 21:38:49,+79465102452,Сайт: форма,mk-001186,integration,lost
crm-002439,2026-08-15 22:05:40,7-926-821-49-97,Виджет записи,bk-000469,integration,visited
crm-002990,2026-08-15 22:06:57,89004898994,Виджет записи,bk-000575,integration,visited
crm-002916,2026-08-15 22:43:57,+7 (972) 624-26-66,Виджет записи,bk-000563,integration,booked
crm-001749,2026-08-15 22:57:51,8 904 164 51 16,Виджет записи,bk-000331,integration,in_work
crm-000922,2026-08-15 23:06:12,89774362504,Сайт: форма,mk-000762,integration,in_work
crm-001359,2026-08-15 23:26:37,89458179168,Сайт: форма,mk-001145,integration,lost
crm-000898,2026-08-16 00:11:20,+79228463240,Виджет записи,bk-000166,integration,visited
crm-003609,2026-08-16 00:40:24,8(911)8125310,Сайт: форма,mk-003029,integration,in_work
crm-003397,2026-08-16 02:34:03,8 926 508 24 27,Сайт: форма,mk-002843,integration,visited
crm-001718,2026-08-16 02:41:14,7-926-711-61-93,Виджет записи,bk-000321,integration,booked
crm-000060,2026-08-16 03:23:28,89503767508,Сайт: форма,mk-000058,integration,booked
crm-002355,2026-08-16 03:49:25,7-914-290-24-97,Виджет записи,bk-000455,integration,booked
crm-002945,2026-08-16 03:57:55,8(901)2534892,Виджет записи,bk-000567,integration,booked
crm-000603,2026-08-16 04:28:25,89644593588,Сайт: форма,mk-000497,integration,lost
crm-001629,2026-08-16 06:13:02,89554300288,Сайт: форма,mk-001374,integration,booked
crm-003701,2026-08-16 06:51:05,8 986 114 06 29,Сайт: форма,mk-003111,integration,lost
crm-003702,2026-08-16 06:53:56,+7 (986) 114-06-29,Сайт: форма,mk-003112,integration,new
crm-000260,2026-08-16 09:25:20,+79538799300,Сайт: форма,mk-000236,integration,booked
crm-000261,2026-08-16 09:25:58,+79538799300,Сайт: форма,mk-000236,integration,new
crm-002454,2026-08-16 09:30:50,8 905 189 48 70,Сайт: форма,mk-002052,integration,booked
crm-000410,2026-08-16 10:13:02,7-948-905-23-42,Сайт: форма,mk-000347,integration,lost
crm-000411,2026-08-16 10:13:34,8 948 905 23 42,Сайт: форма,mk-000347,integration,new
crm-001094,2026-08-16 10:13:48,+7 (945) 019-15-82,друзья,,admin,visited
crm-000158,2026-08-16 10:17:53,89186426651,другое,,admin,booked
crm-003472,2026-08-16 10:30:56,7-989-660-60-54,Виджет записи,bk-000673,integration,booked
crm-003715,2026-08-16 10:48:26,89377016394,Виджет записи,bk-000723,integration,lost
crm-003387,2026-08-16 11:02:49,+7 (909) 219-96-90,Яндекс карты,,admin,lost
crm-000321,2026-08-16 11:07:16,7-956-172-65-92,проходил мимо,,admin,lost
crm-002299,2026-08-16 11:14:08,89578111625,Сайт: форма,mk-001942,integration,lost
crm-002858,2026-08-16 11:14:38,9016603036,Виджет записи,bk-000554,integration,new
crm-000910,2026-08-16 11:22:57,+7 (960) 705-64-02,Сайт: форма,mk-000750,integration,in_work
crm-002017,2026-08-16 11:25:58,8 972 914 72 22,Сайт: форма,mk-001706,integration,lost
crm-003059,2026-08-16 11:34:54,+79183443821,Виджет записи,bk-000591,integration,in_work
crm-001058,2026-08-16 11:47:31,+79230482967,сайт,,admin,new
crm-001584,2026-08-16 12:07:13,7-932-976-29-65,Сайт: форма,mk-001334,integration,lost
crm-000592,2026-08-16 12:15:54,+7 (967) 488-69-15,Виджет записи,bk-000103,integration,lost
crm-001261,2026-08-16 12:28:17,+7 (938) 085-37-73,таргет вк,,admin,lost
crm-003594,2026-08-16 12:28:49,8(997)8828144,Виджет записи,bk-000698,integration,lost
crm-002578,2026-08-16 12:38:09,8(997)8390797,Сайт: форма,mk-002158,integration,in_work
crm-002154,2026-08-16 12:41:21,89963263304,ЯД,,admin,new
crm-003699,2026-08-16 12:57:24,+7 (930) 582-56-00,Сайт: форма,mk-003109,integration,lost
crm-000464,2026-08-16 13:01:34,+79608197437,реклама в яндексе,,admin,lost
crm-003155,2026-08-16 13:02:47,7-985-134-40-34,Виджет записи,bk-000617,integration,booked
crm-003322,2026-08-16 13:17:34,9102637210,Виджет записи,bk-000644,integration,in_work
crm-002981,2026-08-16 13:28:44,+79770991722,ЯД,,admin,new
crm-003596,2026-08-16 13:40:09,89224061147,Сайт: форма,mk-003016,integration,in_work
crm-001607,2026-08-16 13:41:45,89150256102,проходил мимо,,admin,visited
crm-002465,2026-08-16 13:49:30,8(912)9405234,с улицы,,admin,visited
crm-000227,2026-08-16 13:54:29,7-949-068-32-26,Виджет записи,bk-000027,integration,lost
crm-003621,2026-08-16 14:02:48,+79749892747,Сайт: форма,mk-003042,integration,lost
crm-003584,2026-08-16 14:13:14,+7 (935) 114-21-21,вывеска,,admin,visited
crm-000021,2026-08-16 14:18:56,7-964-877-37-13,гугл,,admin,new
crm-003428,2026-08-16 14:23:37,+79098864691,яндекс директ,,admin,lost
crm-003514,2026-08-16 14:24:18,89555787802,Сайт: форма,mk-002948,integration,in_work
crm-000808,2026-08-16 14:32:06,+7 (968) 538-67-39,друзья,,admin,visited
crm-003531,2026-08-16 14:34:06,+7 (965) 336-80-16,сарафан,,admin,lost
crm-003545,2026-08-16 14:45:41,8(944)0222586,друзья,,admin,visited
crm-001497,2026-08-16 15:26:50,+79719679702,друзья,,admin,visited
crm-000314,2026-08-16 15:39:11,8(935)4187266,2гис,,admin,visited
crm-000557,2026-08-16 15:48:34,8 940 418 06 79,реклама в яндексе,,admin,visited
crm-003017,2026-08-16 16:31:03,8(949)0364405,контекст,,admin,new
crm-001196,2026-08-16 16:48:21,+7 (977) 152-54-37,Сайт: форма,mk-001001,integration,visited
crm-001197,2026-08-16 16:52:38,89771525437,Сайт: форма,mk-001002,integration,new
crm-001920,2026-08-16 16:57:45,9528445093,,,admin,lost
crm-002637,2026-08-16 17:24:03,+79636955711,VK,,admin,lost
crm-002632,2026-08-16 17:26:09,9541567833,Сайт: форма,mk-002204,integration,lost
crm-001864,2026-08-16 17:34:43,7-925-226-44-45,не помню,,admin,visited
crm-000119,2026-08-16 17:36:25,7-997-937-58-88,другое,,admin,in_work
crm-003610,2026-08-16 17:47:29,+7 (921) 037-73-18,Я.Директ,,admin,booked
crm-000213,2026-08-16 18:00:26,+79860654507,Сайт: форма,mk-000191,integration,lost
crm-000706,2026-08-16 18:19:00,+7 (922) 952-44-87,Виджет записи,bk-000121,integration,new
crm-000707,2026-08-16 18:19:36,+7 (922) 952-44-87,Виджет записи,bk-000121,integration,new
crm-003192,2026-08-16 18:21:26,+79641180544,Сайт: форма,mk-002667,integration,new
crm-001083,2026-08-16 18:21:41,8(984)3517479,таргет вк,,admin,lost
crm-000995,2026-08-16 18:28:43,8 985 431 29 90,Сайт: форма,mk-000821,integration,new
crm-001143,2026-08-16 18:40:08,8 908 217 81 17,2 гис,,admin,lost
crm-002271,2026-08-16 18:48:12,9808766425,Сайт: форма,mk-001923,integration,in_work
crm-000844,2026-08-16 18:50:01,9111290953,Сайт: форма,mk-000696,integration,visited
crm-000522,2026-08-16 18:58:00,+79755671267,с улицы,,admin,booked
crm-000242,2026-08-16 19:00:44,+79719035508,Виджет записи,bk-000030,integration,lost
crm-000742,2026-08-16 19:05:54,8(984)6914840,Виджет записи,bk-000130,integration,visited
crm-001339,2026-08-16 19:08:53,7-924-209-52-37,Сайт: форма,mk-001126,integration,lost
crm-001340,2026-08-16 19:14:11,9242095237,Сайт: форма,mk-001127,integration,new
crm-002734,2026-08-16 19:30:38,89867636748,Виджет записи,bk-000527,integration,visited
crm-002830,2026-08-16 19:32:27,89722895572,Сайт: форма,mk-002365,integration,booked
crm-001395,2026-08-16 19:38:00,8(998)5790390,Сайт: форма,mk-001172,integration,booked
crm-001036,2026-08-16 20:01:14,+7 (974) 682-17-10,Виджет записи,bk-000201,integration,in_work
crm-002031,2026-08-16 20:05:05,9284182293,Сайт: форма,mk-001721,integration,lost
crm-003131,2026-08-16 20:51:12,8(971)9324460,Виджет записи,bk-000610,integration,lost
crm-000417,2026-08-16 21:01:06,+79150734147,Виджет записи,bk-000070,integration,lost
crm-001148,2026-08-16 21:35:52,+7 (963) 166-83-63,Сайт: форма,mk-000958,integration,visited
crm-001446,2026-08-16 21:55:26,8 910 607 34 14,Сайт: форма,mk-001208,integration,lost
crm-001447,2026-08-16 21:58:35,8 910 607 34 14,Сайт: форма,mk-001209,integration,new
crm-000028,2026-08-16 22:01:15,89043245636,Сайт: форма,mk-000025,integration,booked
crm-001448,2026-08-16 22:01:34,+79106073414,Сайт: форма,mk-001210,integration,new
crm-001449,2026-08-16 22:02:35,7-910-607-34-14,Сайт: форма,mk-001210,integration,new
crm-000648,2026-08-16 22:09:30,8 978 917 14 19,Сайт: форма,mk-000536,integration,lost
crm-003777,2026-08-16 22:10:32,8 996 006 99 47,Виджет записи,bk-000736,integration,booked
crm-003391,2026-08-16 22:14:37,89673212385,Виджет записи,bk-000659,integration,lost
crm-002220,2026-08-16 22:17:30,7-901-001-01-66,Виджет записи,bk-000425,integration,visited
crm-002322,2026-08-16 22:28:30,+7 (916) 738-90-22,Виджет записи,bk-000444,integration,lost
crm-001533,2026-08-16 22:34:10,7-963-393-68-37,Виджет записи,bk-000287,integration,visited
crm-001534,2026-08-16 22:34:47,89633936837,Виджет записи,bk-000287,integration,new
crm-003356,2026-08-17 01:29:55,7-906-610-86-00,Виджет записи,bk-000650,integration,booked
crm-000966,2026-08-17 01:48:24,+7 (989) 569-88-33,Виджет записи,bk-000180,integration,visited
crm-001214,2026-08-17 01:57:03,8 939 865 92 06,Сайт: форма,mk-001017,integration,lost
crm-000322,2026-08-17 03:08:33,+7 (947) 233-28-54,Сайт: форма,mk-000275,integration,lost
crm-003809,2026-08-17 03:11:16,8(988)6559565,Виджет записи,bk-000743,integration,in_work
crm-002259,2026-08-17 05:43:11,+79300770080,Виджет записи,bk-000430,integration,in_work
crm-002745,2026-08-17 07:07:08,9958235173,Сайт: форма,mk-002294,integration,booked
crm-002101,2026-08-17 09:11:05,8 944 735 18 02,Виджет записи,bk-000397,integration,in_work
crm-003628,2026-08-17 10:15:10,7-976-737-72-37,Сайт: форма,mk-003048,integration,visited
crm-003629,2026-08-17 10:16:39,7-976-737-72-37,Сайт: форма,mk-003049,integration,new
crm-002771,2026-08-17 10:30:55,+79904672023,не помню,,admin,visited
crm-000883,2026-08-17 10:35:09,+7 (942) 446-10-71,VK,,admin,booked
crm-003288,2026-08-17 10:41:54,89843253583,друзья,,admin,lost
crm-003078,2026-08-17 10:52:09,7-975-704-56-69,Виджет записи,bk-000595,integration,booked
crm-003467,2026-08-17 11:14:46,+7 (987) 348-02-03,,,admin,lost
crm-000869,2026-08-17 11:19:22,+7 (947) 604-88-44,Виджет записи,bk-000158,integration,in_work
crm-002798,2026-08-17 11:35:10,89625326342,Виджет записи,bk-000543,integration,lost
crm-002999,2026-08-17 11:44:30,8(955)8866083,ВК,,admin,lost
crm-001430,2026-08-17 11:48:54,9966699900,Сайт: форма,mk-001197,integration,in_work
crm-000862,2026-08-17 11:50:29,8(993)5788415,,,admin,lost
crm-001190,2026-08-17 11:55:30,7-995-283-52-05,Сайт: форма,mk-000997,integration,in_work
crm-001191,2026-08-17 11:58:13,+79952835205,Сайт: форма,mk-000998,integration,new
crm-001192,2026-08-17 12:01:56,8(995)2835205,Сайт: форма,mk-000999,integration,new
crm-002944,2026-08-17 12:02:34,+79701035427,повторный пациент,,admin,booked
crm-001962,2026-08-17 12:06:20,8 916 596 10 26,нашли в интернете,,admin,booked
crm-003205,2026-08-17 12:08:20,89984390477,дубльгис,,admin,visited
crm-003713,2026-08-17 12:36:29,9045788847,яндекс директ,,admin,visited
crm-001710,2026-08-17 12:48:25,89272563292,реклама вк,,admin,lost
crm-003566,2026-08-17 12:49:53,8 952 491 65 22,реклама в яндексе,,admin,visited
crm-003319,2026-08-17 12:50:20,9417127634,другое,,admin,lost
crm-002114,2026-08-17 12:52:57,+79006573998,2ГИС,,admin,lost
crm-001077,2026-08-17 13:09:40,8(967)6241801,Виджет записи,bk-000207,integration,visited
crm-001037,2026-08-17 13:11:13,8(974)6821710,гугл,,admin,new
crm-001325,2026-08-17 13:19:19,8(929)9172698,Сайт: форма,mk-001114,integration,visited
crm-001326,2026-08-17 13:20:20,8 929 917 26 98,Сайт: форма,mk-001114,integration,new
crm-000305,2026-08-17 13:20:27,9937570825,Сайт: форма,mk-000265,integration,booked
crm-001890,2026-08-17 13:22:23,8(991)1534566,дубльгис,,admin,lost
crm-000519,2026-08-17 13:27:24,7-950-975-94-21,VK,,admin,in_work
crm-000975,2026-08-17 13:28:22,9393591550,Сайт: форма,mk-000808,integration,lost
crm-000533,2026-08-17 13:40:06,8 961 540 09 60,2ГИС,,admin,lost
crm-002860,2026-08-17 13:44:03,+7 (949) 084-07-24,сайт,,admin,booked
crm-000456,2026-08-17 13:46:04,+7 (901) 038-82-03,вывеска,,admin,visited
crm-001664,2026-08-17 13:47:38,+7 (942) 783-27-44,реклама в яндексе,,admin,visited
crm-001951,2026-08-17 13:55:19,9596908327,реклама,,admin,visited
crm-003764,2026-08-17 13:55:38,89612428414,знакомые,,admin,booked
crm-001050,2026-08-17 13:56:43,8 908 879 32 93,2гис,,admin,in_work
crm-002874,2026-08-17 13:56:52,8 923 076 79 20,Сайт: форма,mk-002397,integration,lost
crm-003287,2026-08-17 13:57:05,+7 (967) 804-18-36,Сайт: форма,mk-002749,integration,visited
crm-003476,2026-08-17 14:06:18,7-922-265-06-02,вывеска,,admin,visited
crm-002649,2026-08-17 14:10:54,8(955)9520054,повторный пациент,,admin,lost
crm-002785,2026-08-17 14:11:34,+79509511627,знакомые,,admin,visited
crm-002343,2026-08-17 14:11:37,8(988)3801646,2ГИС,,admin,booked
crm-003580,2026-08-17 14:14:45,9005242549,Виджет записи,bk-000697,integration,visited
crm-003442,2026-08-17 14:15:09,7-900-943-15-02,2гис,,admin,lost
crm-000421,2026-08-17 14:41:48,8(955)2651187,Виджет записи,bk-000072,integration,booked
crm-000527,2026-08-17 14:46:54,8 935 759 54 48,реклама в яндексе,,admin,lost
crm-000043,2026-08-17 14:58:37,8(902)7454488,,,admin,visited
crm-001464,2026-08-17 15:02:55,7-984-687-17-13,сайт,,admin,booked
crm-002991,2026-08-17 15:16:54,7-900-489-89-94,сарафан,,admin,new
crm-003145,2026-08-17 15:39:43,89498618675,Виджет записи,bk-000612,integration,lost
crm-000517,2026-08-17 15:45:39,89821643319,сайт,,admin,visited
crm-001638,2026-08-17 16:20:33,89053074434,Яндекс,,admin,in_work
crm-002351,2026-08-17 16:31:24,8(917)7806936,гугл,,admin,new
crm-002126,2026-08-17 16:46:15,8(994)7662750,реклама вк,,admin,in_work
crm-002300,2026-08-17 16:48:11,+7 (922) 917-92-61,Сайт: форма,mk-001943,integration,lost
crm-001990,2026-08-17 16:52:36,9004368823,Сайт: форма,mk-001688,integration,in_work
crm-001571,2026-08-17 16:53:04,8(996)1338813,Я.Директ,,admin,lost
crm-001991,2026-08-17 16:56:20,89004368823,Сайт: форма,mk-001689,integration,new
crm-001327,2026-08-17 16:58:15,+7 (985) 134-60-33,карты,,admin,in_work
crm-001992,2026-08-17 17:01:28,+7 (900) 436-88-23,Сайт: форма,mk-001690,integration,new
crm-002229,2026-08-17 17:04:20,9630419102,Сайт: форма,mk-001888,integration,visited
crm-000771,2026-08-17 17:13:54,9235206968,нашли в интернете,,admin,lost
crm-002934,2026-08-17 17:13:59,+79433097205,Сайт: форма,mk-002448,integration,booked
crm-000017,2026-08-17 17:18:42,9452907740,сайт,,admin,in_work
crm-002723,2026-08-17 17:26:59,+79247223748,знакомые,,admin,visited
crm-001803,2026-08-17 17:40:39,8 948 179 27 47,гугл,,admin,visited
crm-002628,2026-08-17 17:41:54,+79291026861,сайт,,admin,lost
crm-002440,2026-08-17 17:46:01,+7 (946) 229-40-52,Виджет записи,bk-000470,integration,visited
crm-003285,2026-08-17 17:52:10,9759585134,Виджет записи,bk-000638,integration,visited
crm-001659,2026-08-17 18:01:17,+79149597270,Сайт: форма,mk-001403,integration,lost
crm-000980,2026-08-17 18:09:54,8 920 789 18 52,проходил мимо,,admin,visited
crm-000297,2026-08-17 18:11:17,9956767499,Сайт: форма,mk-000260,integration,in_work
crm-003726,2026-08-17 18:25:53,7-963-799-68-86,Сайт: форма,mk-003131,integration,lost
crm-000783,2026-08-17 18:32:12,+79458408809,Виджет записи,bk-000142,integration,visited
crm-001952,2026-08-17 18:38:22,+7 (950) 548-10-67,Сайт: форма,mk-001654,integration,visited
crm-001953,2026-08-17 18:40:26,8(950)5481067,Сайт: форма,mk-001655,integration,new
crm-001767,2026-08-17 18:41:00,8(951)0099280,Сайт: форма,mk-001497,integration,lost
crm-000909,2026-08-17 18:42:09,89397339943,Сайт: форма,mk-000749,integration,in_work
crm-001954,2026-08-17 18:43:05,+79505481067,Сайт: форма,mk-001656,integration,new
crm-002709,2026-08-17 18:43:56,8(947)8830801,Я.Директ,,admin,in_work
crm-003675,2026-08-17 18:44:04,+79155393455,другое,,admin,in_work
crm-001208,2026-08-17 18:47:30,7-988-458-30-86,ВК,,admin,in_work
crm-002942,2026-08-17 18:53:25,+79881179466,Сайт: форма,mk-002454,integration,booked
crm-002970,2026-08-17 18:57:26,8 949 948 84 42,2 гис,,admin,lost
crm-003410,2026-08-17 18:59:53,9387217042,Сайт: форма,mk-002857,integration,in_work
crm-000779,2026-08-17 19:15:40,+7 (986) 127-20-47,Сайт: форма,mk-000641,integration,lost
crm-002729,2026-08-17 19:19:55,+79521690520,Виджет записи,bk-000523,integration,in_work
crm-002924,2026-08-17 19:23:03,8 966 563 18 91,знакомые,,admin,visited
crm-001242,2026-08-17 19:26:28,89628674253,дубльгис,,admin,visited
crm-001281,2026-08-17 19:26:37,89135622944,реклама,,admin,visited
crm-001982,2026-08-17 19:28:59,89861111631,Сайт: форма,mk-001681,integration,visited
crm-000696,2026-08-17 19:41:01,+7 (902) 229-22-78,Сайт: форма,mk-000576,integration,visited
crm-000697,2026-08-17 19:46:27,89022292278,Сайт: форма,mk-000577,integration,new
crm-000191,2026-08-17 19:46:47,8(903)7237311,Виджет записи,bk-000024,integration,lost
crm-000365,2026-08-17 20:21:13,+79903563575,Сайт: форма,mk-000312,integration,in_work
crm-003664,2026-08-17 20:30:02,89491169455,Сайт: форма,mk-003082,integration,lost
crm-000447,2026-08-17 21:02:42,9260263987,Сайт: форма,mk-000371,integration,lost
crm-003118,2026-08-17 21:04:32,8(976)9370799,Виджет записи,bk-000606,integration,visited
crm-001109,2026-08-17 21:18:59,9055340868,Сайт: форма,mk-000915,integration,visited
crm-001110,2026-08-17 21:24:12,89055340868,Сайт: форма,mk-000916,integration,new
crm-001111,2026-08-17 21:27:22,89055340868,Сайт: форма,mk-000917,integration,new
crm-003526,2026-08-17 21:41:50,89500974171,Виджет записи,bk-000682,integration,booked
crm-003233,2026-08-17 22:14:31,8(917)6063870,Сайт: форма,mk-002702,integration,in_work
crm-001956,2026-08-17 22:34:59,+7 (955) 419-01-80,Сайт: форма,mk-001659,integration,booked
crm-000031,2026-08-17 22:46:19,8(987)5346405,Сайт: форма,mk-000027,integration,visited
crm-002587,2026-08-17 22:50:29,+7 (946) 830-85-90,Виджет записи,bk-000495,integration,visited
crm-000515,2026-08-17 23:14:37,89913311158,Виджет записи,bk-000089,integration,lost
crm-002123,2026-08-18 00:43:04,89267709130,Сайт: форма,mk-001806,integration,lost
crm-002124,2026-08-18 00:46:25,7-926-770-91-30,Сайт: форма,mk-001807,integration,new
crm-001619,2026-08-18 01:02:28,9179497851,Сайт: форма,mk-001363,integration,booked
crm-003758,2026-08-18 04:07:23,8 922 544 53 92,Виджет записи,bk-000730,integration,lost
crm-000110,2026-08-18 05:01:23,9398722378,Сайт: форма,mk-000102,integration,lost
crm-003688,2026-08-18 07:36:16,8(943)1055196,Сайт: форма,mk-003103,integration,lost
crm-003576,2026-08-18 08:00:31,+7 (971) 888-63-09,Виджет записи,bk-000694,integration,visited
crm-000586,2026-08-18 08:07:50,+79669192968,Сайт: форма,mk-000482,integration,visited
crm-000587,2026-08-18 08:09:07,89669192968,Сайт: форма,mk-000482,integration,new
crm-001805,2026-08-18 08:31:28,8(904)0750996,Виджет записи,bk-000341,integration,in_work
crm-001195,2026-08-18 08:39:00,9710590143,Сайт: форма,mk-001000,integration,in_work
crm-002204,2026-08-18 09:03:47,8 987 928 72 28,Виджет записи,bk-000419,integration,in_work
crm-003443,2026-08-18 09:57:45,89231088319,Сайт: форма,mk-002884,integration,visited
crm-002975,2026-08-18 10:26:14,+7 (914) 707-30-86,2гис,,admin,visited
crm-000633,2026-08-18 10:28:20,7-910-876-85-37,Я.Карты,,admin,lost
crm-001233,2026-08-18 10:30:06,+7 (928) 062-86-26,Виджет записи,bk-000230,integration,visited
crm-001908,2026-08-18 11:14:26,8 977 823 29 10,друзья,,admin,booked
crm-000292,2026-08-18 11:17:51,+79212017803,Виджет записи,bk-000039,integration,lost
crm-000128,2026-08-18 11:20:03,8 904 865 55 51,контекст,,admin,visited
crm-000112,2026-08-18 11:26:41,8(936)7485263,Виджет записи,bk-000015,integration,lost
crm-000366,2026-08-18 11:27:38,+7 (955) 731-63-81,яндекс.карты,,admin,visited
crm-003389,2026-08-18 11:34:38,89722324718,яндекс директ,,admin,in_work
crm-002129,2026-08-18 11:38:51,8(946)4499995,Сайт: форма,mk-001811,integration,booked
crm-002410,2026-08-18 11:40:07,8 946 179 17 25,2гис,,admin,booked
crm-003081,2026-08-18 11:40:47,89217858371,Виджет записи,bk-000596,integration,visited
crm-002935,2026-08-18 11:42:55,7-962-762-40-42,не помню,,admin,visited
crm-002542,2026-08-18 11:46:55,+7 (930) 122-33-72,ВК,,admin,visited
crm-001184,2026-08-18 11:50:51,9651527580,2гис,,admin,in_work
crm-000931,2026-08-18 11:55:25,7-972-512-01-52,другое,,admin,visited
crm-003018,2026-08-18 11:55:41,+79184166062,Сайт: форма,mk-002518,integration,booked
crm-001713,2026-08-18 12:05:46,+79227386405,сарафан,,admin,booked
crm-002196,2026-08-18 12:14:12,+7 (946) 722-76-04,Виджет записи,bk-000416,integration,lost
crm-001241,2026-08-18 12:17:10,+7 (973) 916-23-51,Сайт: форма,mk-001041,integration,new
crm-002376,2026-08-18 12:26:08,7-918-897-74-90,Я.Карты,,admin,visited
crm-002250,2026-08-18 12:28:22,89366957796,Виджет записи,bk-000429,integration,lost
crm-002245,2026-08-18 12:29:59,8 952 262 86 34,Сайт: форма,mk-001901,integration,lost
crm-002246,2026-08-18 12:31:07,89522628634,Сайт: форма,mk-001901,integration,new
crm-002247,2026-08-18 12:32:22,8(952)2628634,Сайт: форма,mk-001902,integration,new
crm-003583,2026-08-18 12:34:30,9523988665,другое,,admin,new
crm-002248,2026-08-18 12:34:36,8(952)2628634,Сайт: форма,mk-001903,integration,new
crm-003831,2026-08-18 12:46:02,+79990000000,Сайт: форма,mk-003221,integration,new
crm-000908,2026-08-18 13:12:00,7-971-192-55-27,Сайт: форма,mk-000748,integration,lost
crm-002755,2026-08-18 13:51:49,89095591393,2гис,,admin,lost
crm-000443,2026-08-18 13:57:56,7-920-957-81-05,ЯД,,admin,lost
crm-002670,2026-08-18 14:10:56,7-984-677-04-16,яндекс директ,,admin,in_work
crm-002805,2026-08-18 14:18:41,8(998)3331607,другое,,admin,lost
crm-003712,2026-08-18 14:24:56,9510396967,Виджет записи,bk-000722,integration,visited
crm-003264,2026-08-18 14:31:14,9178203078,Сайт: форма,mk-002732,integration,lost
crm-002717,2026-08-18 14:32:31,8 981 609 41 98,Виджет записи,bk-000521,integration,booked
crm-001581,2026-08-18 14:35:30,+79041570434,Яндекс,,admin,lost
crm-003172,2026-08-18 14:44:15,+79760018871,яндекс.карты,,admin,lost
crm-001682,2026-08-18 15:02:04,9499580068,2гис,,admin,lost
crm-001663,2026-08-18 15:11:30,89506208426,друзья,,admin,new
crm-002899,2026-08-18 15:18:25,8 979 785 67 61,по рекомендации,,admin,visited
crm-002269,2026-08-18 15:21:41,+7 (988) 278-48-54,Виджет записи,bk-000431,integration,in_work
crm-000505,2026-08-18 15:47:04,8 993 263 02 20,реклама вк,,admin,booked
crm-000723,2026-08-18 16:00:48,89650961828,Виджет записи,bk-000125,integration,new
crm-003046,2026-08-18 16:14:52,89628647240,,,admin,booked
crm-000730,2026-08-18 16:25:11,+7 (956) 855-80-88,нашли в интернете,,admin,lost
crm-001428,2026-08-18 16:25:32,89775738443,реклама в яндексе,,admin,visited
crm-002215,2026-08-18 16:26:04,+79167610815,Виджет записи,bk-000423,integration,booked
crm-002095,2026-08-18 16:41:24,7-923-024-66-36,2 гис,,admin,lost
crm-000984,2026-08-18 16:49:43,8 950 235 72 76,Виджет записи,bk-000187,integration,visited
crm-003469,2026-08-18 16:49:54,+7 (926) 334-57-75,Сайт: форма,mk-002905,integration,lost
crm-003380,2026-08-18 16:57:02,89648029971,пришёл сам,,admin,booked
crm-002257,2026-08-18 17:09:26,+79810857847,знакомые,,admin,visited
crm-003811,2026-08-18 17:12:54,+7 (974) 062-16-98,2 гис,,admin,visited
crm-003052,2026-08-18 17:30:11,9671836959,Яндекс,,admin,new
crm-003496,2026-08-18 17:31:57,+7 (936) 403-73-21,другое,,admin,lost
crm-002293,2026-08-18 17:33:51,8(958)4465245,Виджет записи,bk-000438,integration,visited
crm-001165,2026-08-18 17:34:09,8 981 877 33 54,VK,,admin,visited
crm-000616,2026-08-18 17:44:11,7-955-683-18-35,Виджет записи,bk-000107,integration,visited
crm-000233,2026-08-18 18:06:18,+79750688716,дубльгис,,admin,in_work
crm-000743,2026-08-18 18:13:57,9842956242,яндекс директ,,admin,new
crm-002683,2026-08-18 18:14:26,8(903)4422876,сайт,,admin,lost
crm-000189,2026-08-18 18:14:58,+79697956330,Виджет записи,bk-000023,integration,lost
crm-003061,2026-08-18 18:23:35,8 949 270 33 29,знакомые,,admin,booked
crm-000109,2026-08-18 18:34:50,89788571178,Виджет записи,bk-000014,integration,lost
crm-002710,2026-08-18 18:35:57,+79478830801,Сайт: форма,mk-002268,integration,new
crm-002711,2026-08-18 18:39:12,+7 (947) 883-08-01,Сайт: форма,mk-002269,integration,new
crm-002414,2026-08-18 18:41:39,9469583020,Сайт: форма,mk-002023,integration,lost
crm-000523,2026-08-18 18:51:13,7-947-916-62-50,гугл,,admin,booked
crm-001123,2026-08-18 18:53:33,8 929 332 36 05,Виджет записи,bk-000212,integration,booked
crm-001230,2026-08-18 19:13:49,9549993300,Сайт: форма,mk-001032,integration,in_work
crm-002224,2026-08-18 19:39:22,89939000453,Виджет записи,bk-000426,integration,lost
crm-000107,2026-08-18 19:39:36,8 902 797 29 95,дубльгис,,admin,visited
crm-002998,2026-08-18 19:39:54,+7 (950) 911-89-68,Виджет записи,bk-000577,integration,visited
crm-001684,2026-08-18 19:48:08,8 946 571 17 92,друзья,,admin,visited
crm-000007,2026-08-18 19:57:55,8(951)3323863,Сайт: форма,mk-000008,integration,lost
crm-003425,2026-08-18 19:58:42,+79558323772,другое,,admin,lost
crm-000799,2026-08-18 21:10:38,+7 (900) 287-50-93,Виджет записи,bk-000146,integration,lost
crm-002841,2026-08-18 21:36:11,89459623611,Сайт: форма,mk-002372,integration,in_work
crm-000679,2026-08-18 21:39:55,+79170266846,Виджет записи,bk-000119,integration,in_work
crm-001309,2026-08-18 21:57:46,+7 (919) 902-97-62,Сайт: форма,mk-001097,integration,in_work
crm-002140,2026-08-18 22:05:15,7-982-058-08-87,Сайт: форма,mk-001821,integration,lost
crm-000152,2026-08-18 22:09:47,9498980205,Сайт: форма,mk-000141,integration,in_work
crm-000882,2026-08-18 23:37:21,+79627433036,Виджет записи,bk-000161,integration,lost
crm-001019,2026-08-18 23:37:45,8 950 132 97 20,Сайт: форма,mk-000843,integration,lost
crm-003447,2026-08-19 01:06:27,8 985 128 26 44,Сайт: форма,mk-002888,integration,lost
crm-003448,2026-08-19 01:11:00,7-985-128-26-44,Сайт: форма,mk-002889,integration,new
crm-003449,2026-08-19 01:12:24,7-985-128-26-44,Сайт: форма,mk-002889,integration,new
crm-003450,2026-08-19 01:14:30,8(985)1282644,Сайт: форма,mk-002890,integration,new
crm-002888,2026-08-19 01:57:40,+79725496360,Виджет записи,bk-000561,integration,in_work
crm-003405,2026-08-19 03:26:21,+79071457545,Сайт: форма,mk-002851,integration,lost
crm-001189,2026-08-19 04:10:36,9166702392,Сайт: форма,mk-000996,integration,lost
crm-002549,2026-08-19 04:48:22,9493565432,Сайт: форма,mk-002131,integration,lost
crm-000019,2026-08-19 08:28:40,8 946 001 42 89,Сайт: форма,mk-000019,integration,booked
crm-001856,2026-08-19 09:11:07,+7 (947) 936-03-10,Сайт: форма,mk-001575,integration,in_work
crm-002038,2026-08-19 09:53:30,89569604500,реклама,,admin,lost
crm-001609,2026-08-19 10:16:24,+79921461361,не помню,,admin,lost
crm-001825,2026-08-19 10:38:32,+7 (925) 430-33-04,не помню,,admin,visited
crm-003773,2026-08-19 11:02:33,9440723075,друзья,,admin,visited
crm-000008,2026-08-19 11:03:52,89513323863,Я.Директ,,admin,new
crm-001635,2026-08-19 11:08:25,7-901-760-30-15,нашли в интернете,,admin,lost
crm-003108,2026-08-19 11:08:52,+7 (957) 257-58-87,Виджет записи,bk-000603,integration,lost
crm-003470,2026-08-19 11:16:41,+79314487923,контекст,,admin,lost
crm-002046,2026-08-19 11:22:33,+79475085363,пришёл сам,,admin,booked
crm-001515,2026-08-19 11:23:07,+79291751879,Сайт: форма,mk-001270,integration,booked
crm-001272,2026-08-19 11:40:31,+7 (905) 503-90-32,ЯД,,admin,new
crm-002959,2026-08-19 11:47:14,8 946 504 63 92,2 гис,,admin,visited
crm-001063,2026-08-19 11:57:08,7-944-477-47-33,по рекомендации,,admin,lost
crm-002063,2026-08-19 11:58:05,8 987 062 32 94,Сайт: форма,mk-001755,integration,lost
crm-003506,2026-08-19 12:08:36,8 911 739 57 82,Виджет записи,bk-000678,integration,booked
crm-002908,2026-08-19 12:10:10,8(959)5916997,реклама,,admin,visited
crm-000148,2026-08-19 12:12:33,+79951574243,Сайт: форма,mk-000139,integration,in_work
crm-000149,2026-08-19 12:13:25,7-995-157-42-43,Сайт: форма,mk-000139,integration,new
crm-002550,2026-08-19 12:17:39,8(945)1402939,дубльгис,,admin,lost
crm-003213,2026-08-19 12:26:01,+79211113209,2гис,,admin,booked
crm-003343,2026-08-19 12:29:46,+7 (970) 412-59-83,пришёл сам,,admin,visited
crm-001597,2026-08-19 12:32:32,+79634214899,ВК,,admin,lost
crm-003581,2026-08-19 12:42:31,8(901)1910661,,,admin,booked
crm-002459,2026-08-19 12:46:41,+7 (987) 250-57-61,Сайт: форма,mk-002055,integration,in_work
crm-002460,2026-08-19 12:47:58,9872505761,Сайт: форма,mk-002056,integration,new
crm-000170,2026-08-19 13:00:00,+7 (927) 817-31-39,по рекомендации,,admin,lost
crm-002081,2026-08-19 13:03:27,9958289329,,,admin,lost
crm-000363,2026-08-19 13:06:18,8 957 901 62 33,2ГИС,,admin,lost
crm-002069,2026-08-19 13:12:42,+79969651575,дубльгис,,admin,in_work
crm-003422,2026-08-19 13:18:05,9674402948,гугл,,admin,booked
crm-000234,2026-08-19 13:19:38,89587424840,Сайт: форма,mk-000211,integration,visited
crm-000901,2026-08-19 13:30:01,89491695615,сайт,,admin,visited
crm-003349,2026-08-19 13:34:17,89677622673,Виджет записи,bk-000648,integration,booked
crm-001205,2026-08-19 13:37:57,89490577589,другое,,admin,in_work
crm-000286,2026-08-19 14:17:30,8(914)5456624,проходил мимо,,admin,visited
crm-000033,2026-08-19 14:19:11,89565790201,реклама,,admin,booked
crm-002380,2026-08-19 14:23:54,8 951 844 22 47,контекст,,admin,lost
crm-001729,2026-08-19 14:36:47,9853079956,,,admin,lost
crm-001543,2026-08-19 14:57:38,7-919-557-17-36,ВК,,admin,in_work
crm-000740,2026-08-19 15:11:40,8(977)2448341,Виджет записи,bk-000129,integration,lost
crm-000852,2026-08-19 15:19:07,89526082882,Виджет записи,bk-000153,integration,visited
crm-001574,2026-08-19 15:19:32,+7 (976) 100-53-35,яндекс.карты,,admin,booked
crm-003009,2026-08-19 15:28:42,8(968)4373446,яндекс директ,,admin,new
crm-003138,2026-08-19 15:29:52,9107365132,яндекс.карты,,admin,visited
crm-001911,2026-08-19 15:32:02,+79766299028,Виджет записи,bk-000364,integration,new
crm-001579,2026-08-19 15:35:55,8(920)8983732,Сайт: форма,mk-001326,integration,visited
crm-000819,2026-08-19 15:58:40,+79060870198,вывеска,,admin,visited
crm-002675,2026-08-19 16:17:19,+79149598905,друзья,,admin,in_work
crm-003534,2026-08-19 16:23:32,9946116851,дубльгис,,admin,visited
crm-003589,2026-08-19 16:28:48,8 916 884 35 45,яндекс директ,,admin,new
crm-001458,2026-08-19 16:35:36,89780812538,Я.Карты,,admin,booked
crm-002992,2026-08-19 16:41:35,+79538446016,2ГИС,,admin,lost
crm-003559,2026-08-19 16:41:47,+7 (905) 976-46-06,Сайт: форма,mk-002988,integration,booked
crm-001637,2026-08-19 16:49:46,+79265002895,другое,,admin,visited
crm-000444,2026-08-19 16:53:59,9209578105,Виджет записи,bk-000076,integration,new
crm-002633,2026-08-19 16:54:41,8(931)6669546,2ГИС,,admin,booked
crm-001771,2026-08-19 17:04:30,8(914)0168205,,,admin,lost
crm-001315,2026-08-19 17:04:51,8(955)0728488,Виджет записи,bk-000246,integration,lost
crm-001989,2026-08-19 17:11:54,+79551872553,пришёл сам,,admin,lost
crm-000275,2026-08-19 17:14:08,+7 (915) 491-72-15,Сайт: форма,mk-000248,integration,lost
crm-002277,2026-08-19 17:17:34,+79733231463,Сайт: форма,mk-001929,integration,booked
crm-001525,2026-08-19 17:22:05,+79908997524,по рекомендации,,admin,visited
crm-001070,2026-08-19 17:30:41,+79620024459,Сайт: форма,mk-000882,integration,booked
crm-001770,2026-08-19 17:41:49,8(936)8088803,с улицы,,admin,visited
crm-002943,2026-08-19 17:42:53,8 998 548 60 67,2гис,,admin,visited
crm-003403,2026-08-19 17:45:19,7-968-986-85-50,нашли в интернете,,admin,booked
crm-002651,2026-08-19 17:47:13,9311781472,дубльгис,,admin,visited
crm-002091,2026-08-19 17:53:08,7-910-938-38-70,по рекомендации,,admin,booked
crm-002354,2026-08-19 18:07:46,8 906 102 02 46,2ГИС,,admin,lost
crm-002773,2026-08-19 18:12:10,89775659332,Сайт: форма,mk-002315,integration,lost
crm-003509,2026-08-19 18:13:02,+7 (999) 820-65-77,реклама вк,,admin,visited
crm-000423,2026-08-19 18:13:43,9353648248,вывеска,,admin,visited
crm-001692,2026-08-19 18:25:49,89394949295,2ГИС,,admin,in_work
crm-002219,2026-08-19 18:35:19,89313502520,по рекомендации,,admin,visited
crm-002698,2026-08-19 18:53:34,+79576669057,реклама,,admin,booked
crm-001514,2026-08-19 18:54:16,89749661481,дубльгис,,admin,in_work
crm-003482,2026-08-19 19:18:55,9268003134,по рекомендации,,admin,booked
crm-003254,2026-08-19 19:22:00,9433889835,Сайт: форма,mk-002725,integration,lost
crm-002756,2026-08-19 19:27:32,7-954-879-68-80,яндекс директ,,admin,booked
crm-002584,2026-08-19 19:33:18,9168577650,Виджет записи,bk-000493,integration,lost
crm-000549,2026-08-19 19:56:26,9247862781,Сайт: форма,mk-000453,integration,lost
crm-000550,2026-08-19 19:58:41,8(924)7862781,Сайт: форма,mk-000454,integration,new
crm-000551,2026-08-19 20:03:14,+7 (924) 786-27-81,Сайт: форма,mk-000455,integration,new
crm-000223,2026-08-19 20:04:42,7-996-828-17-33,Сайт: форма,mk-000203,integration,visited
crm-000812,2026-08-19 20:06:04,+7 (912) 689-36-94,Виджет записи,bk-000148,integration,lost
crm-001809,2026-08-19 20:26:17,8(978)8366126,Сайт: форма,mk-001531,integration,lost
crm-003014,2026-08-19 20:30:23,+79288362015,Виджет записи,bk-000582,integration,booked
crm-003818,2026-08-19 20:37:34,9433637806,Сайт: форма,mk-003206,integration,visited
crm-000734,2026-08-19 20:45:28,89584298390,Сайт: форма,mk-000608,integration,in_work
crm-000082,2026-08-19 21:01:51,+79529043710,Виджет записи,bk-000011,integration,lost
crm-003275,2026-08-19 21:11:17,7-999-999-63-13,Виджет записи,bk-000636,integration,booked
crm-001976,2026-08-19 21:39:03,8(993)5422680,Сайт: форма,mk-001675,integration,lost
crm-003296,2026-08-19 21:50:20,7-904-247-41-56,Сайт: форма,mk-002759,integration,lost
crm-001878,2026-08-19 21:56:05,8 928 488 21 60,Виджет записи,bk-000358,integration,booked
crm-000131,2026-08-19 22:00:01,8(991)5821525,Сайт: форма,mk-000122,integration,booked
crm-001769,2026-08-19 22:00:14,+79680150703,Виджет записи,bk-000336,integration,lost
crm-003620,2026-08-19 22:11:31,7-992-275-81-33,Сайт: форма,mk-003041,integration,in_work
crm-002753,2026-08-19 22:44:13,8 901 247 71 02,Сайт: форма,mk-002301,integration,lost
crm-000473,2026-08-19 22:44:50,89377197284,Сайт: форма,mk-000394,integration,booked
crm-003184,2026-08-19 23:22:45,8(901)1800783,Сайт: форма,mk-002660,integration,in_work
crm-000782,2026-08-20 00:08:52,+7 (917) 381-92-32,Сайт: форма,mk-000644,integration,booked
crm-000802,2026-08-20 00:52:33,9877078638,Сайт: форма,mk-000660,integration,in_work
crm-003028,2026-08-20 01:03:17,89803873966,Сайт: форма,mk-002525,integration,lost
crm-002021,2026-08-20 01:26:07,+7 (984) 124-84-36,Виджет записи,bk-000387,integration,lost
crm-000891,2026-08-20 03:24:12,89508916938,Сайт: форма,mk-000738,integration,in_work
crm-001693,2026-08-20 04:49:33,8 935 048 00 09,Виджет записи,bk-000318,integration,in_work
crm-000157,2026-08-20 04:59:02,+7 (938) 382-85-22,Виджет записи,bk-000019,integration,in_work
crm-001888,2026-08-20 05:17:28,+7 (949) 231-44-21,Сайт: форма,mk-001598,integration,booked
crm-000248,2026-08-20 05:20:14,+79267333473,Сайт: форма,mk-000224,integration,booked
crm-001889,2026-08-20 05:23:23,89492314421,Сайт: форма,mk-001599,integration,new
crm-001098,2026-08-20 05:31:14,+79446103696,Сайт: форма,mk-000902,integration,in_work
crm-000760,2026-08-20 08:53:58,+7 (924) 632-65-83,Сайт: форма,mk-000625,integration,in_work
crm-002191,2026-08-20 09:23:27,+79326326955,Сайт: форма,mk-001862,integration,in_work
crm-000638,2026-08-20 10:03:53,+79388512864,дубльгис,,admin,booked
crm-000657,2026-08-20 10:09:54,+7 (951) 499-18-20,2 гис,,admin,visited
crm-002815,2026-08-20 10:18:17,8 991 222 02 43,яндекс.карты,,admin,in_work
crm-003033,2026-08-20 10:24:38,89146064432,проходил мимо,,admin,lost
crm-000962,2026-08-20 10:28:17,9200104206,Я.Директ,,admin,booked
crm-002918,2026-08-20 10:32:50,89187726468,яндекс директ,,admin,lost
crm-003794,2026-08-20 10:34:38,7-985-437-62-07,дубльгис,,admin,lost
crm-002260,2026-08-20 10:40:57,89897673980,с улицы,,admin,visited
crm-001929,2026-08-20 11:09:38,8(916)2500445,Виджет записи,bk-000368,integration,lost
crm-001585,2026-08-20 11:11:12,7-932-976-29-65,контекст,,admin,new
crm-000369,2026-08-20 11:14:45,8 958 462 68 64,яндекс директ,,admin,lost
crm-002721,2026-08-20 11:24:12,8 903 280 68 99,друзья,,admin,visited
crm-001258,2026-08-20 11:38:08,7-968-529-34-74,Виджет записи,bk-000235,integration,visited
crm-001685,2026-08-20 11:38:11,+79465711792,Сайт: форма,mk-001429,integration,new
crm-002232,2026-08-20 11:38:48,8 935 866 58 66,Сайт: форма,mk-001891,integration,visited
crm-001686,2026-08-20 11:42:13,+79465711792,Сайт: форма,mk-001430,integration,new
crm-003556,2026-08-20 12:04:49,9732564640,Виджет записи,bk-000687,integration,in_work
crm-003279,2026-08-20 12:11:21,9452924525,Сайт: форма,mk-002743,integration,lost
crm-003280,2026-08-20 12:12:21,+79452924525,Сайт: форма,mk-002744,integration,new
crm-001735,2026-08-20 12:18:51,8(933)4806670,яндекс директ,,admin,lost
crm-001498,2026-08-20 12:24:38,89544332213,контекст,,admin,booked
crm-001690,2026-08-20 12:30:57,+7 (948) 006-87-54,Я.Директ,,admin,in_work
crm-001154,2026-08-20 12:38:33,7-911-981-78-48,ЯД,,admin,visited
crm-002447,2026-08-20 12:41:02,8(931)2034760,Сайт: форма,mk-002048,integration,lost
crm-002127,2026-08-20 12:41:16,89947662750,Сайт: форма,mk-001809,integration,new
crm-003532,2026-08-20 12:43:42,89619159358,Виджет записи,bk-000683,integration,visited
crm-003067,2026-08-20 12:45:35,7-952-143-68-45,Я.Карты,,admin,lost
crm-001328,2026-08-20 12:58:35,8(912)3776823,Виджет записи,bk-000247,integration,in_work
crm-001806,2026-08-20 12:58:36,8(908)3951217,яндекс директ,,admin,in_work
crm-001859,2026-08-20 12:59:16,8(975)4297314,Виджет записи,bk-000353,integration,booked
crm-003600,2026-08-20 13:08:40,89566450955,Виджет записи,bk-000699,integration,booked
crm-000578,2026-08-20 13:10:38,8 927 867 27 93,Яндекс карты,,admin,lost
crm-000475,2026-08-20 13:18:55,89508652420,Виджет записи,bk-000079,integration,booked
crm-002660,2026-08-20 13:20:57,+79414030438,VK,,admin,visited
crm-000636,2026-08-20 13:21:02,8 977 134 76 07,Сайт: форма,mk-000526,integration,in_work
crm-000477,2026-08-20 13:25:17,8 951 126 16 77,Сайт: форма,mk-000396,integration,lost
crm-002690,2026-08-20 13:31:10,+7 (937) 903-08-94,дубльгис,,admin,in_work
crm-002925,2026-08-20 13:35:38,9617584153,гугл,,admin,lost
crm-003703,2026-08-20 13:41:35,+79505876175,таргет вк,,admin,lost
crm-002051,2026-08-20 13:57:25,89704958618,знакомые,,admin,visited
crm-000607,2026-08-20 14:00:01,9706536411,другое,,admin,visited
crm-000146,2026-08-20 14:14:31,8(984)1523924,не помню,,admin,lost
crm-001841,2026-08-20 14:15:17,9873995458,реклама,,admin,lost
crm-003792,2026-08-20 14:21:41,9170536506,Виджет записи,bk-000740,integration,lost
crm-001681,2026-08-20 14:31:32,8 906 559 79 67,по рекомендации,,admin,lost
crm-000921,2026-08-20 14:35:14,+7 (925) 485-44-85,2гис,,admin,lost
crm-001470,2026-08-20 14:43:49,8 922 789 26 39,Сайт: форма,mk-001228,integration,lost
crm-003834,2026-08-20 14:44:02,+79990000001,Сайт: форма,mk-003224,integration,new
crm-001524,2026-08-20 14:47:22,8(998)2411637,по рекомендации,,admin,booked
crm-002548,2026-08-20 14:55:54,+7 (910) 566-14-92,Сайт: форма,mk-002130,integration,lost
crm-000064,2026-08-20 15:15:11,8(971)0478232,2гис,,admin,visited
crm-000200,2026-08-20 15:42:31,8(922)5739581,Сайт: форма,mk-000180,integration,in_work
crm-003361,2026-08-20 15:44:31,8(981)5462730,2ГИС,,admin,in_work
crm-002655,2026-08-20 15:52:12,+7 (969) 210-84-64,Яндекс,,admin,lost
crm-003800,2026-08-20 15:59:28,8 976 438 68 72,Я.Карты,,admin,lost
crm-003586,2026-08-20 16:06:12,+79317511912,Я.Карты,,admin,lost
crm-002866,2026-08-20 16:21:27,8(923)7986718,поиск,,admin,visited
crm-003454,2026-08-20 16:36:42,8 978 730 06 95,знакомые,,admin,in_work
crm-001931,2026-08-20 16:45:23,7-987-495-20-12,гугл,,admin,lost
crm-001011,2026-08-20 16:53:24,7-960-882-54-82,Виджет записи,bk-000194,integration,visited
crm-003295,2026-08-20 17:05:45,8(934)5547252,VK,,admin,visited
crm-000287,2026-08-20 17:19:26,+79655883220,Сайт: форма,mk-000255,integration,lost
crm-000080,2026-08-20 17:19:50,8 959 611 64 91,Сайт: форма,mk-000078,integration,visited
crm-001869,2026-08-20 17:24:17,89968605961,Виджет записи,bk-000355,integration,lost
crm-002216,2026-08-20 17:32:03,8 916 761 08 15,знакомые,,admin,new
crm-003374,2026-08-20 17:44:10,+7 (969) 508-30-91,Виджет записи,bk-000655,integration,lost
crm-000704,2026-08-20 17:54:28,7-929-988-00-08,Яндекс,,admin,in_work
crm-000099,2026-08-20 18:07:45,8 989 594 45 97,реклама в яндексе,,admin,lost
crm-001649,2026-08-20 18:08:17,9623215122,2гис,,admin,lost
crm-002288,2026-08-20 18:09:02,9333766251,пришёл сам,,admin,in_work
crm-001042,2026-08-20 18:35:18,8 922 231 78 81,Сайт: форма,mk-000858,integration,booked
crm-002382,2026-08-20 18:39:37,+7 (920) 817-87-96,Сайт: форма,mk-002000,integration,in_work
crm-002757,2026-08-20 18:53:54,+79061919882,другое,,admin,lost
crm-000850,2026-08-20 19:31:48,+7 (937) 984-09-08,повторный пациент,,admin,lost
crm-002020,2026-08-20 19:36:36,7-962-148-16-36,Виджет записи,bk-000386,integration,booked
crm-001919,2026-08-20 19:51:02,8(945)4362315,гугл,,admin,visited
crm-001802,2026-08-20 20:02:07,+7 (947) 449-23-93,Виджет записи,bk-000340,integration,visited
crm-000861,2026-08-20 20:11:58,89179357395,Виджет записи,bk-000156,integration,visited
crm-003492,2026-08-20 21:01:35,9086260553,Сайт: форма,mk-002929,integration,visited
crm-002652,2026-08-20 21:21:32,8 952 402 16 64,Виджет записи,bk-000507,integration,in_work
crm-003741,2026-08-20 21:47:11,8 965 191 16 39,Виджет записи,bk-000727,integration,in_work
crm-003742,2026-08-20 21:48:21,8(965)1911639,Виджет записи,bk-000727,integration,new
crm-000712,2026-08-20 22:11:20,8(939)6770737,Сайт: форма,mk-000588,integration,lost
crm-002776,2026-08-20 22:11:59,9485416919,Сайт: форма,mk-002317,integration,lost
crm-003554,2026-08-20 22:17:04,89785929911,Сайт: форма,mk-002985,integration,lost
crm-000853,2026-08-20 22:19:09,+79880516281,Виджет записи,bk-000154,integration,lost
crm-003421,2026-08-20 22:20:30,7-930-994-22-85,Сайт: форма,mk-002865,integration,booked
crm-000325,2026-08-20 22:27:40,7-923-858-53-13,Сайт: форма,mk-000280,integration,lost
crm-000725,2026-08-20 22:40:53,8(924)2725343,Сайт: форма,mk-000601,integration,in_work
crm-001556,2026-08-20 22:53:01,8(950)7911010,Сайт: форма,mk-001308,integration,booked
crm-001557,2026-08-20 22:54:50,+79507911010,Сайт: форма,mk-001309,integration,new
crm-002521,2026-08-20 22:56:26,89473375266,Сайт: форма,mk-002106,integration,booked
crm-002082,2026-08-20 23:10:43,8(961)9018944,Сайт: форма,mk-001773,integration,booked
crm-003024,2026-08-21 00:07:59,7-927-955-56-93,Виджет записи,bk-000585,integration,booked
crm-000301,2026-08-21 00:41:30,7-940-705-74-83,Сайт: форма,mk-000262,integration,booked
crm-000194,2026-08-21 01:14:00,+7 (969) 397-25-26,Сайт: форма,mk-000174,integration,booked
crm-003094,2026-08-21 02:02:17,89377709339,Сайт: форма,mk-002583,integration,visited
crm-003551,2026-08-21 02:32:02,8 989 308 86 31,Сайт: форма,mk-002983,integration,lost
crm-001257,2026-08-21 03:07:50,+79674737927,Сайт: форма,mk-001056,integration,visited
crm-000630,2026-08-21 03:44:36,9629762899,Виджет записи,bk-000108,integration,booked
crm-001147,2026-08-21 04:40:19,8(947)4729920,Сайт: форма,mk-000957,integration,lost
crm-000798,2026-08-21 04:54:12,8(911)8721815,Сайт: форма,mk-000657,integration,visited
crm-003093,2026-08-21 05:35:13,+7 (916) 571-27-90,Сайт: форма,mk-002582,integration,lost
crm-000781,2026-08-21 06:58:47,7-933-452-61-29,Сайт: форма,mk-000643,integration,lost
crm-003665,2026-08-21 07:22:23,+79407563447,Сайт: форма,mk-003083,integration,visited
crm-000661,2026-08-21 08:17:12,89637514560,Виджет записи,bk-000117,integration,booked
crm-002786,2026-08-21 08:20:01,9059254386,Виджет записи,bk-000541,integration,lost
crm-003258,2026-08-21 09:13:39,9114885147,реклама,,admin,lost
crm-002898,2026-08-21 09:20:31,89476400380,Сайт: форма,mk-002416,integration,visited
crm-000970,2026-08-21 09:20:48,9024375421,Сайт: форма,mk-000803,integration,in_work
crm-000224,2026-08-21 09:23:57,+79406802523,сарафан,,admin,visited
crm-001914,2026-08-21 09:52:16,8(911)0966498,Сайт: форма,mk-001620,integration,in_work
crm-001246,2026-08-21 10:02:15,9588344304,Виджет записи,bk-000232,integration,in_work
crm-003787,2026-08-21 10:08:33,+79815121999,Сайт: форма,mk-003182,integration,lost
crm-003667,2026-08-21 10:24:58,+7 (977) 493-56-44,2 гис,,admin,booked
crm-002547,2026-08-21 10:54:59,8(980)8514481,Виджет записи,bk-000488,integration,visited
crm-000682,2026-08-21 10:57:00,8 900 936 77 51,яндекс директ,,admin,visited
crm-003156,2026-08-21 11:10:45,+7 (985) 134-40-34,поиск,,admin,new
crm-002592,2026-08-21 11:15:40,8(902)5012320,реклама,,admin,booked
crm-000899,2026-08-21 11:16:18,8(922)8463240,сайт,,admin,new
crm-000813,2026-08-21 11:17:46,8 910 218 59 69,2гис,,admin,lost
crm-003027,2026-08-21 11:22:54,+7 (910) 616-23-47,дубльгис,,admin,booked
crm-003570,2026-08-21 11:35:53,7-920-856-36-26,вывеска,,admin,lost
crm-000650,2026-08-21 11:43:04,9468322271,Виджет записи,bk-000112,integration,booked
crm-002960,2026-08-21 11:43:54,8(993)9698220,карты,,admin,booked
crm-001021,2026-08-21 11:45:50,9367620348,Виджет записи,bk-000196,integration,booked
crm-003239,2026-08-21 11:56:50,+7 (994) 737-51-76,Сайт: форма,mk-002709,integration,lost
crm-001212,2026-08-21 12:07:13,8 919 430 99 76,дубльгис,,admin,visited
crm-001253,2026-08-21 12:07:18,+7 (930) 748-21-24,Сайт: форма,mk-001053,integration,in_work
crm-001757,2026-08-21 12:10:34,9034736276,гугл,,admin,in_work
crm-001254,2026-08-21 12:11:15,+79307482124,Сайт: форма,mk-001054,integration,new
crm-000412,2026-08-21 12:20:01,9489052342,Я.Директ,,admin,new
crm-003622,2026-08-21 12:42:22,8 976 353 42 62,с улицы,,admin,lost
crm-003292,2026-08-21 12:44:33,7-934-103-90-79,яндекс.карты,,admin,lost
crm-003819,2026-08-21 12:52:03,8 993 673 44 93,реклама в яндексе,,admin,in_work
crm-000040,2026-08-21 13:27:42,7-963-694-11-68,Виджет записи,bk-000005,integration,booked
crm-000420,2026-08-21 13:47:15,8(925)5885280,Виджет записи,bk-000071,integration,visited
crm-002853,2026-08-21 13:50:07,+7 (917) 918-43-49,пришёл сам,,admin,lost
crm-001511,2026-08-21 13:57:58,8 951 571 20 94,,,admin,booked
crm-001438,2026-08-21 14:02:57,8 951 611 13 95,VK,,admin,visited
crm-003327,2026-08-21 14:08:46,8 916 072 85 13,яндекс.карты,,admin,booked
crm-000772,2026-08-21 14:12:56,89235206968,Сайт: форма,mk-000635,integration,new
crm-000948,2026-08-21 14:21:43,+7 (917) 664-74-58,Сайт: форма,mk-000786,integration,lost
crm-000879,2026-08-21 14:21:54,9577307617,яндекс директ,,admin,visited
crm-001942,2026-08-21 14:22:18,8(971)8114523,Яндекс карты,,admin,booked
crm-000949,2026-08-21 14:24:53,+79176647458,Сайт: форма,mk-000787,integration,new
crm-002834,2026-08-21 14:25:08,+79222962335,Сайт: форма,mk-002369,integration,in_work
crm-003358,2026-08-21 14:31:48,+79443035164,с улицы,,admin,lost
crm-001442,2026-08-21 14:36:25,+7 (993) 673-62-67,пришёл сам,,admin,in_work
crm-003593,2026-08-21 14:45:56,8 962 684 43 05,,,admin,booked
crm-000641,2026-08-21 14:58:02,+79518698400,Сайт: форма,mk-000531,integration,booked
crm-001170,2026-08-21 15:06:53,+79087867818,знакомые,,admin,in_work
crm-001624,2026-08-21 15:30:50,8 924 102 15 31,таргет вк,,admin,in_work
crm-002792,2026-08-21 15:35:35,7-996-994-55-11,2гис,,admin,in_work
crm-001086,2026-08-21 15:40:36,+7 (924) 257-73-75,Я.Директ,,admin,lost
crm-001674,2026-08-21 15:44:05,+7 (976) 464-54-44,Яндекс,,admin,lost
crm-001060,2026-08-21 15:51:10,8 960 012 57 64,Сайт: форма,mk-000872,integration,in_work
crm-002387,2026-08-21 15:55:38,+7 (974) 151-01-66,Сайт: форма,mk-002005,integration,in_work
crm-000340,2026-08-21 15:58:24,9460647204,вывеска,,admin,in_work
crm-001993,2026-08-21 15:59:53,7-901-999-52-48,повторный пациент,,admin,in_work
crm-000606,2026-08-21 16:14:41,7-900-843-38-18,проходил мимо,,admin,visited
crm-003451,2026-08-21 16:21:02,89836651812,сарафан,,admin,visited
crm-001112,2026-08-21 16:21:56,7-905-534-08-68,реклама в яндексе,,admin,new
crm-002450,2026-08-21 16:31:44,7-971-826-64-71,проходил мимо,,admin,booked
crm-002958,2026-08-21 16:34:01,89163944249,2 гис,,admin,visited
crm-003124,2026-08-21 16:47:32,89539507471,ЯД,,admin,lost
crm-003426,2026-08-21 16:50:44,7-955-832-37-72,Сайт: форма,mk-002869,integration,new
crm-001296,2026-08-21 16:59:37,8 967 173 02 84,с улицы,,admin,lost
crm-000298,2026-08-21 17:07:24,7-978-870-90-57,Виджет записи,bk-000043,integration,in_work
crm-003141,2026-08-21 17:27:30,9900503705,реклама,,admin,lost
crm-001572,2026-08-21 17:31:59,7-936-640-19-45,2гис,,admin,visited
crm-001025,2026-08-21 17:35:33,8(987)8832746,2ГИС,,admin,visited
crm-000169,2026-08-21 17:38:52,+7 (962) 377-51-42,яндекс.карты,,admin,lost
crm-001905,2026-08-21 17:57:34,7-967-878-75-79,ЯД,,admin,booked
crm-001785,2026-08-21 18:19:41,9734596408,Я.Директ,,admin,booked
crm-002778,2026-08-21 18:22:33,9572728603,карты,,admin,lost
crm-002933,2026-08-21 18:28:33,8 916 450 63 76,ВК,,admin,lost
crm-003057,2026-08-21 18:30:42,8(929)4112250,сайт,,admin,booked
crm-000507,2026-08-21 18:37:38,+7 (984) 947-01-78,яндекс директ,,admin,lost
crm-002963,2026-08-21 18:50:52,9715123193,сарафан,,admin,lost
crm-000179,2026-08-21 19:08:02,+7 (925) 982-50-22,Сайт: форма,mk-000163,integration,in_work
crm-000180,2026-08-21 19:11:04,7-925-982-50-22,Сайт: форма,mk-000164,integration,new
crm-000181,2026-08-21 19:12:14,+79259825022,Сайт: форма,mk-000164,integration,new
crm-000182,2026-08-21 19:12:46,8(925)9825022,Сайт: форма,mk-000165,integration,new
crm-003114,2026-08-21 19:16:58,8 909 912 48 23,Сайт: форма,mk-002600,integration,booked
crm-002308,2026-08-21 19:19:36,8(969)7209057,Сайт: форма,mk-001950,integration,booked
crm-003165,2026-08-21 19:20:10,9822078035,Сайт: форма,mk-002640,integration,booked
crm-000942,2026-08-21 19:21:01,8(980)8267306,нашли в интернете,,admin,in_work
crm-002144,2026-08-21 19:39:52,8(918)2172108,VK,,admin,visited
crm-002545,2026-08-21 19:46:27,7-989-415-50-09,Виджет записи,bk-000487,integration,lost
crm-003767,2026-08-21 19:47:30,+7 (915) 361-26-90,Виджет записи,bk-000732,integration,booked
crm-002053,2026-08-21 20:02:07,8 992 597 45 70,Сайт: форма,mk-001744,integration,visited
crm-002131,2026-08-21 20:35:26,7-903-243-24-77,Сайт: форма,mk-001813,integration,booked
crm-000564,2026-08-21 20:41:56,8 992 507 09 43,Виджет записи,bk-000096,integration,lost
crm-002875,2026-08-21 20:56:38,7-918-437-15-92,2гис,,admin,visited
crm-003043,2026-08-21 21:12:41,+7 (992) 053-64-01,Сайт: форма,mk-002538,integration,lost
crm-003044,2026-08-21 21:14:03,+7 (992) 053-64-01,Сайт: форма,mk-002538,integration,new
crm-001966,2026-08-21 21:49:39,+7 (960) 712-42-56,Сайт: форма,mk-001668,integration,lost
crm-002353,2026-08-21 22:03:33,7-960-461-41-30,Сайт: форма,mk-001976,integration,in_work
crm-000416,2026-08-21 22:09:41,8 978 370 55 58,Виджет записи,bk-000069,integration,in_work
crm-003436,2026-08-21 22:37:16,7-936-769-93-01,Сайт: форма,mk-002879,integration,booked
crm-000270,2026-08-21 22:37:29,7-990-561-35-34,Сайт: форма,mk-000243,integration,in_work
crm-003437,2026-08-21 22:38:29,+7 (936) 769-93-01,Сайт: форма,mk-002879,integration,new
crm-000884,2026-08-22 01:24:06,89366805010,Сайт: форма,mk-000733,integration,lost
crm-002206,2026-08-22 01:54:49,7-955-709-12-46,Виджет записи,bk-000420,integration,lost
crm-000632,2026-08-22 02:00:10,+79745991789,Сайт: форма,mk-000522,integration,lost
crm-003221,2026-08-22 03:23:34,7-904-557-63-02,Виджет записи,bk-000626,integration,lost
crm-003369,2026-08-22 04:05:23,8(917)8368364,Виджет записи,bk-000652,integration,lost
crm-003182,2026-08-22 04:47:28,+79973363072,Сайт: форма,mk-002658,integration,in_work
crm-003086,2026-08-22 05:34:25,+7 (967) 919-95-65,Виджет записи,bk-000597,integration,booked
crm-000415,2026-08-22 06:15:07,+7 (921) 775-44-15,Виджет записи,bk-000068,integration,in_work
crm-001702,2026-08-22 06:43:05,8 976 389 18 17,Сайт: форма,mk-001443,integration,booked
crm-002041,2026-08-22 07:49:08,7-988-603-16-38,Виджет записи,bk-000389,integration,visited
crm-002390,2026-08-22 08:44:18,+79860543133,Виджет записи,bk-000460,integration,lost
crm-000932,2026-08-22 09:16:07,+79035135997,знакомые,,admin,booked
crm-002384,2026-08-22 09:22:29,9484038942,Сайт: форма,mk-002002,integration,lost
crm-003060,2026-08-22 09:39:54,7-977-514-03-75,проходил мимо,,admin,visited
crm-003399,2026-08-22 09:43:24,+7 (937) 509-41-97,вконтакте,,admin,lost
crm-000539,2026-08-22 09:45:58,9202469700,Виджет записи,bk-000093,integration,visited
crm-002871,2026-08-22 10:17:08,+79203597874,Я.Карты,,admin,visited
crm-003528,2026-08-22 10:21:08,8(901)7864856,контекст,,admin,visited
crm-003326,2026-08-22 10:33:20,89873111934,дубльгис,,admin,visited
crm-003440,2026-08-22 10:39:41,+79101950588,пришёл сам,,admin,visited
crm-002233,2026-08-22 10:42:45,8 935 866 58 66,гугл,,admin,new
crm-003316,2026-08-22 10:52:25,8 992 634 67 45,Я.Директ,,admin,lost
crm-003547,2026-08-22 10:53:16,89114043417,вывеска,,admin,lost
crm-002555,2026-08-22 10:54:40,8 959 062 23 78,ЯД,,admin,visited
crm-000752,2026-08-22 10:57:43,7-975-222-71-99,Сайт: форма,mk-000621,integration,lost
crm-001860,2026-08-22 11:04:14,8 975 429 73 14,вконтакте,,admin,new
crm-002194,2026-08-22 11:23:26,8 964 447 07 61,вывеска,,admin,lost
crm-000961,2026-08-22 11:35:27,9278404356,Виджет записи,bk-000179,integration,lost
crm-003079,2026-08-22 11:38:10,89144496374,гугл,,admin,lost
crm-000004,2026-08-22 11:42:13,9487445749,друзья,,admin,visited
crm-002328,2026-08-22 11:43:06,+79466328464,проходил мимо,,admin,lost
crm-000165,2026-08-22 11:44:06,9186321438,Виджет записи,bk-000020,integration,visited
crm-000186,2026-08-22 11:49:34,8(920)1654494,знакомые,,admin,visited
crm-000140,2026-08-22 11:49:58,9919314997,не помню,,admin,in_work
crm-001528,2026-08-22 11:50:48,9405989563,вывеска,,admin,visited
crm-001252,2026-08-22 12:06:24,8(963)7801309,другое,,admin,visited
crm-003763,2026-08-22 12:16:27,8 974 493 95 01,Я.Директ,,admin,booked
crm-002562,2026-08-22 12:21:35,9041055818,реклама в яндексе,,admin,lost
crm-002506,2026-08-22 12:29:39,89874860366,повторный пациент,,admin,lost
crm-000971,2026-08-22 12:45:13,7-951-029-69-42,вывеска,,admin,in_work
crm-002928,2026-08-22 12:45:36,+79327724903,с улицы,,admin,visited
crm-000468,2026-08-22 13:03:14,9585704421,Сайт: форма,mk-000390,integration,lost
crm-003237,2026-08-22 13:16:18,+79424353388,Сайт: форма,mk-002707,integration,lost
crm-002914,2026-08-22 13:24:19,+79887047882,яндекс.карты,,admin,booked
crm-000018,2026-08-22 13:27:46,7-920-133-15-10,,,admin,visited
crm-003441,2026-08-22 13:39:14,8 927 726 09 06,нашли в интернете,,admin,visited
crm-003189,2026-08-22 13:44:57,+79190000883,ВК,,admin,lost
crm-001324,2026-08-22 13:57:03,8 990 686 23 80,2ГИС,,admin,lost
crm-000269,2026-08-22 14:05:33,+79074036059,сарафан,,admin,lost
crm-003062,2026-08-22 14:22:36,8 949 270 33 29,Сайт: форма,mk-002555,integration,new
crm-000751,2026-08-22 14:45:08,+79160188747,карты,,admin,in_work
crm-002145,2026-08-22 14:49:47,7-992-125-06-45,повторный пациент,,admin,visited
crm-000193,2026-08-22 14:53:03,+7 (996) 660-96-15,2ГИС,,admin,visited
crm-002100,2026-08-22 15:16:00,7-927-971-75-83,Яндекс карты,,admin,lost
crm-002198,2026-08-22 15:31:01,8(987)2446908,2 гис,,admin,visited
crm-000168,2026-08-22 15:39:04,89846645586,поиск,,admin,in_work
crm-003599,2026-08-22 15:42:16,8(920)8960429,повторный пациент,,admin,visited
crm-002065,2026-08-22 15:46:39,7-934-731-74-33,яндекс.карты,,admin,in_work
crm-002030,2026-08-22 15:49:52,+79618063253,ВК,,admin,booked
crm-001722,2026-08-22 15:57:50,9822848462,Сайт: форма,mk-001462,integration,in_work
crm-003644,2026-08-22 16:10:10,+79978934270,Я.Карты,,admin,visited
crm-001125,2026-08-22 16:11:30,8(902)2387586,другое,,admin,lost
crm-002392,2026-08-22 16:13:17,8(954)7384219,,,admin,booked
crm-001669,2026-08-22 16:19:25,+7 (934) 930-07-73,карты,,admin,booked
crm-003721,2026-08-22 16:24:09,+79134016325,Виджет записи,bk-000726,integration,visited
crm-002272,2026-08-22 16:31:45,9231983599,Сайт: форма,mk-001924,integration,lost
crm-003305,2026-08-22 16:39:30,+79811162000,2ГИС,,admin,visited
crm-002629,2026-08-22 16:40:07,89144176647,2ГИС,,admin,booked
crm-000644,2026-08-22 16:44:15,8 920 370 92 14,Виджет записи,bk-000110,integration,visited
crm-003636,2026-08-22 16:45:15,9341786628,реклама,,admin,lost
crm-003821,2026-08-22 16:47:14,8 997 453 66 73,таргет вк,,admin,visited
crm-000634,2026-08-22 16:50:58,8 910 219 32 51,контекст,,admin,in_work
crm-003732,2026-08-22 17:01:27,+7 (974) 284-68-15,яндекс директ,,admin,lost
crm-002593,2026-08-22 17:02:57,89601092572,Сайт: форма,mk-002169,integration,booked
crm-002951,2026-08-22 17:11:51,7-991-130-55-31,с улицы,,admin,booked
crm-003757,2026-08-22 17:30:55,+79150850947,контекст,,admin,booked
crm-002522,2026-08-22 17:40:01,+79974985408,по рекомендации,,admin,visited
crm-001305,2026-08-22 17:43:13,7-996-315-80-66,,,admin,booked
crm-000524,2026-08-22 17:44:15,9479166250,Сайт: форма,mk-000433,integration,new
crm-001957,2026-08-22 17:47:35,89115968500,знакомые,,admin,in_work
crm-001967,2026-08-22 17:54:00,89920455286,Виджет записи,bk-000375,integration,in_work
crm-000118,2026-08-22 17:59:24,+7 (945) 060-49-15,контекст,,admin,lost
crm-001776,2026-08-22 18:04:44,+7 (946) 820-21-33,проходил мимо,,admin,visited
crm-002174,2026-08-22 18:12:32,89256729294,реклама,,admin,booked
crm-001360,2026-08-22 18:14:30,+79236655441,Яндекс карты,,admin,in_work
crm-002092,2026-08-22 18:21:21,+79669056782,яндекс.карты,,admin,visited
crm-001371,2026-08-22 18:24:39,7-945-773-86-27,Виджет записи,bk-000257,integration,visited
crm-003647,2026-08-22 18:37:52,+7 (943) 883-55-63,вконтакте,,admin,lost
crm-002369,2026-08-22 18:41:14,89073922081,повторный пациент,,admin,visited
crm-000653,2026-08-22 18:42:16,+7 (934) 148-53-98,Сайт: форма,mk-000539,integration,visited
crm-002606,2026-08-22 18:42:57,89155726675,ВК,,admin,booked
crm-001238,2026-08-22 18:44:02,89570255431,сарафан,,admin,visited
crm-001061,2026-08-22 18:46:11,7-952-576-26-81,Я.Карты,,admin,visited
crm-000925,2026-08-22 18:46:14,+7 (961) 154-17-44,Виджет записи,bk-000171,integration,in_work
crm-000397,2026-08-22 18:54:12,7-939-048-36-42,Яндекс,,admin,visited
crm-000086,2026-08-22 19:04:22,9446392569,Сайт: форма,mk-000083,integration,in_work
crm-002681,2026-08-22 19:04:38,89140207296,Сайт: форма,mk-002241,integration,lost
crm-000087,2026-08-22 19:07:56,7-944-639-25-69,Сайт: форма,mk-000084,integration,new
crm-003790,2026-08-22 19:12:20,8(982)5081461,пришёл сам,,admin,visited
crm-003561,2026-08-22 19:17:56,7-981-185-68-51,Виджет записи,bk-000689,integration,visited
crm-000979,2026-08-22 19:50:18,8 928 742 45 17,Виджет записи,bk-000184,integration,visited
crm-003480,2026-08-22 19:54:09,9290919825,гугл,,admin,booked
crm-000342,2026-08-22 19:57:30,+79574809754,Сайт: форма,mk-000294,integration,booked
crm-000985,2026-08-22 20:04:19,9373536681,Виджет записи,bk-000188,integration,lost
crm-001593,2026-08-22 20:38:45,+79629806418,Виджет записи,bk-000299,integration,booked
crm-000978,2026-08-22 20:50:06,8 949 331 02 30,Виджет записи,bk-000183,integration,visited
crm-002977,2026-08-22 20:56:45,+7 (900) 133-01-86,Виджет записи,bk-000572,integration,lost
crm-002067,2026-08-22 21:20:50,8(965)4147299,Сайт: форма,mk-001760,integration,visited
crm-003677,2026-08-22 21:31:55,89305817912,Виджет записи,bk-000713,integration,lost
crm-003678,2026-08-22 21:32:37,89305817912,Виджет записи,bk-000713,integration,new
crm-002915,2026-08-22 21:38:48,7-984-795-09-44,Сайт: форма,mk-002433,integration,booked
crm-000960,2026-08-22 22:14:34,+7 (987) 647-65-04,Виджет записи,bk-000178,integration,visited
crm-001882,2026-08-22 22:27:03,8(948)7746977,Сайт: форма,mk-001592,integration,booked
crm-001076,2026-08-22 23:07:15,7-943-761-14-49,Сайт: форма,mk-000888,integration,in_work
crm-001101,2026-08-23 00:14:32,+7 (941) 951-26-06,Сайт: форма,mk-000905,integration,lost
crm-002563,2026-08-23 03:17:31,89489724908,Сайт: форма,mk-002144,integration,booked
crm-001090,2026-08-23 04:50:58,8(983)8821170,Сайт: форма,mk-000896,integration,lost
crm-002360,2026-08-23 06:53:52,+7 (995) 323-93-25,Сайт: форма,mk-001980,integration,in_work
crm-003753,2026-08-23 07:29:08,+7 (905) 978-13-01,Сайт: форма,mk-003152,integration,in_work
crm-003096,2026-08-23 08:45:28,89142248655,Виджет записи,bk-000599,integration,in_work
crm-003194,2026-08-23 08:45:41,7-997-079-75-98,Виджет записи,bk-000622,integration,lost
crm-000700,2026-08-23 08:57:15,+79211417902,Сайт: форма,mk-000579,integration,lost
crm-002536,2026-08-23 09:33:58,+7 (943) 797-71-57,Сайт: форма,mk-002119,integration,booked
crm-002537,2026-08-23 09:35:02,9437977157,Сайт: форма,mk-002119,integration,new
crm-002538,2026-08-23 09:37:10,9437977157,Сайт: форма,mk-002120,integration,new
crm-003737,2026-08-23 09:48:24,7-995-640-06-28,Сайт: форма,mk-003141,integration,lost
crm-001274,2026-08-23 10:29:06,9330125608,Сайт: форма,mk-001068,integration,in_work
crm-001262,2026-08-23 10:45:41,8 970 573 49 41,другое,,admin,lost
crm-003707,2026-08-23 10:50:11,8(907)0625544,ВК,,admin,booked
crm-002954,2026-08-23 11:00:11,8 911 479 80 67,Виджет записи,bk-000568,integration,lost
crm-001700,2026-08-23 11:00:29,9550892424,Я.Карты,,admin,visited
crm-003669,2026-08-23 11:02:29,9883803420,яндекс.карты,,admin,in_work
crm-002059,2026-08-23 11:03:06,8 941 865 41 64,Сайт: форма,mk-001751,integration,lost
crm-002060,2026-08-23 11:04:46,8 941 865 41 64,Сайт: форма,mk-001752,integration,new
crm-002061,2026-08-23 11:10:30,+79418654164,Сайт: форма,mk-001753,integration,new
crm-002068,2026-08-23 11:25:48,+7 (965) 414-72-99,карты,,admin,new
crm-002821,2026-08-23 11:26:57,8(977)7533137,ВК,,admin,visited
crm-001320,2026-08-23 11:40:12,8(931)7646578,сарафан,,admin,visited
crm-003082,2026-08-23 11:46:44,8(921)7858371,реклама,,admin,new
crm-000494,2026-08-23 11:46:45,7-903-481-32-26,2 гис,,admin,in_work
crm-003533,2026-08-23 11:51:41,7-961-915-93-58,знакомые,,admin,new
crm-002598,2026-08-23 11:56:45,9454583475,таргет вк,,admin,lost
crm-003222,2026-08-23 12:03:12,+7 (998) 269-25-40,2гис,,admin,in_work
crm-002325,2026-08-23 12:26:04,8(936)8193547,Виджет записи,bk-000445,integration,lost
crm-000098,2026-08-23 12:43:49,8 925 595 42 79,не помню,,admin,in_work
crm-000857,2026-08-23 12:47:36,+7 (906) 521-99-75,Яндекс карты,,admin,visited
crm-001216,2026-08-23 13:02:38,+79658686069,другое,,admin,lost
crm-002128,2026-08-23 13:11:36,7-964-985-78-70,яндекс.карты,,admin,lost
crm-001750,2026-08-23 13:14:11,+7 (931) 341-34-74,,,admin,lost
crm-002989,2026-08-23 13:16:22,9424962803,дубльгис,,admin,lost
crm-003068,2026-08-23 13:22:56,9488350928,с улицы,,admin,in_work
crm-003845,2026-08-23 13:34:02,+7 (900) 000-00-00,Сайт: форма,mk-003235,integration,new
crm-002205,2026-08-23 14:23:02,+79970277712,с улицы,,admin,visited
crm-003682,2026-08-23 14:24:21,89531594850,Я.Карты,,admin,lost
crm-001287,2026-08-23 14:33:00,+79293372600,яндекс директ,,admin,lost
crm-003306,2026-08-23 14:37:32,89811162000,Сайт: форма,mk-002768,integration,new
crm-003107,2026-08-23 14:56:54,8(979)7366580,реклама вк,,admin,in_work
crm-002357,2026-08-23 14:59:07,89465545034,2ГИС,,admin,lost
crm-000439,2026-08-23 14:59:11,7-928-428-34-40,знакомые,,admin,visited
crm-003768,2026-08-23 15:07:14,+7 (929) 224-74-23,Сайт: форма,mk-003165,integration,booked
crm-003769,2026-08-23 15:08:48,9292247423,Сайт: форма,mk-003166,integration,new
crm-003770,2026-08-23 15:11:29,89292247423,Сайт: форма,mk-003167,integration,new
crm-003618,2026-08-23 15:12:12,8 910 545 08 50,Яндекс карты,,admin,in_work
crm-000092,2026-08-23 15:22:06,8 990 991 26 26,с улицы,,admin,in_work
crm-002754,2026-08-23 15:46:09,8 955 753 94 06,проходил мимо,,admin,in_work
crm-001865,2026-08-23 15:52:24,+7 (915) 781-96-85,Виджет записи,bk-000354,integration,visited
crm-003019,2026-08-23 15:53:15,7-973-873-61-61,вывеска,,admin,visited
crm-002614,2026-08-23 15:58:43,8(979)4059403,ВК,,admin,visited
crm-001350,2026-08-23 16:24:52,89838354788,2гис,,admin,lost
crm-003157,2026-08-23 16:29:09,89044110584,Виджет записи,bk-000618,integration,lost
crm-000387,2026-08-23 16:47:17,89144141219,таргет вк,,admin,lost
crm-002437,2026-08-23 16:47:50,8 941 440 22 59,сарафан,,admin,lost
crm-001566,2026-08-23 16:55:08,+7 (960) 327-06-06,Я.Директ,,admin,lost
crm-001751,2026-08-23 17:00:43,+7 (927) 481-18-67,Сайт: форма,mk-001482,integration,lost
crm-002957,2026-08-23 17:13:51,89144880474,другое,,admin,visited
crm-003522,2026-08-23 17:15:03,+7 (958) 323-70-73,дубльгис,,admin,visited
crm-003843,2026-08-23 17:24:02,+79990000001,Сайт: форма,mk-003233,integration,new
crm-000912,2026-08-23 17:56:01,89681418877,таргет вк,,admin,visited
crm-000741,2026-08-23 18:12:39,+79772448341,сайт,,admin,new
crm-000662,2026-08-23 18:21:11,+7 (963) 751-45-60,Яндекс карты,,admin,new
crm-000108,2026-08-23 18:57:28,+79523189472,контекст,,admin,visited
crm-000684,2026-08-23 19:06:38,+79565818726,карты,,admin,booked
crm-001804,2026-08-23 19:50:35,89985972425,Сайт: форма,mk-001527,integration,booked
crm-003372,2026-08-23 20:30:57,89616521461,Сайт: форма,mk-002822,integration,lost
crm-002784,2026-08-23 20:41:42,+7 (931) 660-07-83,Виджет записи,bk-000540,integration,lost
crm-002939,2026-08-23 20:59:59,8 911 591 83 75,Виджет записи,bk-000565,integration,lost
crm-000815,2026-08-23 21:10:05,+7 (973) 145-61-06,Сайт: форма,mk-000670,integration,lost
crm-003400,2026-08-23 21:36:39,8(956)6143428,Виджет записи,bk-000660,integration,visited
crm-003087,2026-08-23 21:39:04,89818155516,Сайт: форма,mk-002574,integration,booked
crm-001424,2026-08-23 21:58:39,9430511714,Сайт: форма,mk-001191,integration,booked
crm-002504,2026-08-23 22:03:14,89388270945,Сайт: форма,mk-002089,integration,visited
crm-003744,2026-08-23 22:15:26,8(958)5094180,Сайт: форма,mk-003146,integration,booked
crm-002761,2026-08-23 22:30:46,9027002072,Виджет записи,bk-000532,integration,visited
crm-001342,2026-08-23 22:36:56,9492963996,Виджет записи,bk-000251,integration,in_work
crm-003381,2026-08-23 22:39:12,8 969 378 27 54,Сайт: форма,mk-002828,integration,lost
crm-003796,2026-08-23 22:39:27,8 941 493 04 45,Сайт: форма,mk-003187,integration,lost
crm-003375,2026-08-23 22:42:51,8 914 533 52 93,Сайт: форма,mk-002823,integration,in_work
crm-003339,2026-08-23 22:47:58,+7 (969) 455-13-17,Виджет записи,bk-000646,integration,lost
crm-002254,2026-08-24 00:42:32,7-971-535-88-25,Сайт: форма,mk-001907,integration,in_work
crm-000669,2026-08-24 01:38:24,8 933 710 48 55,Сайт: форма,mk-000553,integration,lost
crm-000022,2026-08-24 01:40:09,+7 (907) 457-88-06,Сайт: форма,mk-000021,integration,in_work
crm-000670,2026-08-24 01:40:52,9337104855,Сайт: форма,mk-000554,integration,new
crm-001658,2026-08-24 03:01:26,7-985-873-60-89,Сайт: форма,mk-001401,integration,in_work
crm-002391,2026-08-24 03:44:15,7-983-264-91-89,Виджет записи,bk-000461,integration,booked
crm-002811,2026-08-24 03:53:45,89494115179,Виджет записи,bk-000545,integration,booked
crm-000906,2026-08-24 04:12:31,89145517100,Виджет записи,bk-000169,integration,in_work
crm-001978,2026-08-24 04:37:39,8 973 557 36 11,Сайт: форма,mk-001677,integration,booked
crm-001087,2026-08-24 07:55:05,+79604429071,Сайт: форма,mk-000894,integration,booked
crm-001317,2026-08-24 08:04:32,9039228095,Сайт: форма,mk-001104,integration,lost
crm-001318,2026-08-24 08:07:57,89039228095,Сайт: форма,mk-001105,integration,new
crm-001319,2026-08-24 08:11:11,8(903)9228095,Сайт: форма,mk-001106,integration,new
crm-003658,2026-08-24 08:12:36,+79884933420,Сайт: форма,mk-003075,integration,lost
crm-002469,2026-08-24 08:37:35,8(978)8971022,Виджет записи,bk-000475,integration,booked
crm-000968,2026-08-24 09:08:27,8 920 496 79 70,Виджет записи,bk-000181,integration,in_work
crm-000676,2026-08-24 09:16:55,7-950-876-90-84,пришёл сам,,admin,visited
crm-000101,2026-08-24 09:31:08,8(998)6597271,Сайт: форма,mk-000095,integration,lost
crm-000147,2026-08-24 09:39:50,+7 (962) 037-18-92,реклама в яндексе,,admin,in_work
crm-002189,2026-08-24 09:48:18,8 964 220 28 27,Сайт: форма,mk-001860,integration,lost
crm-000504,2026-08-24 09:51:35,89603871207,Сайт: форма,mk-000417,integration,lost
crm-003572,2026-08-24 09:52:39,89467925028,Виджет записи,bk-000692,integration,booked
crm-003190,2026-08-24 10:03:59,+7 (919) 000-08-83,Виджет записи,bk-000621,integration,new
crm-003775,2026-08-24 10:14:42,89609827388,Яндекс карты,,admin,booked
crm-003204,2026-08-24 10:23:52,+7 (951) 692-12-01,ВК,,admin,visited
crm-002221,2026-08-24 10:26:28,8(982)6282968,Сайт: форма,mk-001880,integration,in_work
crm-002911,2026-08-24 10:36:20,+79231207765,Сайт: форма,mk-002429,integration,new
crm-000389,2026-08-24 10:36:52,7-958-086-23-94,Сайт: форма,mk-000333,integration,in_work
crm-001733,2026-08-24 10:37:41,7-917-827-64-28,Сайт: форма,mk-001469,integration,lost
crm-001734,2026-08-24 10:41:14,8(917)8276428,Сайт: форма,mk-001470,integration,new
crm-000357,2026-08-24 10:47:44,8 904 911 19 05,вконтакте,,admin,lost
crm-003824,2026-08-24 10:49:02,8 999 000 00 00,Сайт: форма,mk-003214,integration,new
crm-002712,2026-08-24 11:09:28,9550656154,проходил мимо,,admin,visited
crm-002722,2026-08-24 11:19:14,89032806899,Сайт: форма,mk-002276,integration,new
crm-000829,2026-08-24 11:34:25,8(986)3409021,Яндекс,,admin,lost
crm-003196,2026-08-24 11:39:22,9168515089,Виджет записи,bk-000623,integration,lost
crm-002116,2026-08-24 11:43:03,89163034089,Сайт: форма,mk-001799,integration,booked
crm-002117,2026-08-24 11:47:14,7-916-303-40-89,Сайт: форма,mk-001800,integration,new
crm-002118,2026-08-24 11:50:58,8(916)3034089,Сайт: форма,mk-001801,integration,new
crm-003750,2026-08-24 12:00:59,+7 (999) 858-64-51,Сайт: форма,mk-003150,integration,in_work
crm-003458,2026-08-24 12:02:48,9843995023,Сайт: форма,mk-002896,integration,lost
crm-001306,2026-08-24 12:36:15,+79963158066,Сайт: форма,mk-001094,integration,new
crm-001099,2026-08-24 12:41:12,7-944-610-36-96,сайт,,admin,new
crm-000579,2026-08-24 13:05:39,8(927)8672793,Виджет записи,bk-000101,integration,new
crm-000759,2026-08-24 13:28:54,9822896876,Виджет записи,bk-000138,integration,lost
crm-002320,2026-08-24 13:33:01,89847251685,поиск,,admin,lost
crm-002444,2026-08-24 13:38:58,+7 (966) 123-24-38,поиск,,admin,booked
crm-003063,2026-08-24 13:42:26,+79848290202,Сайт: форма,mk-002556,integration,visited
crm-002556,2026-08-24 13:48:43,7-959-062-23-78,Виджет записи,bk-000489,integration,new
crm-001892,2026-08-24 13:57:43,7-955-243-71-10,реклама в яндексе,,admin,lost
crm-003377,2026-08-24 13:58:58,+7 (970) 621-89-60,Сайт: форма,mk-002825,integration,lost
crm-002955,2026-08-24 13:59:19,8(962)5182509,Сайт: форма,mk-002465,integration,in_work
crm-003413,2026-08-24 14:08:37,8 997 418 50 68,Виджет записи,bk-000663,integration,lost
crm-003414,2026-08-24 14:10:01,7-997-418-50-68,Виджет записи,bk-000663,integration,new
crm-003034,2026-08-24 14:17:11,8(986)8693460,реклама вк,,admin,visited
crm-001529,2026-08-24 14:38:57,+7 (952) 238-30-61,VK,,admin,lost
crm-003133,2026-08-24 14:43:11,8 968 486 59 94,Сайт: форма,mk-002612,integration,lost
crm-001521,2026-08-24 14:50:12,+7 (981) 404-32-55,реклама,,admin,visited
crm-003619,2026-08-24 14:51:13,8(974)7222248,повторный пациент,,admin,visited
crm-000967,2026-08-24 15:10:58,9467667756,не помню,,admin,in_work
crm-001895,2026-08-24 15:11:43,89500924040,сарафан,,admin,visited
crm-002168,2026-08-24 15:16:21,7-944-756-92-22,не помню,,admin,lost
crm-001906,2026-08-24 15:56:35,8(967)8787579,Сайт: форма,mk-001614,integration,new
crm-002208,2026-08-24 15:59:09,8(937)7208099,яндекс.карты,,admin,in_work
crm-001699,2026-08-24 16:05:45,8 953 917 93 60,не помню,,admin,booked
crm-003722,2026-08-24 16:12:46,9232189190,дубльгис,,admin,visited
crm-003641,2026-08-24 16:15:45,+7 (959) 334-63-09,Виджет записи,bk-000706,integration,lost
crm-001332,2026-08-24 16:25:20,7-929-783-26-71,повторный пациент,,admin,booked
crm-002797,2026-08-24 16:46:07,8(960)1440953,Сайт: форма,mk-002334,integration,in_work
crm-002430,2026-08-24 16:58:26,+79581456833,карты,,admin,visited
crm-001590,2026-08-24 17:01:53,+79999967133,сайт,,admin,lost
crm-000583,2026-08-24 17:06:08,+79096727923,Сайт: форма,mk-000480,integration,lost
crm-002850,2026-08-24 17:15:15,8 984 745 80 42,Виджет записи,bk-000552,integration,lost
crm-001868,2026-08-24 17:16:17,8 985 555 31 92,проходил мимо,,admin,visited
crm-003830,2026-08-24 17:17:02,8(999)0000001,Сайт: форма,mk-003220,integration,new
crm-002948,2026-08-24 17:23:33,+7 (976) 843-29-59,яндекс.карты,,admin,in_work
crm-003054,2026-08-24 17:24:36,+7 (931) 810-74-23,,,admin,visited
crm-003249,2026-08-24 17:32:36,89210222192,нашли в интернете,,admin,booked
crm-001187,2026-08-24 17:40:50,+7 (941) 043-56-75,реклама вк,,admin,visited
crm-001583,2026-08-24 17:41:03,7-922-229-87-05,контекст,,admin,booked
crm-000686,2026-08-24 17:49:58,7-935-881-44-32,Яндекс карты,,admin,lost
crm-000525,2026-08-24 18:01:27,+79960629589,2ГИС,,admin,booked
crm-003587,2026-08-24 18:05:44,9122506174,не помню,,admin,booked
crm-003510,2026-08-24 18:19:36,8(981)4070349,знакомые,,admin,lost
crm-001519,2026-08-24 18:24:58,+7 (992) 389-33-03,ЯД,,admin,lost
crm-000299,2026-08-24 18:31:07,8(902)1851906,VK,,admin,visited
crm-002892,2026-08-24 18:31:50,+7 (904) 940-81-31,Сайт: форма,mk-002411,integration,lost
crm-002893,2026-08-24 18:37:00,9049408131,Сайт: форма,mk-002412,integration,new
crm-002894,2026-08-24 18:37:58,8(904)9408131,Сайт: форма,mk-002412,integration,new
crm-001881,2026-08-24 18:41:08,8 963 177 41 34,Сайт: форма,mk-001591,integration,lost
crm-002895,2026-08-24 18:42:57,7-904-940-81-31,Сайт: форма,mk-002413,integration,new
crm-003754,2026-08-24 18:49:27,+79047599226,Сайт: форма,mk-003153,integration,lost
crm-003755,2026-08-24 18:52:55,9047599226,Сайт: форма,mk-003154,integration,new
crm-003756,2026-08-24 18:57:52,8 904 759 92 26,Сайт: форма,mk-003155,integration,new
crm-003215,2026-08-24 18:59:19,89449673729,повторный пациент,,admin,lost
crm-002602,2026-08-24 19:18:03,8(966)5943958,2 гис,,admin,visited
crm-001688,2026-08-24 19:37:50,8(909)2549696,Виджет записи,bk-000317,integration,in_work
crm-003180,2026-08-24 19:47:48,+7 (981) 299-43-84,вконтакте,,admin,booked
crm-003236,2026-08-24 19:59:30,8(981)2288989,Сайт: форма,mk-002706,integration,booked
crm-003025,2026-08-24 20:00:01,7-935-598-00-66,Сайт: форма,mk-002521,integration,in_work
crm-002121,2026-08-24 20:20:35,8 914 415 32 56,Сайт: форма,mk-001804,integration,lost
crm-002748,2026-08-24 20:20:38,+7 (954) 591-26-56,Виджет записи,bk-000531,integration,lost
crm-003341,2026-08-24 20:22:02,89693623928,Виджет записи,bk-000647,integration,lost
crm-002111,2026-08-24 20:34:53,7-975-712-97-86,Сайт: форма,mk-001795,integration,in_work
crm-003001,2026-08-24 21:00:40,89881216111,Сайт: форма,mk-002508,integration,lost
crm-000178,2026-08-24 21:03:23,89013236024,Сайт: форма,mk-000162,integration,lost
crm-000371,2026-08-24 21:05:46,9941789212,Виджет записи,bk-000057,integration,visited
crm-003535,2026-08-24 21:16:51,89415510387,Виджет записи,bk-000684,integration,booked
crm-002663,2026-08-24 21:21:10,8 910 175 75 86,Сайт: форма,mk-002227,integration,in_work
crm-001007,2026-08-24 21:35:04,+79149719823,Сайт: форма,mk-000833,integration,in_work
crm-000309,2026-08-24 21:36:46,+79065580267,Виджет записи,bk-000045,integration,booked
crm-000907,2026-08-24 22:13:26,7-960-506-41-38,Виджет записи,bk-000170,integration,lost
crm-002078,2026-08-24 22:37:11,8(918)9702832,Сайт: форма,mk-001769,integration,visited
crm-000526,2026-08-24 22:49:26,7-935-978-53-63,Сайт: форма,mk-000435,integration,visited
crm-001720,2026-08-24 22:54:40,+79235540585,Сайт: форма,mk-001459,integration,lost
crm-002084,2026-08-25 00:43:42,8(986)6199363,Сайт: форма,mk-001775,integration,visited
crm-001535,2026-08-25 01:56:40,9268217305,Сайт: форма,mk-001289,integration,in_work
crm-003219,2026-08-25 02:45:15,8(954)6965682,Сайт: форма,mk-002693,integration,lost
crm-001124,2026-08-25 03:04:58,8(913)9475203,Виджет записи,bk-000213,integration,booked
crm-000827,2026-08-25 06:01:16,+7 (953) 738-72-71,Виджет записи,bk-000151,integration,visited
crm-003607,2026-08-25 06:21:14,7-999-755-32-47,Сайт: форма,mk-003027,integration,booked
crm-000362,2026-08-25 06:37:41,9445048448,Виджет записи,bk-000056,integration,lost
crm-002035,2026-08-25 07:13:25,8 949 752 42 07,Сайт: форма,mk-001724,integration,visited
crm-002036,2026-08-25 07:13:56,89497524207,Сайт: форма,mk-001724,integration,new
crm-003759,2026-08-25 07:36:10,7-976-133-94-95,Сайт: форма,mk-003157,integration,in_work
crm-002419,2026-08-25 07:40:52,8(960)6954265,Сайт: форма,mk-002026,integration,booked
crm-003761,2026-08-25 09:31:39,+7 (944) 410-09-69,проходил мимо,,admin,in_work
crm-000187,2026-08-25 09:34:57,8(922)1640183,контекст,,admin,visited
crm-002451,2026-08-25 09:37:03,9769133585,Сайт: форма,mk-002050,integration,in_work
crm-002452,2026-08-25 09:38:32,89769133585,Сайт: форма,mk-002050,integration,new
crm-003344,2026-08-25 09:53:41,7-970-048-37-26,Сайт: форма,mk-002802,integration,visited
crm-003345,2026-08-25 09:54:02,9700483726,Сайт: форма,mk-002802,integration,new
crm-001084,2026-08-25 09:55:58,+79326727846,Сайт: форма,mk-000891,integration,visited
crm-001172,2026-08-25 10:29:24,89731567528,карты,,admin,visited
crm-002630,2026-08-25 10:36:08,8(914)4176647,Виджет записи,bk-000501,integration,new
crm-001290,2026-08-25 10:54:50,+79130227523,Виджет записи,bk-000242,integration,in_work
crm-002045,2026-08-25 10:55:39,+7 (988) 737-65-30,реклама в яндексе,,admin,visited
crm-002383,2026-08-25 11:07:23,9670558403,яндекс.карты,,admin,in_work
crm-003278,2026-08-25 11:38:48,8 994 144 98 66,знакомые,,admin,lost
crm-001835,2026-08-25 11:38:57,7-978-779-07-29,Виджет записи,bk-000349,integration,lost
crm-000088,2026-08-25 11:40:21,8 973 625 00 22,Сайт: форма,mk-000085,integration,booked
crm-000089,2026-08-25 11:43:04,9736250022,Сайт: форма,mk-000086,integration,new
crm-000462,2026-08-25 11:47:05,+7 (938) 290-42-44,пришёл сам,,admin,lost
crm-003169,2026-08-25 11:55:47,9681418326,контекст,,admin,booked
crm-002656,2026-08-25 11:59:14,89692108464,Виджет записи,bk-000508,integration,new
crm-001818,2026-08-25 12:12:16,9716268727,Сайт: форма,mk-001538,integration,in_work
crm-000253,2026-08-25 12:18:55,8(949)2682933,Я.Директ,,admin,booked
crm-002804,2026-08-25 12:22:10,9573547205,Сайт: форма,mk-002342,integration,visited
crm-000746,2026-08-25 12:39:42,8 906 240 50 73,Виджет записи,bk-000133,integration,booked
crm-002859,2026-08-25 12:51:56,9158252285,Сайт: форма,mk-002386,integration,lost
crm-003259,2026-08-25 13:06:41,8 911 488 51 47,Виджет записи,bk-000633,integration,new
crm-000714,2026-08-25 13:06:47,89112334622,друзья,,admin,visited
crm-002298,2026-08-25 13:18:59,+7 (949) 004-06-63,вконтакте,,admin,lost
crm-000472,2026-08-25 13:21:10,8(982)8404617,2ГИС,,admin,booked
crm-000185,2026-08-25 13:34:38,+79174739556,Я.Директ,,admin,visited
crm-002665,2026-08-25 13:47:40,8(999)3404225,другое,,admin,lost
crm-001553,2026-08-25 14:07:16,+7 (962) 119-76-33,Сайт: форма,mk-001305,integration,lost
crm-001375,2026-08-25 14:07:48,+79742573951,Сайт: форма,mk-001157,integration,lost
crm-001554,2026-08-25 14:09:32,8(962)1197633,Сайт: форма,mk-001306,integration,new
crm-001421,2026-08-25 14:23:50,9262447021,с улицы,,admin,booked
crm-003438,2026-08-25 14:24:42,89784096653,друзья,,admin,lost
crm-001758,2026-08-25 14:28:14,+79792790484,Виджет записи,bk-000332,integration,in_work
crm-000793,2026-08-25 14:32:32,+7 (993) 191-18-08,с улицы,,admin,booked
crm-003608,2026-08-25 14:36:54,7-930-259-73-35,ВК,,admin,booked
crm-000668,2026-08-25 15:05:13,+79097737529,яндекс директ,,admin,lost
crm-001038,2026-08-25 15:08:33,+79317611697,Я.Карты,,admin,visited
crm-002544,2026-08-25 15:59:10,9426207079,Сайт: форма,mk-002128,integration,lost
crm-001935,2026-08-25 16:00:13,8(900)9634854,Сайт: форма,mk-001639,integration,lost
crm-002575,2026-08-25 16:02:25,+7 (901) 844-16-81,Сайт: форма,mk-002155,integration,booked
crm-003212,2026-08-25 16:14:09,+7 (905) 372-88-75,Сайт: форма,mk-002687,integration,lost
crm-000993,2026-08-25 16:16:04,9884901052,вконтакте,,admin,lost
crm-000871,2026-08-25 16:20:09,8(925)4410929,сарафан,,admin,in_work
crm-002917,2026-08-25 16:24:41,8 923 987 21 47,с улицы,,admin,visited
crm-003218,2026-08-25 16:26:57,89615983971,не помню,,admin,visited
crm-002616,2026-08-25 16:29:23,8 992 104 57 38,проходил мимо,,admin,in_work
crm-000283,2026-08-25 16:38:39,89806033589,пришёл сам,,admin,lost
crm-000247,2026-08-25 16:39:59,9784678007,,,admin,visited
crm-002625,2026-08-25 16:46:29,8 937 924 78 25,Яндекс,,admin,visited
crm-002835,2026-08-25 16:53:09,8(930)7978263,друзья,,admin,booked
crm-000232,2026-08-25 16:58:19,8 962 506 36 29,Виджет записи,bk-000029,integration,lost
crm-002412,2026-08-25 17:01:22,8 951 201 51 31,поиск,,admin,lost
crm-003635,2026-08-25 17:03:03,8 918 552 16 26,реклама вк,,admin,visited
crm-002900,2026-08-25 17:09:42,9764884874,Сайт: форма,mk-002418,integration,lost
crm-002461,2026-08-25 17:13:08,8(991)1075371,2 гис,,admin,booked
crm-002256,2026-08-25 17:17:08,7-973-048-21-77,Сайт: форма,mk-001909,integration,lost
crm-003000,2026-08-25 17:22:49,7-993-809-94-94,2 гис,,admin,in_work
crm-000727,2026-08-25 17:23:09,7-923-451-18-90,Виджет записи,bk-000126,integration,booked
crm-000728,2026-08-25 17:23:50,89234511890,Виджет записи,bk-000126,integration,new
crm-001408,2026-08-25 17:32:54,8(933)9414139,Виджет записи,bk-000266,integration,lost
crm-002138,2026-08-25 17:44:20,+7 (964) 728-83-77,Сайт: форма,mk-001819,integration,visited
crm-002139,2026-08-25 17:46:41,8(964)7288377,Сайт: форма,mk-001820,integration,new
crm-000500,2026-08-25 17:48:30,+7 (991) 121-30-34,Виджет записи,bk-000086,integration,visited
crm-000196,2026-08-25 17:48:38,+7 (941) 655-57-47,карты,,admin,lost
crm-000939,2026-08-25 18:01:00,9087235112,Сайт: форма,mk-000777,integration,visited
crm-002062,2026-08-25 18:12:04,8(941)8654164,Яндекс,,admin,new
crm-003120,2026-08-25 18:12:04,+79950027591,Виджет записи,bk-000607,integration,lost
crm-003121,2026-08-25 18:12:28,8(995)0027591,Виджет записи,bk-000607,integration,new
crm-003513,2026-08-25 18:16:52,9010954996,гугл,,admin,booked
crm-001382,2026-08-25 18:24:15,7-993-863-27-24,Сайт: форма,mk-001162,integration,booked
crm-001383,2026-08-25 18:24:45,8 993 863 27 24,Сайт: форма,mk-001162,integration,new
crm-003484,2026-08-25 18:26:22,+79702373288,2 гис,,admin,visited
crm-003520,2026-08-25 19:03:49,89426343400,Виджет записи,bk-000681,integration,lost
crm-002407,2026-08-25 19:08:28,9384278729,Сайт: форма,mk-002019,integration,in_work
crm-000046,2026-08-25 19:11:53,+7 (989) 470-33-64,Виджет записи,bk-000006,integration,in_work
crm-003616,2026-08-25 19:18:19,7-901-420-88-19,реклама вк,,admin,visited
crm-000235,2026-08-25 19:19:21,+7 (969) 791-63-14,Сайт: форма,mk-000212,integration,in_work
crm-000236,2026-08-25 19:20:41,8(969)7916314,Сайт: форма,mk-000213,integration,new
crm-000701,2026-08-25 19:28:19,+7 (921) 020-23-83,с улицы,,admin,booked
crm-003807,2026-08-25 19:39:47,8 911 431 15 20,Сайт: форма,mk-003196,integration,lost
crm-000655,2026-08-25 19:41:36,7-965-937-70-01,Виджет записи,bk-000115,integration,lost
crm-001986,2026-08-25 19:47:12,+79152115889,Сайт: форма,mk-001685,integration,lost
crm-003142,2026-08-25 20:05:24,8 986 681 37 34,Сайт: форма,mk-002622,integration,booked
crm-002210,2026-08-25 20:05:49,+7 (989) 584-50-35,Сайт: форма,mk-001874,integration,booked
crm-003143,2026-08-25 20:07:42,9866813734,Сайт: форма,mk-002623,integration,new
crm-001486,2026-08-25 20:27:13,+79168048927,Сайт: форма,mk-001241,integration,booked
crm-003050,2026-08-25 20:28:51,8 909 508 41 17,Виджет записи,bk-000589,integration,lost
crm-002083,2026-08-25 20:35:01,8 907 911 20 42,Сайт: форма,mk-001774,integration,booked
crm-000822,2026-08-25 20:43:54,+7 (947) 267-10-45,Виджет записи,bk-000150,integration,lost
crm-002130,2026-08-25 20:48:29,8 960 531 95 47,Сайт: форма,mk-001812,integration,in_work
crm-002952,2026-08-25 20:50:01,+7 (971) 245-31-55,Сайт: форма,mk-002461,integration,lost
crm-002719,2026-08-25 21:03:51,8 993 797 82 75,Сайт: форма,mk-002273,integration,lost
crm-001517,2026-08-25 21:05:40,8(946)9311272,Сайт: форма,mk-001271,integration,lost
crm-002693,2026-08-25 21:06:39,8 948 200 99 15,Сайт: форма,mk-002251,integration,lost
crm-002143,2026-08-25 21:44:16,7-951-697-58-40,Виджет записи,bk-000405,integration,lost
crm-002361,2026-08-25 21:45:17,9873147072,Сайт: форма,mk-001981,integration,visited
crm-001082,2026-08-25 21:58:04,8(988)6114770,Виджет записи,bk-000210,integration,visited
crm-001404,2026-08-25 22:02:13,+7 (972) 536-44-96,Виджет записи,bk-000265,integration,lost
crm-001405,2026-08-25 22:03:26,89725364496,Виджет записи,bk-000265,integration,new
crm-000498,2026-08-25 22:20:48,89730854843,Сайт: форма,mk-000415,integration,booked
crm-002475,2026-08-25 22:56:02,8 955 131 16 75,Сайт: форма,mk-002068,integration,lost
crm-002476,2026-08-25 22:57:49,9551311675,Сайт: форма,mk-002069,integration,new
crm-002809,2026-08-26 01:05:21,+7 (957) 908-78-15,Сайт: форма,mk-002347,integration,lost
crm-001149,2026-08-26 01:12:29,9726626857,Сайт: форма,mk-000959,integration,booked
crm-001150,2026-08-26 01:14:45,8 972 662 68 57,Сайт: форма,mk-000960,integration,new
crm-003126,2026-08-26 02:18:24,9537753424,Сайт: форма,mk-002607,integration,in_work
crm-003127,2026-08-26 02:21:49,8 953 775 34 24,Сайт: форма,mk-002608,integration,new
crm-000380,2026-08-26 03:39:37,8 979 050 71 16,Сайт: форма,mk-000325,integration,in_work
crm-000770,2026-08-26 03:57:07,7-962-764-41-08,Виджет записи,bk-000140,integration,in_work
crm-000343,2026-08-26 05:04:18,7-991-632-43-86,Сайт: форма,mk-000295,integration,visited
crm-003402,2026-08-26 05:05:12,89839597614,Виджет записи,bk-000661,integration,lost
crm-002188,2026-08-26 06:02:37,8(937)2396281,Сайт: форма,mk-001859,integration,booked
crm-003223,2026-08-26 07:32:28,7-903-092-42-80,Виджет записи,bk-000627,integration,visited
crm-003694,2026-08-26 07:33:01,8 912 375 77 10,Виджет записи,bk-000718,integration,visited
crm-003224,2026-08-26 07:33:58,7-903-092-42-80,Виджет записи,bk-000627,integration,new
crm-002988,2026-08-26 08:04:02,+7 (901) 871-16-46,Сайт: форма,mk-002497,integration,lost
crm-000671,2026-08-26 08:30:57,7-900-116-96-98,Сайт: форма,mk-000555,integration,in_work
crm-000672,2026-08-26 08:36:57,7-900-116-96-98,Сайт: форма,mk-000556,integration,new
crm-000673,2026-08-26 08:41:10,89001169698,Сайт: форма,mk-000557,integration,new
crm-001012,2026-08-26 09:56:00,+79133111622,реклама,,admin,lost
crm-002973,2026-08-26 10:01:15,7-957-898-72-59,проходил мимо,,admin,visited
crm-002552,2026-08-26 10:20:48,+79347313077,Сайт: форма,mk-002134,integration,in_work
crm-002986,2026-08-26 10:23:10,8 903 053 46 59,яндекс.карты,,admin,lost
crm-002846,2026-08-26 10:25:56,89601632473,Сайт: форма,mk-002377,integration,lost
crm-001128,2026-08-26 11:02:04,9606956511,2 гис,,admin,visited
crm-001255,2026-08-26 11:17:15,8 930 748 21 24,гугл,,admin,new
crm-003575,2026-08-26 11:28:40,9502907032,,,admin,in_work
crm-003549,2026-08-26 11:35:56,9655965960,проходил мимо,,admin,visited
crm-001183,2026-08-26 11:39:17,7-904-994-93-22,повторный пациент,,admin,in_work
crm-001943,2026-08-26 11:50:30,8(969)5074053,VK,,admin,in_work
crm-001523,2026-08-26 11:52:28,8 968 125 25 88,Виджет записи,bk-000285,integration,visited
crm-001222,2026-08-26 12:00:06,+7 (995) 114-32-84,Сайт: форма,mk-001025,integration,visited
crm-001392,2026-08-26 12:05:50,9645207776,Сайт: форма,mk-001169,integration,lost
crm-003247,2026-08-26 12:06:34,89454763172,по рекомендации,,admin,visited
crm-001213,2026-08-26 12:09:15,+7 (919) 430-99-76,Сайт: форма,mk-001016,integration,new
crm-003529,2026-08-26 12:14:10,7-901-786-48-56,Сайт: форма,mk-002966,integration,new
crm-003530,2026-08-26 12:19:31,8 901 786 48 56,Сайт: форма,mk-002967,integration,new
crm-003660,2026-08-26 12:39:19,8(934)2564906,по рекомендации,,admin,visited
crm-000407,2026-08-26 12:46:08,8(960)7412980,не помню,,admin,visited
crm-003439,2026-08-26 12:56:59,8(949)2230467,таргет вк,,admin,lost
crm-000503,2026-08-26 12:59:10,+7 (945) 412-86-31,проходил мимо,,admin,booked
crm-002621,2026-08-26 13:22:32,7-942-845-71-54,Сайт: форма,mk-002197,integration,in_work
crm-002528,2026-08-26 13:32:12,8 922 353 66 94,Сайт: форма,mk-002111,integration,in_work
crm-001974,2026-08-26 13:35:24,7-988-376-05-04,Я.Директ,,admin,visited
crm-000480,2026-08-26 13:53:09,8 932 821 35 82,яндекс.карты,,admin,in_work
crm-002720,2026-08-26 13:54:29,8(993)1568930,ЯД,,admin,visited
crm-001465,2026-08-26 14:01:12,8(932)7944332,Сайт: форма,mk-001225,integration,booked
crm-003376,2026-08-26 14:05:35,8 944 761 77 37,2 гис,,admin,in_work
crm-003225,2026-08-26 14:07:17,8(940)9758282,Виджет записи,bk-000628,integration,lost
crm-003342,2026-08-26 14:20:11,89516355145,Сайт: форма,mk-002801,integration,visited
crm-000068,2026-08-26 14:39:05,+7 (937) 032-91-31,Я.Карты,,admin,in_work
crm-002473,2026-08-26 14:49:21,89238084545,повторный пациент,,admin,lost
crm-002317,2026-08-26 14:50:41,+7 (959) 322-24-47,проходил мимо,,admin,lost
crm-001425,2026-08-26 15:05:37,+7 (943) 051-17-14,яндекс директ,,admin,new
crm-001372,2026-08-26 15:28:36,9457738627,другое,,admin,new
crm-003106,2026-08-26 15:40:00,89081993858,ЯД,,admin,lost
crm-001114,2026-08-26 15:42:35,89451520665,поиск,,admin,in_work
crm-002603,2026-08-26 15:45:31,8 973 602 62 14,Сайт: форма,mk-002179,integration,visited
crm-002604,2026-08-26 15:51:01,89736026214,Сайт: форма,mk-002180,integration,new
crm-002969,2026-08-26 15:52:22,+7 (975) 715-96-64,другое,,admin,visited
crm-000814,2026-08-26 16:15:48,8 910 218 59 69,Виджет записи,bk-000149,integration,new
crm-001291,2026-08-26 16:17:03,7-988-294-37-83,реклама в яндексе,,admin,in_work
crm-002586,2026-08-26 16:27:31,8 934 433 82 54,Сайт: форма,mk-002164,integration,lost
crm-001361,2026-08-26 16:49:51,9694603280,таргет вк,,admin,lost
crm-003099,2026-08-26 17:21:02,8(971)2058136,Виджет записи,bk-000600,integration,lost
crm-000547,2026-08-26 17:32:44,+79359182505,нашли в интернете,,admin,visited
crm-001301,2026-08-26 17:34:12,8(997)5359466,не помню,,admin,booked
crm-001113,2026-08-26 17:51:34,7-964-602-36-91,сарафан,,admin,visited
crm-001753,2026-08-26 17:57:12,8 970 116 23 43,Я.Директ,,admin,visited
crm-002936,2026-08-26 18:02:16,8 930 777 34 04,яндекс директ,,admin,lost
crm-003468,2026-08-26 18:09:03,89395485931,Виджет записи,bk-000672,integration,lost
crm-000626,2026-08-26 18:15:21,+79866264076,другое,,admin,lost
crm-002524,2026-08-26 18:26:38,9715573852,вывеска,,admin,booked
crm-001355,2026-08-26 18:37:34,8 969 211 18 54,2ГИС,,admin,visited
crm-001573,2026-08-26 18:37:40,89768855928,Виджет записи,bk-000294,integration,in_work
crm-002335,2026-08-26 18:42:21,+79244002637,Виджет записи,bk-000449,integration,booked
crm-002801,2026-08-26 18:45:05,9335609337,дубльгис,,admin,visited
crm-002097,2026-08-26 18:45:14,8(977)6387584,,,admin,lost
crm-003416,2026-08-26 18:47:45,+7 (912) 243-57-91,Виджет записи,bk-000664,integration,visited
crm-000729,2026-08-26 18:48:07,+7 (923) 451-18-90,не помню,,admin,new
crm-001630,2026-08-26 19:03:51,9104515585,Сайт: форма,mk-001375,integration,in_work
crm-001875,2026-08-26 19:07:53,89951045567,Виджет записи,bk-000357,integration,lost
crm-003243,2026-08-26 19:13:53,89157207042,Виджет записи,bk-000632,integration,booked
crm-003577,2026-08-26 19:19:20,7-996-348-34-39,Виджет записи,bk-000695,integration,lost
crm-001505,2026-08-26 19:29:28,7-987-767-61-53,Сайт: форма,mk-001261,integration,in_work
crm-003684,2026-08-26 19:37:04,8(921)2238180,Сайт: форма,mk-003100,integration,lost
crm-000059,2026-08-26 20:03:03,+79273823134,Виджет записи,bk-000010,integration,lost
crm-002738,2026-08-26 20:23:21,9001764862,Сайт: форма,mk-002290,integration,visited
crm-003695,2026-08-26 20:38:29,89068859117,Виджет записи,bk-000719,integration,in_work
crm-000372,2026-08-26 20:46:40,8(913)9350463,Виджет записи,bk-000058,integration,booked
crm-000593,2026-08-26 20:58:15,9823365969,Сайт: форма,mk-000488,integration,booked
crm-000594,2026-08-26 21:00:51,9823365969,Сайт: форма,mk-000489,integration,new
crm-000595,2026-08-26 21:05:04,89823365969,Сайт: форма,mk-000490,integration,new
crm-002641,2026-08-26 21:33:50,8 928 274 42 00,Сайт: форма,mk-002214,integration,visited
crm-002768,2026-08-26 21:34:12,8 940 397 29 11,Сайт: форма,mk-002311,integration,booked
crm-000615,2026-08-26 21:55:08,7-950-506-52-30,Виджет записи,bk-000106,integration,visited
crm-001923,2026-08-26 22:40:29,9398061421,Виджет записи,bk-000366,integration,lost
crm-001473,2026-08-26 22:41:58,7-929-166-36-61,Виджет записи,bk-000275,integration,booked
crm-002023,2026-08-26 22:49:14,7-967-438-06-34,Сайт: форма,mk-001711,integration,lost
crm-002024,2026-08-26 22:52:46,+7 (967) 438-06-34,Сайт: форма,mk-001712,integration,new
crm-002823,2026-08-27 01:18:56,+7 (919) 980-99-63,Сайт: форма,mk-002358,integration,visited
crm-000273,2026-08-27 01:33:53,+79947580568,Сайт: форма,mk-000247,integration,lost
crm-001044,2026-08-27 03:26:37,8(937)0606384,Сайт: форма,mk-000860,integration,lost
crm-001045,2026-08-27 03:30:29,89370606384,Сайт: форма,mk-000861,integration,new
crm-002686,2026-08-27 03:48:36,8(993)8438150,Сайт: форма,mk-002244,integration,visited
crm-001795,2026-08-27 03:59:08,8(967)9067499,Сайт: форма,mk-001521,integration,lost
crm-002488,2026-08-27 04:52:56,+7 (997) 479-40-50,Виджет записи,bk-000479,integration,lost
crm-000102,2026-08-27 05:32:39,89881976980,Сайт: форма,mk-000096,integration,booked
crm-001712,2026-08-27 07:23:04,9672842363,Сайт: форма,mk-001454,integration,lost
crm-002995,2026-08-27 09:15:46,+7 (916) 623-73-25,ВК,,admin,lost
crm-003139,2026-08-27 09:30:27,8(914)1747090,Сайт: форма,mk-002619,integration,booked
crm-000649,2026-08-27 09:38:06,9924733211,Я.Карты,,admin,in_work
crm-000560,2026-08-27 09:56:28,8 944 380 27 73,2гис,,admin,booked
crm-001839,2026-08-27 10:06:34,89696771907,Сайт: форма,mk-001556,integration,lost
crm-001915,2026-08-27 10:22:49,8 914 799 70 07,не помню,,admin,in_work
crm-001177,2026-08-27 10:25:21,+7 (973) 052-14-96,другое,,admin,lost
crm-001102,2026-08-27 10:30:00,9489007593,2ГИС,,admin,lost
crm-003828,2026-08-27 10:41:02,+79000000000,Сайт: форма,mk-003218,integration,new
crm-002567,2026-08-27 10:41:40,9683400410,проходил мимо,,admin,visited
crm-000933,2026-08-27 10:55:26,9687942090,гугл,,admin,lost
crm-000854,2026-08-27 11:27:08,89207399319,карты,,admin,booked
crm-000905,2026-08-27 11:46:17,7-938-717-50-06,Виджет записи,bk-000168,integration,lost
crm-002873,2026-08-27 11:54:16,+7 (900) 941-03-54,не помню,,admin,lost
crm-002913,2026-08-27 11:59:02,7-973-605-11-75,2 гис,,admin,lost
crm-000805,2026-08-27 12:09:46,8 932 314 21 90,ЯД,,admin,lost
crm-002901,2026-08-27 12:13:40,9764884874,вконтакте,,admin,new
crm-002802,2026-08-27 12:14:04,89719456468,Я.Директ,,admin,booked
crm-002826,2026-08-27 12:34:35,+7 (927) 068-44-52,сарафан,,admin,booked
crm-000197,2026-08-27 12:48:15,+79322656533,сарафан,,admin,visited
crm-002365,2026-08-27 13:02:14,8 980 740 43 76,проходил мимо,,admin,visited
crm-000214,2026-08-27 13:10:53,9487858860,повторный пациент,,admin,in_work
crm-001431,2026-08-27 13:14:09,7-980-300-75-54,вывеска,,admin,booked
crm-002054,2026-08-27 13:20:10,8(986)3821508,реклама,,admin,visited
crm-001789,2026-08-27 13:22:13,8 994 814 40 36,гугл,,admin,visited
crm-003359,2026-08-27 13:29:20,8(921)9353984,Я.Директ,,admin,lost
crm-000073,2026-08-27 13:33:57,89468138261,Я.Карты,,admin,lost
crm-001660,2026-08-27 13:40:27,8 941 197 92 24,Виджет записи,bk-000311,integration,lost
crm-001280,2026-08-27 13:42:52,8 901 738 80 67,по рекомендации,,admin,visited
crm-000766,2026-08-27 13:45:11,9684074967,вывеска,,admin,booked
crm-002226,2026-08-27 13:49:30,8(950)8172898,поиск,,admin,visited
crm-003368,2026-08-27 14:00:56,+79559451982,Сайт: форма,mk-002819,integration,new
crm-002648,2026-08-27 14:01:38,8(947)9018994,Виджет записи,bk-000506,integration,lost
crm-001126,2026-08-27 14:16:17,7-959-174-58-77,Сайт: форма,mk-000938,integration,in_work
crm-002764,2026-08-27 14:33:31,+79041153871,Виджет записи,bk-000534,integration,visited
crm-002689,2026-08-27 14:38:00,8(924)7558226,яндекс.карты,,admin,in_work
crm-001423,2026-08-27 14:44:50,89211186153,проходил мимо,,admin,visited
crm-003734,2026-08-27 15:01:28,+79326494239,Сайт: форма,mk-003138,integration,visited
crm-000077,2026-08-27 15:03:18,+7 (967) 956-43-47,вконтакте,,admin,in_work
crm-002192,2026-08-27 15:03:52,8 931 563 15 77,Сайт: форма,mk-001863,integration,booked
crm-003735,2026-08-27 15:04:00,9326494239,Сайт: форма,mk-003139,integration,new
crm-001559,2026-08-27 15:07:06,8 953 342 37 45,дубльгис,,admin,lost
crm-003579,2026-08-27 15:08:47,9419631403,Сайт: форма,mk-003001,integration,in_work
crm-001709,2026-08-27 15:09:25,9932827223,реклама,,admin,in_work
crm-003736,2026-08-27 15:09:58,9326494239,Сайт: форма,mk-003140,integration,new
crm-002671,2026-08-27 15:11:37,89839987623,с улицы,,admin,visited
crm-003398,2026-08-27 15:11:41,8 973 162 84 46,Яндекс карты,,admin,booked
crm-000927,2026-08-27 15:15:09,+7 (969) 382-41-03,реклама в яндексе,,admin,visited
crm-000067,2026-08-27 15:33:35,7-960-348-62-59,вывеска,,admin,visited
crm-003797,2026-08-27 15:47:25,8(941)4930445,реклама в яндексе,,admin,new
crm-003516,2026-08-27 15:50:09,+7 (911) 105-72-44,другое,,admin,visited
crm-000628,2026-08-27 15:55:03,7-962-270-78-42,яндекс.карты,,admin,lost
crm-003563,2026-08-27 15:56:20,89467387311,2 гис,,admin,visited
crm-000466,2026-08-27 16:01:55,+79843980556,Сайт: форма,mk-000388,integration,booked
crm-000467,2026-08-27 16:06:36,89843980556,Сайт: форма,mk-000389,integration,new
crm-002027,2026-08-27 16:31:41,8(998)6726344,нашли в интернете,,admin,visited
crm-001807,2026-08-27 16:42:38,8 903 400 55 41,гугл,,admin,booked
crm-002104,2026-08-27 16:49:35,7-938-270-42-28,2гис,,admin,lost
crm-001650,2026-08-27 16:51:02,8 901 969 32 61,контекст,,admin,visited
crm-002368,2026-08-27 16:58:20,9108608655,контекст,,admin,visited
crm-003785,2026-08-27 17:01:41,+7 (992) 744-78-28,Сайт: форма,mk-003180,integration,visited
crm-003786,2026-08-27 17:03:21,+7 (992) 744-78-28,Сайт: форма,mk-003181,integration,new
crm-000566,2026-08-27 17:08:16,89548733181,Сайт: форма,mk-000468,integration,booked
crm-001199,2026-08-27 17:16:29,7-999-331-65-19,не помню,,admin,lost
crm-003672,2026-08-27 17:22:00,89179783794,ЯД,,admin,lost
crm-001169,2026-08-27 17:22:27,9280819541,яндекс директ,,admin,booked
crm-000789,2026-08-27 17:31:36,8 938 921 67 73,друзья,,admin,lost
crm-000776,2026-08-27 17:37:18,9971810746,Виджет записи,bk-000141,integration,lost
crm-001503,2026-08-27 17:38:18,7-998-139-32-65,друзья,,admin,visited
crm-002961,2026-08-27 17:49:26,9772378638,Виджет записи,bk-000569,integration,visited
crm-002431,2026-08-27 17:51:27,8(958)1456833,Сайт: форма,mk-002034,integration,new
crm-002432,2026-08-27 17:52:38,+79581456833,Сайт: форма,mk-002034,integration,new
crm-003612,2026-08-27 17:52:51,7-945-685-87-07,Сайт: форма,mk-003033,integration,in_work
crm-003613,2026-08-27 17:54:55,8(945)6858707,Сайт: форма,mk-003034,integration,new
crm-003746,2026-08-27 18:00:22,7-969-061-56-22,Виджет записи,bk-000728,integration,visited
crm-002441,2026-08-27 18:03:01,7-962-868-56-87,контекст,,admin,lost
crm-001307,2026-08-27 18:07:01,89072445698,нашли в интернете,,admin,booked
crm-000104,2026-08-27 18:09:03,+7 (944) 391-34-81,яндекс директ,,admin,visited
crm-000137,2026-08-27 18:09:57,9648758058,Я.Директ,,admin,in_work
crm-001400,2026-08-27 18:13:42,89028372543,сайт,,admin,visited
crm-003625,2026-08-27 18:14:40,+79919129375,сайт,,admin,visited
crm-003738,2026-08-27 18:15:48,89650110192,пришёл сам,,admin,visited
crm-003294,2026-08-27 18:24:23,9336388197,2ГИС,,admin,visited
crm-001902,2026-08-27 18:39:04,+79708356502,не помню,,admin,booked
crm-003709,2026-08-27 18:56:30,+7 (955) 895-27-46,Виджет записи,bk-000721,integration,visited
crm-000555,2026-08-27 18:57:05,+79572136001,вывеска,,admin,lost
crm-001304,2026-08-27 19:00:54,8(944)1129676,Сайт: форма,mk-001092,integration,in_work
crm-000892,2026-08-27 19:01:45,89593767103,Виджет записи,bk-000163,integration,in_work
crm-003670,2026-08-27 19:02:24,+7 (952) 511-71-31,Сайт: форма,mk-003088,integration,visited
crm-001788,2026-08-27 19:02:36,9620409714,Сайт: форма,mk-001515,integration,lost
crm-002703,2026-08-27 19:12:29,89029879561,Сайт: форма,mk-002261,integration,visited
crm-002782,2026-08-27 19:20:49,89551350966,Виджет записи,bk-000539,integration,in_work
crm-002033,2026-08-27 19:31:02,8(991)0134464,Сайт: форма,mk-001722,integration,visited
crm-001412,2026-08-27 19:52:50,+7 (950) 378-51-20,Сайт: форма,mk-001182,integration,lost
crm-001413,2026-08-27 19:54:10,8 950 378 51 20,Сайт: форма,mk-001183,integration,new
crm-001122,2026-08-27 19:59:58,89632768868,Сайт: форма,mk-000936,integration,in_work
crm-000478,2026-08-27 20:14:29,8 911 524 44 51,Сайт: форма,mk-000397,integration,booked
crm-003227,2026-08-27 20:19:40,+79056012321,Сайт: форма,mk-002697,integration,booked
crm-003228,2026-08-27 20:20:44,7-905-601-23-21,Сайт: форма,mk-002698,integration,new
crm-000538,2026-08-27 20:24:53,+79739037180,Сайт: форма,mk-000445,integration,lost
crm-001459,2026-08-27 20:32:58,89733451650,Сайт: форма,mk-001221,integration,visited
crm-003772,2026-08-27 20:45:38,89469710279,Виджет записи,bk-000734,integration,lost
crm-002085,2026-08-27 21:39:45,8(977)8658142,Виджет записи,bk-000393,integration,booked
crm-002176,2026-08-27 21:49:25,7-958-199-60-71,Сайт: форма,mk-001850,integration,lost
crm-000969,2026-08-27 22:36:55,8 926 128 01 49,Сайт: форма,mk-000801,integration,lost
crm-001014,2026-08-27 22:40:06,8 916 393 06 64,Виджет записи,bk-000195,integration,in_work
crm-000983,2026-08-27 22:43:13,+79200368270,Сайт: форма,mk-000810,integration,lost
crm-002527,2026-08-27 22:56:16,+7 (974) 056-29-04,Сайт: форма,mk-002110,integration,lost
crm-002066,2026-08-27 23:00:27,8(974)3083685,Сайт: форма,mk-001759,integration,lost
crm-001273,2026-08-27 23:08:40,89894675047,Виджет записи,bk-000238,integration,lost
crm-003642,2026-08-27 23:13:08,8 979 199 11 64,Сайт: форма,mk-003059,integration,lost
crm-003252,2026-08-28 01:48:45,7-992-633-36-03,Сайт: форма,mk-002723,integration,lost
crm-003597,2026-08-28 03:02:13,8 963 684 61 26,Сайт: форма,mk-003017,integration,visited
crm-003639,2026-08-28 05:22:06,+7 (970) 163-94-59,Виджет записи,bk-000704,integration,lost
crm-003238,2026-08-28 05:26:37,+7 (969) 614-32-66,Сайт: форма,mk-002708,integration,booked
crm-000036,2026-08-28 05:52:17,89057787779,Сайт: форма,mk-000033,integration,lost
crm-001723,2026-08-28 06:35:23,8(959)8784704,Виджет записи,bk-000323,integration,visited
crm-001970,2026-08-28 08:51:37,7-929-269-51-27,Сайт: форма,mk-001671,integration,booked
crm-003446,2026-08-28 09:20:25,7-945-002-62-24,2 гис,,admin,lost
crm-002120,2026-08-28 09:21:43,8 953 777 63 10,Сайт: форма,mk-001803,integration,lost
crm-002777,2026-08-28 09:25:02,7-938-048-90-59,Сайт: форма,mk-002318,integration,lost
crm-000719,2026-08-28 09:26:30,7-946-579-10-64,Я.Директ,,admin,booked
crm-000947,2026-08-28 10:10:48,89768993436,нашли в интернете,,admin,lost
crm-001155,2026-08-28 10:47:44,8(934)0932521,Виджет записи,bk-000219,integration,booked
crm-002980,2026-08-28 11:10:45,+79714707413,карты,,admin,visited
crm-003645,2026-08-28 11:23:40,+7 (995) 805-40-34,Яндекс карты,,admin,booked
crm-000130,2026-08-28 11:26:51,8 982 858 77 04,Сайт: форма,mk-000121,integration,visited
crm-000026,2026-08-28 11:27:32,8 933 981 34 62,Сайт: форма,mk-000023,integration,in_work
crm-003310,2026-08-28 11:29:18,9094237996,карты,,admin,lost
crm-000027,2026-08-28 11:32:24,+79339813462,Сайт: форма,mk-000024,integration,new
crm-002285,2026-08-28 11:51:21,+7 (967) 113-31-23,Сайт: форма,mk-001933,integration,lost
crm-002810,2026-08-28 11:57:59,89799262554,с улицы,,admin,visited
crm-000635,2026-08-28 12:24:42,8(980)3266638,по рекомендации,,admin,in_work
crm-002363,2026-08-28 12:30:00,+79135530926,реклама вк,,admin,lost
crm-000303,2026-08-28 12:31:13,9232724767,Сайт: форма,mk-000264,integration,lost
crm-000304,2026-08-28 12:32:28,8 923 272 47 67,Сайт: форма,mk-000264,integration,new
crm-001386,2026-08-28 12:36:05,8 961 915 86 15,2гис,,admin,visited
crm-002034,2026-08-28 12:38:01,7-991-013-44-64,реклама в яндексе,,admin,new
crm-001455,2026-08-28 12:39:33,89958057296,Я.Директ,,admin,visited
crm-000422,2026-08-28 12:40:30,+7 (948) 846-27-33,,,admin,in_work
crm-001053,2026-08-28 12:43:19,+7 (979) 335-28-57,ЯД,,admin,in_work
crm-003273,2026-08-28 13:05:33,+7 (985) 904-59-19,Сайт: форма,mk-002739,integration,visited
crm-003274,2026-08-28 13:06:25,+7 (985) 904-59-19,Сайт: форма,mk-002739,integration,new
crm-000689,2026-08-28 13:17:25,89256776428,Сайт: форма,mk-000570,integration,visited
crm-001817,2026-08-28 13:17:57,9672287541,Яндекс,,admin,lost
crm-002558,2026-08-28 13:21:11,89207340235,яндекс.карты,,admin,visited
crm-000117,2026-08-28 13:34:51,+79653237797,ЯД,,admin,lost
crm-000069,2026-08-28 13:35:06,+7 (937) 032-91-31,Сайт: форма,mk-000067,integration,new
crm-003524,2026-08-28 13:52:48,8(906)1198464,Сайт: форма,mk-002962,integration,visited
crm-001225,2026-08-28 14:17:21,9013428469,Сайт: форма,mk-001027,integration,lost
crm-001250,2026-08-28 14:19:52,+7 (942) 753-23-22,дубльгис,,admin,in_work
crm-001703,2026-08-28 14:35:37,9728942964,Сайт: форма,mk-001444,integration,visited
crm-000495,2026-08-28 14:40:48,89034813226,Сайт: форма,mk-000410,integration,new
crm-001166,2026-08-28 14:44:48,+79191930533,таргет вк,,admin,in_work
crm-001598,2026-08-28 14:49:58,7-943-156-41-75,сарафан,,admin,lost
crm-001335,2026-08-28 14:50:42,8 940 921 42 04,пришёл сам,,admin,visited
crm-000809,2026-08-28 14:51:08,89704859362,повторный пациент,,admin,in_work
crm-000863,2026-08-28 15:12:59,+79895228261,Сайт: форма,mk-000716,integration,in_work
crm-001218,2026-08-28 15:33:39,+79580488358,Сайт: форма,mk-001022,integration,lost
crm-000867,2026-08-28 15:39:27,+7 (915) 071-48-39,реклама вк,,admin,in_work
crm-002767,2026-08-28 15:46:17,7-965-684-26-55,знакомые,,admin,visited
crm-000381,2026-08-28 15:47:34,7-979-050-71-16,друзья,,admin,new
crm-001784,2026-08-28 15:53:33,9476992678,контекст,,admin,lost
crm-000520,2026-08-28 15:58:11,+79807083738,сайт,,admin,visited
crm-003069,2026-08-28 16:02:51,9165326357,Сайт: форма,mk-002562,integration,in_work
crm-001969,2026-08-28 16:10:17,8(937)5980522,яндекс директ,,admin,in_work
crm-002235,2026-08-28 16:15:56,8 973 735 01 72,вывеска,,admin,visited
crm-000502,2026-08-28 16:17:37,89361397376,вывеска,,admin,booked
crm-003479,2026-08-28 16:30:59,89791974316,дубльгис,,admin,lost
crm-003649,2026-08-28 16:35:36,+7 (935) 898-38-59,вывеска,,admin,lost
crm-002927,2026-08-28 16:52:13,89782083207,сарафан,,admin,in_work
crm-000336,2026-08-28 17:12:02,8 934 634 42 26,с улицы,,admin,visited
crm-002852,2026-08-28 17:12:39,8(986)9918855,Сайт: форма,mk-002380,integration,booked
crm-002769,2026-08-28 17:17:25,+7 (942) 497-56-64,Яндекс,,admin,visited
crm-001999,2026-08-28 17:24:22,9453874256,Виджет записи,bk-000381,integration,lost
crm-002102,2026-08-28 17:30:02,8 910 041 14 19,2 гис,,admin,in_work
crm-000419,2026-08-28 17:38:26,8(995)6252815,пришёл сам,,admin,visited
crm-003829,2026-08-28 17:40:02,7-900-000-00-00,Сайт: форма,mk-003219,integration,new
crm-000656,2026-08-28 17:42:33,+79659377001,дубльгис,,admin,new
crm-001048,2026-08-28 17:46:39,8 913 141 98 91,вывеска,,admin,lost
crm-000510,2026-08-28 17:49:20,7-906-266-74-38,Сайт: форма,mk-000424,integration,lost
crm-002177,2026-08-28 17:52:05,+7 (911) 501-99-66,другое,,admin,booked
crm-002724,2026-08-28 17:59:40,89148685364,Сайт: форма,mk-002278,integration,booked
crm-003723,2026-08-28 18:05:47,7-923-218-91-90,Сайт: форма,mk-003128,integration,new
crm-001900,2026-08-28 18:09:07,7-930-873-68-81,Сайт: форма,mk-001609,integration,lost
crm-001921,2026-08-28 18:09:30,89101968119,Я.Директ,,admin,booked
crm-001901,2026-08-28 18:09:39,8 930 873 68 81,Сайт: форма,mk-001609,integration,new
crm-003523,2026-08-28 18:15:11,89517060055,Сайт: форма,mk-002961,integration,lost
crm-001466,2026-08-28 18:15:43,8(912)8397203,вывеска,,admin,visited
crm-002464,2026-08-28 18:18:56,8 908 218 91 52,таргет вк,,admin,lost
crm-000403,2026-08-28 18:29:38,89974756975,2гис,,admin,visited
crm-002159,2026-08-28 18:42:11,+7 (957) 715-04-72,с улицы,,admin,visited
crm-002039,2026-08-28 18:54:23,8(974)9799441,Сайт: форма,mk-001727,integration,lost
crm-002557,2026-08-28 18:58:23,+79509537025,реклама,,admin,lost
crm-001491,2026-08-28 19:01:08,+79632273180,по рекомендации,,admin,lost
crm-003049,2026-08-28 19:08:33,7-914-656-07-61,Сайт: форма,mk-002542,integration,in_work
crm-003193,2026-08-28 19:12:20,7-976-265-22-18,другое,,admin,in_work
crm-002677,2026-08-28 19:14:07,+7 (922) 660-80-15,Виджет записи,bk-000513,integration,visited
crm-003822,2026-08-28 19:14:18,8 905 720 60 82,Сайт: форма,mk-003212,integration,lost
crm-002938,2026-08-28 19:14:57,+7 (968) 180-26-84,Виджет записи,bk-000564,integration,booked
crm-003383,2026-08-28 19:21:33,+7 (929) 543-37-06,Я.Директ,,admin,visited
crm-003317,2026-08-28 19:23:14,8 986 475 08 17,Виджет записи,bk-000643,integration,visited
crm-001620,2026-08-28 19:35:30,8 965 300 47 69,Сайт: форма,mk-001364,integration,lost
crm-002008,2026-08-28 19:36:32,9751466589,Сайт: форма,mk-001700,integration,lost
crm-001561,2026-08-28 19:53:07,+79420782203,Виджет записи,bk-000290,integration,lost
crm-001510,2026-08-28 19:53:56,+79815825017,Виджет записи,bk-000282,integration,visited
crm-003298,2026-08-28 20:12:02,8(948)9308068,Виджет записи,bk-000640,integration,lost
crm-003199,2026-08-28 20:40:11,8(941)7825274,Сайт: форма,mk-002674,integration,booked
crm-003200,2026-08-28 20:46:09,7-941-782-52-74,Сайт: форма,mk-002675,integration,new
crm-003130,2026-08-28 20:46:19,89054792252,Сайт: форма,mk-002611,integration,booked
crm-003201,2026-08-28 20:47:14,9417825274,Сайт: форма,mk-002676,integration,new
crm-000683,2026-08-28 20:47:35,+79053984597,Сайт: форма,mk-000564,integration,lost
crm-001226,2026-08-28 20:51:07,7-917-649-65-77,Сайт: форма,mk-001028,integration,booked
crm-001049,2026-08-28 20:52:23,+7 (994) 564-28-76,Сайт: форма,mk-000864,integration,visited
crm-001227,2026-08-28 20:55:05,8(917)6496577,Сайт: форма,mk-001029,integration,new
crm-003150,2026-08-28 20:55:45,+79030123961,Виджет записи,bk-000614,integration,in_work
crm-001930,2026-08-28 21:33:28,8 948 898 68 47,Виджет записи,bk-000369,integration,visited
crm-000810,2026-08-28 21:35:14,8(900)7969704,Сайт: форма,mk-000666,integration,lost
crm-003507,2026-08-28 21:56:28,+7 (969) 482-15-84,Виджет записи,bk-000679,integration,booked
crm-003508,2026-08-28 21:57:41,89694821584,Виджет записи,bk-000679,integration,new
crm-001971,2026-08-28 22:01:25,8 989 056 29 68,Виджет записи,bk-000376,integration,lost
crm-001157,2026-08-28 22:18:29,+7 (947) 966-93-22,Сайт: форма,mk-000965,integration,in_work
crm-002974,2026-08-28 22:27:45,9252161040,Виджет записи,bk-000571,integration,lost
crm-001193,2026-08-28 22:52:32,9987839802,Виджет записи,bk-000226,integration,in_work
crm-002583,2026-08-28 23:25:09,+7 (913) 876-83-72,Сайт: форма,mk-002163,integration,visited
crm-003424,2026-08-28 23:25:10,7-962-176-85-24,Виджет записи,bk-000667,integration,visited
crm-000990,2026-08-29 01:30:43,+79345770203,Виджет записи,bk-000190,integration,visited
crm-003457,2026-08-29 02:38:45,+79921747592,Виджет записи,bk-000671,integration,lost
crm-003111,2026-08-29 03:52:20,9245329203,Виджет записи,bk-000605,integration,visited
crm-003112,2026-08-29 03:53:05,+79245329203,Виджет записи,bk-000605,integration,new
crm-002574,2026-08-29 04:20:53,7-916-369-47-40,Виджет записи,bk-000492,integration,in_work
crm-003560,2026-08-29 06:22:18,8 940 021 24 22,Сайт: форма,mk-002989,integration,lost
crm-002401,2026-08-29 06:41:13,+79526128294,Виджет записи,bk-000463,integration,visited
crm-002402,2026-08-29 06:42:19,9526128294,Виджет записи,bk-000463,integration,new
crm-000958,2026-08-29 08:15:30,+79968053517,Виджет записи,bk-000177,integration,booked
crm-002579,2026-08-29 08:55:45,7-970-178-46-20,Сайт: форма,mk-002159,integration,booked
crm-000544,2026-08-29 09:19:24,7-987-774-30-08,с улицы,,admin,in_work
crm-000721,2026-08-29 10:14:55,+7 (925) 843-01-94,,,admin,booked
crm-002448,2026-08-29 10:20:32,7-910-115-01-89,пришёл сам,,admin,lost
crm-003153,2026-08-29 10:24:08,+79319004392,Виджет записи,bk-000615,integration,lost
crm-003210,2026-08-29 10:27:59,8 987 702 26 51,другое,,admin,booked
crm-002509,2026-08-29 10:34:39,7-939-485-64-83,проходил мимо,,admin,visited
crm-003567,2026-08-29 10:34:39,8(995)4365740,поиск,,admin,visited
crm-000548,2026-08-29 10:34:56,7-977-994-89-44,Я.Директ,,admin,lost
crm-003101,2026-08-29 10:36:53,8 905 893 93 35,Я.Карты,,admin,visited
crm-001775,2026-08-29 10:46:18,89008790766,сарафан,,admin,lost
crm-003045,2026-08-29 10:48:31,7-983-807-02-83,2гис,,admin,in_work
crm-001613,2026-08-29 10:49:10,8 945 784 79 12,2ГИС,,admin,visited
crm-001747,2026-08-29 10:58:17,+79272836436,Сайт: форма,mk-001479,integration,booked
crm-001697,2026-08-29 10:58:32,8(963)6221228,знакомые,,admin,visited
crm-001562,2026-08-29 10:59:04,+79420782203,гугл,,admin,new
crm-003154,2026-08-29 11:12:23,8 967 051 32 73,Виджет записи,bk-000616,integration,lost
crm-002559,2026-08-29 11:15:14,7-920-734-02-35,Виджет записи,bk-000490,integration,new
crm-002484,2026-08-29 11:18:09,7-983-820-26-02,Сайт: форма,mk-002074,integration,in_work
crm-002408,2026-08-29 11:18:27,+79384278729,таргет вк,,admin,new
crm-001259,2026-08-29 11:19:51,7-941-640-41-93,Виджет записи,bk-000236,integration,in_work
crm-001127,2026-08-29 11:23:15,89591745877,2ГИС,,admin,new
crm-002485,2026-08-29 11:23:54,9838202602,Сайт: форма,mk-002075,integration,new
crm-002622,2026-08-29 11:30:29,89428457154,вконтакте,,admin,new
crm-002795,2026-08-29 11:32:13,8(927)8208858,с улицы,,admin,in_work
crm-003117,2026-08-29 11:50:25,8(953)6922190,Сайт: форма,mk-002603,integration,lost
crm-002400,2026-08-29 11:55:10,7-969-738-33-31,сарафан,,admin,booked
crm-001625,2026-08-29 12:12:17,9386648877,Я.Карты,,admin,visited
crm-000710,2026-08-29 12:13:52,8 903 671 40 15,Виджет записи,bk-000123,integration,lost
crm-000717,2026-08-29 12:18:13,8 998 208 75 28,2гис,,admin,visited
crm-003433,2026-08-29 12:24:22,8 912 957 62 14,гугл,,admin,visited
crm-001834,2026-08-29 12:24:32,8(914)9879967,Я.Карты,,admin,booked
crm-000919,2026-08-29 12:49:37,89258322648,Сайт: форма,mk-000759,integration,in_work
crm-001341,2026-08-29 12:51:01,9477323524,пришёл сам,,admin,visited
crm-000435,2026-08-29 12:57:49,7-952-292-07-50,Сайт: форма,mk-000359,integration,booked
crm-001217,2026-08-29 13:01:02,8 912 861 58 85,проходил мимо,,admin,visited
crm-002151,2026-08-29 13:07:21,9715298235,яндекс.карты,,admin,visited
crm-000928,2026-08-29 13:09:11,9693824103,Сайт: форма,mk-000766,integration,new
crm-001507,2026-08-29 13:11:31,8 966 778 36 80,Сайт: форма,mk-001263,integration,booked
crm-000111,2026-08-29 13:13:24,8 996 101 49 18,не помню,,admin,lost
crm-003091,2026-08-29 13:15:05,8 981 482 28 19,Сайт: форма,mk-002579,integration,lost
crm-001972,2026-08-29 13:19:48,7-926-684-00-62,яндекс.карты,,admin,visited
crm-003337,2026-08-29 13:24:17,+7 (999) 380-22-37,друзья,,admin,in_work
crm-001508,2026-08-29 13:30:35,+7 (964) 582-43-28,,,admin,booked
crm-000198,2026-08-29 13:33:17,7-932-265-65-33,Сайт: форма,mk-000179,integration,new
crm-002564,2026-08-29 13:42:48,89830914771,не помню,,admin,in_work
crm-001822,2026-08-29 13:47:40,+79064437167,реклама в яндексе,,admin,lost
crm-002779,2026-08-29 13:55:32,8 919 678 87 20,Виджет записи,bk-000537,integration,lost
crm-002270,2026-08-29 13:55:40,7-932-349-60-89,,,admin,booked
crm-003168,2026-08-29 14:00:34,89482958657,знакомые,,admin,lost
crm-003074,2026-08-29 14:01:52,8 964 541 23 91,не помню,,admin,visited
crm-002070,2026-08-29 14:11:19,7-924-177-33-16,дубльгис,,admin,in_work
crm-000597,2026-08-29 14:20:46,+79606261383,повторный пациент,,admin,lost
crm-003022,2026-08-29 14:27:54,+7 (980) 745-07-52,с улицы,,admin,visited
crm-002358,2026-08-29 14:57:31,+79144916107,Яндекс,,admin,lost
crm-001085,2026-08-29 14:58:57,9326727846,ЯД,,admin,new
crm-000295,2026-08-29 15:00:55,8(979)6284523,вывеска,,admin,booked
crm-003727,2026-08-29 15:07:58,+7 (993) 068-38-37,друзья,,admin,booked
crm-000431,2026-08-29 15:33:46,8(915)4326894,яндекс директ,,admin,in_work
crm-002750,2026-08-29 15:35:43,8 972 294 12 93,проходил мимо,,admin,booked
crm-002746,2026-08-29 15:55:48,8(995)1897071,Яндекс,,admin,booked
crm-000438,2026-08-29 16:13:36,+7 (956) 383-29-70,карты,,admin,booked
crm-003299,2026-08-29 16:17:00,8 948 930 80 68,сарафан,,admin,new
crm-001334,2026-08-29 16:25:55,7-913-269-60-79,контекст,,admin,booked
crm-002590,2026-08-29 16:29:33,8(938)9262905,Я.Карты,,admin,lost
crm-001777,2026-08-29 16:30:46,+79548022248,ЯД,,admin,in_work
crm-003698,2026-08-29 16:34:29,9383051652,Сайт: форма,mk-003108,integration,lost
crm-003088,2026-08-29 16:37:03,8(912)1675488,другое,,admin,in_work
crm-001029,2026-08-29 16:41:36,8 950 347 69 22,Сайт: форма,mk-000849,integration,visited
crm-003420,2026-08-29 16:54:19,8 954 304 34 61,дубльгис,,admin,visited
crm-002340,2026-08-29 17:04:06,7-956-065-43-33,пришёл сам,,admin,visited
crm-002725,2026-08-29 17:08:45,7-915-703-94-06,контекст,,admin,in_work
crm-002019,2026-08-29 17:10:47,8 998 327 84 40,реклама,,admin,visited
crm-003362,2026-08-29 17:21:40,+79172329234,сарафан,,admin,visited
crm-002728,2026-08-29 17:30:48,+7 (933) 826-96-95,Сайт: форма,mk-002282,integration,lost
crm-001626,2026-08-29 17:45:47,8(910)1443175,2 гис,,admin,lost
crm-002336,2026-08-29 17:52:18,8(924)4002637,не помню,,admin,new
crm-002000,2026-08-29 17:55:46,8(943)3160056,карты,,admin,visited
crm-003240,2026-08-29 18:00:21,+79300407799,дубльгис,,admin,in_work
crm-001547,2026-08-29 18:06:24,9792272735,реклама в яндексе,,admin,booked
crm-002640,2026-08-29 18:12:23,7-949-962-47-29,реклама вк,,admin,lost
crm-000409,2026-08-29 18:22:11,+79809395165,Сайт: форма,mk-000346,integration,lost
crm-000105,2026-08-29 18:30:59,+7 (910) 033-92-64,гугл,,admin,visited
crm-002515,2026-08-29 18:46:25,+7 (943) 238-93-88,Я.Директ,,admin,lost
crm-000687,2026-08-29 18:48:30,+79399862723,контекст,,admin,lost
crm-001796,2026-08-29 19:01:06,+79679067499,реклама в яндексе,,admin,new
crm-001979,2026-08-29 19:02:26,+79518844078,Сайт: форма,mk-001678,integration,lost
crm-000889,2026-08-29 19:11:35,7-920-147-69-34,Виджет записи,bk-000162,integration,booked
crm-001384,2026-08-29 19:12:27,7-973-694-97-85,Виджет записи,bk-000260,integration,visited
crm-000720,2026-08-29 19:44:33,+79946415531,Виджет записи,bk-000124,integration,lost
crm-000724,2026-08-29 19:51:42,9046638269,карты,,admin,visited
crm-001797,2026-08-29 19:53:38,7-901-956-58-92,Виджет записи,bk-000339,integration,booked
crm-001264,2026-08-29 20:05:17,+7 (985) 585-82-00,Сайт: форма,mk-001061,integration,lost
crm-001879,2026-08-29 20:31:02,8(933)5097024,Сайт: форма,mk-001589,integration,lost
crm-003023,2026-08-29 20:42:27,+7 (945) 149-46-12,Виджет записи,bk-000584,integration,visited
crm-003633,2026-08-29 20:53:17,89421439916,Виджет записи,bk-000702,integration,lost
crm-001171,2026-08-29 21:13:09,7-983-852-16-97,Сайт: форма,mk-000976,integration,visited
crm-003217,2026-08-29 21:24:39,8 994 851 06 37,Виджет записи,bk-000625,integration,visited
crm-002534,2026-08-29 21:42:38,9420129889,Сайт: форма,mk-002117,integration,visited
crm-002535,2026-08-29 21:43:56,7-942-012-98-89,Сайт: форма,mk-002118,integration,new
crm-003122,2026-08-29 21:59:22,7-917-712-28-51,Сайт: форма,mk-002605,integration,booked
crm-002167,2026-08-29 22:19:47,+7 (985) 569-95-26,Сайт: форма,mk-001841,integration,lost
crm-003490,2026-08-29 22:23:05,+7 (975) 692-08-79,Виджет записи,bk-000675,integration,visited
crm-002409,2026-08-29 22:52:26,7-958-774-27-88,Виджет записи,bk-000464,integration,in_work
crm-003125,2026-08-30 00:06:53,8(978)1842583,Виджет записи,bk-000609,integration,lost
crm-002862,2026-08-30 00:15:04,+7 (984) 389-98-33,Виджет записи,bk-000555,integration,lost
crm-000902,2026-08-30 04:20:07,8 964 738 50 32,Сайт: форма,mk-000744,integration,lost
crm-002847,2026-08-30 04:21:35,+7 (990) 919-48-01,Сайт: форма,mk-002378,integration,visited
crm-002848,2026-08-30 04:21:59,7-990-919-48-01,Сайт: форма,mk-002378,integration,new
crm-002849,2026-08-30 04:25:10,7-990-919-48-01,Сайт: форма,mk-002379,integration,new
crm-000625,2026-08-30 05:23:46,7-938-685-00-04,Сайт: форма,mk-000517,integration,visited
crm-003495,2026-08-30 06:21:29,8(935)6048799,Сайт: форма,mk-002933,integration,lost
crm-003283,2026-08-30 06:47:45,+79741779827,Виджет записи,bk-000637,integration,lost
crm-002283,2026-08-30 07:36:54,8(996)2719614,Виджет записи,bk-000434,integration,visited
crm-001782,2026-08-30 08:06:09,+79840510336,Сайт: форма,mk-001509,integration,lost
crm-001783,2026-08-30 08:08:14,+7 (984) 051-03-36,Сайт: форма,mk-001510,integration,new
crm-001594,2026-08-30 08:44:00,9712509063,Виджет записи,bk-000300,integration,visited
crm-003183,2026-08-30 09:10:03,+79491777649,Сайт: форма,mk-002659,integration,lost
crm-002889,2026-08-30 09:18:38,89926955906,Сайт: форма,mk-002407,integration,visited
crm-003780,2026-08-30 09:27:25,89794229755,дубльгис,,admin,lost
crm-002569,2026-08-30 09:30:01,9673140208,Сайт: форма,mk-002150,integration,lost
crm-001403,2026-08-30 09:30:43,+79737678036,Виджет записи,bk-000264,integration,lost
crm-000605,2026-08-30 09:46:30,7-959-219-11-60,вконтакте,,admin,lost
crm-000446,2026-08-30 09:57:57,9658446181,Сайт: форма,mk-000370,integration,lost
crm-003203,2026-08-30 10:06:55,+7 (957) 108-32-53,друзья,,admin,lost
crm-001345,2026-08-30 10:08:19,8(969)7573066,Виджет записи,bk-000252,integration,booked
crm-002787,2026-08-30 10:12:14,8(930)9871941,дубльгис,,admin,lost
crm-003743,2026-08-30 10:22:26,+79261299331,дубльгис,,admin,lost
crm-001977,2026-08-30 10:25:55,8(902)2032753,друзья,,admin,lost
crm-002615,2026-08-30 10:30:50,9690353990,2гис,,admin,lost
crm-003355,2026-08-30 10:35:55,9960637660,Сайт: форма,mk-002808,integration,booked
crm-002403,2026-08-30 10:39:06,8 926 900 99 33,знакомые,,admin,in_work
crm-001494,2026-08-30 10:47:37,8 934 907 35 07,Виджет записи,bk-000280,integration,booked
crm-001016,2026-08-30 10:48:18,+7 (970) 741-44-39,Сайт: форма,mk-000841,integration,lost
crm-001145,2026-08-30 10:52:10,9592457986,знакомые,,admin,visited
crm-003615,2026-08-30 10:52:48,89991756510,реклама в яндексе,,admin,lost
crm-001884,2026-08-30 11:00:52,9191632915,сарафан,,admin,booked
crm-002812,2026-08-30 11:09:05,8(982)1649458,Виджет записи,bk-000546,integration,in_work
crm-001158,2026-08-30 11:19:43,+79427107646,Виджет записи,bk-000220,integration,lost
crm-000164,2026-08-30 11:41:36,+79950181978,Сайт: форма,mk-000151,integration,lost
crm-002326,2026-08-30 11:43:00,9597476646,реклама вк,,admin,visited
crm-001518,2026-08-30 12:06:37,9469311272,Я.Директ,,admin,new
crm-003348,2026-08-30 12:10:20,8 905 156 44 41,проходил мимо,,admin,visited
crm-000546,2026-08-30 12:12:28,8(988)4413036,сарафан,,admin,in_work
crm-002694,2026-08-30 12:14:39,+7 (916) 388-91-01,Виджет записи,bk-000517,integration,visited
crm-000647,2026-08-30 12:20:41,+7 (940) 994-22-07,Сайт: форма,mk-000535,integration,lost
crm-003771,2026-08-30 12:25:26,8(903)9919803,Виджет записи,bk-000733,integration,visited
crm-001614,2026-08-30 12:43:11,89457847912,Сайт: форма,mk-001358,integration,new
crm-002531,2026-08-30 12:52:12,8 960 297 86 32,гугл,,admin,visited
crm-003245,2026-08-30 13:01:23,9677239395,Я.Директ,,admin,booked
crm-001811,2026-08-30 13:25:15,7-975-780-64-12,Сайт: форма,mk-001533,integration,booked
crm-001812,2026-08-30 13:30:07,7-975-780-64-12,Сайт: форма,mk-001534,integration,new
crm-001813,2026-08-30 13:32:40,9757806412,Сайт: форма,mk-001535,integration,new
crm-003146,2026-08-30 13:42:32,8(979)6915264,сарафан,,admin,lost
crm-001599,2026-08-30 13:44:01,7-943-156-41-75,Виджет записи,bk-000302,integration,new
crm-000474,2026-08-30 13:46:59,+7 (900) 748-93-23,2гис,,admin,lost
crm-000278,2026-08-30 14:01:26,8 904 756 87 13,Сайт: форма,mk-000250,integration,booked
crm-003784,2026-08-30 14:02:40,8(978)8026960,Виджет записи,bk-000738,integration,booked
crm-000934,2026-08-30 14:10:33,+79280639183,не помню,,admin,visited
crm-001823,2026-08-30 14:15:25,89746800955,сайт,,admin,visited
crm-000133,2026-08-30 14:20:03,9438413792,проходил мимо,,admin,in_work
crm-000143,2026-08-30 14:26:11,+7 (953) 204-15-71,нашли в интернете,,admin,lost
crm-001883,2026-08-30 14:34:27,9362400735,по рекомендации,,admin,visited
crm-001302,2026-08-30 14:38:18,89571298201,2гис,,admin,visited
crm-000584,2026-08-30 14:39:32,8(970)0675892,Сайт: форма,mk-000481,integration,lost
crm-000296,2026-08-30 14:50:54,9030956206,Виджет записи,bk-000042,integration,visited
crm-003419,2026-08-30 14:58:35,9726460406,Я.Карты,,admin,booked
crm-001071,2026-08-30 15:14:10,+79251035291,Я.Директ,,admin,visited
crm-000865,2026-08-30 15:22:36,8 961 825 13 27,сарафан,,admin,booked
crm-000974,2026-08-30 15:29:11,8(906)4666074,Сайт: форма,mk-000807,integration,visited
crm-000866,2026-08-30 15:46:51,+7 (918) 694-43-19,Сайт: форма,mk-000719,integration,lost
crm-001107,2026-08-30 15:57:37,8(919)1678714,Сайт: форма,mk-000913,integration,lost
crm-001223,2026-08-30 16:00:49,89709836528,пришёл сам,,admin,lost
crm-000761,2026-08-30 16:01:57,89360276508,Я.Карты,,admin,booked
crm-001848,2026-08-30 16:11:21,8 926 787 07 61,не помню,,admin,visited
crm-002996,2026-08-30 16:19:35,7-963-687-26-56,Виджет записи,bk-000576,integration,lost
crm-002774,2026-08-30 16:20:33,+79464089683,с улицы,,admin,visited
crm-001492,2026-08-30 16:25:46,8(918)3153004,Виджет записи,bk-000279,integration,booked
crm-003452,2026-08-30 16:34:56,7-993-352-07-72,контекст,,admin,visited
crm-000172,2026-08-30 16:36:01,+7 (915) 713-12-13,другое,,admin,lost
crm-000818,2026-08-30 16:42:48,89656739005,Сайт: форма,mk-000672,integration,lost
crm-003030,2026-08-30 16:45:11,+79982837905,2гис,,admin,visited
crm-001876,2026-08-30 16:45:32,89905821825,контекст,,admin,booked
crm-000116,2026-08-30 16:49:15,7-944-533-96-43,VK,,admin,in_work
crm-000079,2026-08-30 17:02:09,8(993)4891180,контекст,,admin,visited
crm-001748,2026-08-30 17:04:15,7-927-283-64-36,поиск,,admin,new
crm-003497,2026-08-30 17:12:12,7-902-524-98-81,Яндекс карты,,admin,lost
crm-000254,2026-08-30 17:12:56,8 949 268 29 33,Сайт: форма,mk-000229,integration,new
crm-003686,2026-08-30 17:21:32,8 910 310 22 11,Яндекс,,admin,booked
crm-000392,2026-08-30 17:32:39,+79250151230,Виджет записи,bk-000061,integration,visited
crm-001673,2026-08-30 17:35:34,+79103259263,,,admin,lost
crm-001244,2026-08-30 17:41:06,9106769833,не помню,,admin,booked
crm-003340,2026-08-30 17:51:14,9163962686,VK,,admin,in_work
crm-003431,2026-08-30 18:00:05,8 986 637 29 30,яндекс.карты,,admin,booked
crm-000258,2026-08-30 18:07:34,9306537381,повторный пациент,,admin,visited
crm-002261,2026-08-30 18:13:16,7-956-991-81-92,Сайт: форма,mk-001913,integration,booked
crm-002262,2026-08-30 18:14:43,7-956-991-81-92,Сайт: форма,mk-001913,integration,new
crm-003696,2026-08-30 18:23:35,8 931 376 94 51,Виджет записи,bk-000720,integration,lost
crm-001820,2026-08-30 18:24:39,7-904-521-04-08,Сайт: форма,mk-001539,integration,booked
crm-000039,2026-08-30 18:24:45,9574750307,Сайт: форма,mk-000035,integration,lost
crm-001821,2026-08-30 18:27:39,+7 (904) 521-04-08,Сайт: форма,mk-001540,integration,new
crm-000246,2026-08-30 18:44:00,8 944 086 92 24,друзья,,admin,visited
crm-001283,2026-08-30 19:32:48,8(900)9668708,Виджет записи,bk-000240,integration,lost
crm-003666,2026-08-30 19:39:33,8(940)0254840,гугл,,admin,in_work
crm-000598,2026-08-30 19:41:24,+7 (981) 795-15-08,Сайт: форма,mk-000493,integration,lost
crm-000599,2026-08-30 19:44:18,+7 (981) 795-15-08,Сайт: форма,mk-000494,integration,new
crm-000600,2026-08-30 19:49:44,9817951508,Сайт: форма,mk-000495,integration,new
crm-003626,2026-08-30 20:06:03,+7 (919) 259-74-54,2 гис,,admin,in_work
crm-001385,2026-08-30 20:09:56,+79040419151,Виджет записи,bk-000261,integration,in_work
crm-000001,2026-08-30 20:34:21,8 949 526 54 15,Сайт: форма,mk-000001,integration,lost
crm-002314,2026-08-30 20:36:15,+79724893286,Виджет записи,bk-000442,integration,visited
crm-003307,2026-08-30 20:53:08,7-933-734-07-53,Виджет записи,bk-000641,integration,in_work
crm-000755,2026-08-30 21:35:49,8(925)5359281,Виджет записи,bk-000137,integration,booked
crm-000294,2026-08-30 21:37:35,89348599418,Виджет записи,bk-000041,integration,lost
crm-000093,2026-08-30 22:00:11,8(972)2683004,Сайт: форма,mk-000087,integration,visited
crm-002372,2026-08-30 22:11:14,9507703352,Виджет записи,bk-000458,integration,in_work
crm-000613,2026-08-30 22:15:24,89125890130,Сайт: форма,mk-000507,integration,lost
crm-001139,2026-08-30 22:28:48,+79456811347,Виджет записи,bk-000216,integration,lost
crm-002103,2026-08-30 22:30:41,7-959-578-95-82,Виджет записи,bk-000398,integration,in_work
crm-002978,2026-08-30 22:30:57,+7 (993) 942-60-21,Виджет записи,bk-000573,integration,booked
crm-003728,2026-08-30 22:44:11,8 981 043 00 03,Сайт: форма,mk-003133,integration,lost
crm-002146,2026-08-30 22:49:09,89938962191,Виджет записи,bk-000406,integration,lost
crm-001202,2026-08-30 22:54:13,89385506479,Сайт: форма,mk-001007,integration,lost
crm-003260,2026-08-31 01:12:09,+7 (957) 660-15-01,Сайт: форма,mk-002729,integration,lost
crm-000821,2026-08-31 02:03:43,+79209325303,Сайт: форма,mk-000673,integration,lost
crm-000058,2026-08-31 03:01:30,7-986-802-86-29,Сайт: форма,mk-000057,integration,lost
crm-002518,2026-08-31 04:12:17,7-961-380-74-35,Сайт: форма,mk-002102,integration,visited
crm-002613,2026-08-31 05:15:44,+79510666127,Сайт: форма,mk-002190,integration,booked
crm-001266,2026-08-31 06:48:04,+79030618451,Сайт: форма,mk-001063,integration,in_work
crm-002653,2026-08-31 08:43:32,89098892967,Сайт: форма,mk-002222,integration,lost
crm-002503,2026-08-31 08:46:09,9804582460,Виджет записи,bk-000483,integration,visited
crm-002311,2026-08-31 08:57:33,9733586202,Виджет записи,bk-000440,integration,booked
crm-003235,2026-08-31 09:08:38,+7 (977) 865-49-44,Виджет записи,bk-000631,integration,lost
crm-001862,2026-08-31 09:09:06,+7 (958) 769-84-53,Сайт: форма,mk-001578,integration,visited
crm-000518,2026-08-31 09:44:15,7-918-273-31-57,пришёл сам,,admin,lost
crm-002766,2026-08-31 10:22:57,+79788132887,с улицы,,admin,visited
crm-001450,2026-08-31 10:31:02,8 937 111 99 42,таргет вк,,admin,visited
crm-003102,2026-08-31 10:34:55,+79058939335,Виджет записи,bk-000601,integration,new
crm-000485,2026-08-31 10:44:48,8(906)3661694,Сайт: форма,mk-000401,integration,lost
crm-000877,2026-08-31 10:45:24,+79047750217,другое,,admin,in_work
crm-000486,2026-08-31 10:48:11,+79063661694,Сайт: форма,mk-000402,integration,new
crm-000377,2026-08-31 10:54:23,8 905 248 16 95,Сайт: форма,mk-000322,integration,booked
crm-000378,2026-08-31 10:59:49,+7 (905) 248-16-95,Сайт: форма,mk-000323,integration,new
crm-003160,2026-08-31 11:07:32,+7 (961) 105-82-51,2гис,,admin,visited
crm-002152,2026-08-31 11:10:54,8(951)5567066,гугл,,admin,booked
crm-000432,2026-08-31 11:48:39,7-932-758-80-42,Сайт: форма,mk-000356,integration,lost
crm-000433,2026-08-31 11:49:48,8 932 758 80 42,Сайт: форма,mk-000357,integration,new
crm-003502,2026-08-31 12:14:20,+79129446887,Сайт: форма,mk-002938,integration,visited
crm-002352,2026-08-31 12:23:27,+79508111072,другое,,admin,visited
crm-002570,2026-08-31 12:34:59,7-967-314-02-08,контекст,,admin,new
crm-001944,2026-08-31 12:45:32,9695074053,Сайт: форма,mk-001648,integration,new
crm-002303,2026-08-31 12:55:05,7-954-989-56-87,с улицы,,admin,booked
crm-002341,2026-08-31 13:18:57,7-937-562-57-00,повторный пациент,,admin,in_work
crm-000989,2026-08-31 13:23:19,7-969-234-75-56,сайт,,admin,in_work
crm-002783,2026-08-31 13:26:02,7-910-145-55-87,Яндекс карты,,admin,lost
crm-003404,2026-08-31 13:34:20,9070233252,карты,,admin,visited
crm-000820,2026-08-31 13:34:37,8(909)5741982,пришёл сам,,admin,booked
crm-000038,2026-08-31 13:36:14,+7 (926) 322-34-03,сайт,,admin,visited
crm-000032,2026-08-31 13:36:36,+7 (934) 109-94-18,2гис,,admin,lost
crm-003540,2026-08-31 13:49:50,8 991 268 74 91,яндекс директ,,admin,lost
crm-002772,2026-08-31 13:54:17,8(945)0678056,Сайт: форма,mk-002314,integration,lost
crm-003097,2026-08-31 13:54:43,7-970-267-12-55,реклама,,admin,booked
crm-003659,2026-08-31 14:07:52,8(941)5439059,Виджет записи,bk-000711,integration,in_work
crm-001858,2026-08-31 14:08:05,8 973 510 12 43,Виджет записи,bk-000352,integration,visited
crm-000590,2026-08-31 14:39:23,89986144134,ВК,,admin,lost
crm-002244,2026-08-31 14:40:56,7-942-485-29-30,Сайт: форма,mk-001900,integration,visited
crm-000718,2026-08-31 14:54:15,8(998)2087528,Сайт: форма,mk-000594,integration,new
crm-000150,2026-08-31 15:00:52,8(984)8136977,не помню,,admin,lost
crm-001161,2026-08-31 15:16:37,9552998373,Сайт: форма,mk-000968,integration,in_work
crm-003700,2026-08-31 15:16:46,89540424666,Сайт: форма,mk-003110,integration,in_work
crm-003765,2026-08-31 15:32:15,+79632713143,поиск,,admin,lost
crm-001088,2026-08-31 15:44:04,89709730118,Сайт: форма,mk-000895,integration,booked
crm-003630,2026-08-31 15:52:18,9544144792,сайт,,admin,lost
crm-002941,2026-08-31 15:55:58,8 942 626 98 92,Сайт: форма,mk-002453,integration,lost
crm-000726,2026-08-31 15:57:26,7-949-353-29-98,гугл,,admin,booked
crm-000992,2026-08-31 16:02:48,8(953)6555727,сайт,,admin,lost
crm-001488,2026-08-31 16:05:04,89873266085,,,admin,visited
crm-001096,2026-08-31 16:08:44,+79401046888,яндекс.карты,,admin,lost
crm-000386,2026-08-31 16:38:25,9305113411,ЯД,,admin,lost
crm-001356,2026-08-31 16:38:35,89692111854,Виджет записи,bk-000254,integration,new
crm-001312,2026-08-31 16:46:37,8 995 299 33 71,2 гис,,admin,visited
crm-001091,2026-08-31 16:46:49,8 967 595 97 30,Виджет записи,bk-000211,integration,lost
crm-001467,2026-08-31 17:13:03,8 903 760 56 85,Сайт: форма,mk-001226,integration,lost
crm-001468,2026-08-31 17:14:48,+7 (903) 760-56-85,Сайт: форма,mk-001227,integration,new
crm-000134,2026-08-31 17:20:19,89016542674,реклама,,admin,lost
crm-001632,2026-08-31 17:29:16,8 934 030 14 64,Яндекс,,admin,booked
crm-001564,2026-08-31 17:32:16,7-989-507-69-01,Сайт: форма,mk-001315,integration,in_work
crm-002422,2026-08-31 17:35:31,+7 (932) 130-81-16,2 гис,,admin,lost
crm-001396,2026-08-31 17:51:39,8(965)5983682,Виджет записи,bk-000262,integration,booked
crm-002122,2026-08-31 18:04:00,7-965-044-40-53,по рекомендации,,admin,visited
crm-002770,2026-08-31 18:08:27,9424975664,Виджет записи,bk-000536,integration,new
crm-003262,2026-08-31 18:11:25,8 900 072 44 97,вывеска,,admin,visited
crm-000465,2026-08-31 18:12:57,+7 (905) 521-96-33,Яндекс карты,,admin,lost
crm-000680,2026-08-31 18:15:27,89801736660,знакомые,,admin,visited
crm-001973,2026-08-31 18:18:49,9266840062,Виджет записи,bk-000377,integration,new
crm-001616,2026-08-31 18:26:35,7-962-670-81-72,другое,,admin,booked
crm-002057,2026-08-31 18:30:15,8 948 045 69 16,не помню,,admin,booked
crm-001308,2026-08-31 18:42:33,+7 (979) 842-68-78,друзья,,admin,booked
crm-000804,2026-08-31 18:52:21,7-909-396-37-82,Сайт: форма,mk-000662,integration,in_work
crm-000568,2026-08-31 19:09:40,+7 (907) 385-79-02,Виджет записи,bk-000097,integration,lost
crm-001786,2026-08-31 19:31:09,+79899171125,Виджет записи,bk-000338,integration,visited
crm-001362,2026-08-31 19:41:52,8(929)8816459,знакомые,,admin,lost
crm-002972,2026-08-31 19:46:30,89347377172,Сайт: форма,mk-002482,integration,lost
crm-002356,2026-08-31 20:24:10,89438335769,Виджет записи,bk-000456,integration,booked
crm-001104,2026-08-31 21:01:08,7-961-973-21-83,Сайт: форма,mk-000910,integration,booked
crm-001105,2026-08-31 21:05:49,8(961)9732183,Сайт: форма,mk-000911,integration,new
crm-002705,2026-08-31 21:09:41,8 900 952 11 13,Виджет записи,bk-000519,integration,lost
crm-002790,2026-08-31 21:14:05,7-924-229-63-43,Виджет записи,bk-000542,integration,lost
crm-001654,2026-08-31 21:48:02,8 938 448 35 97,Сайт: форма,mk-001397,integration,booked
crm-001288,2026-08-31 21:55:15,9524941587,Виджет записи,bk-000241,integration,lost
crm-000188,2026-08-31 22:02:23,89023271644,Сайт: форма,mk-000171,integration,lost
crm-001095,2026-08-31 22:35:21,9812872000,Сайт: форма,mk-000899,integration,lost
crm-003365,2026-08-31 22:48:13,+7 (976) 727-05-82,Сайт: форма,mk-002816,integration,lost
crm-000954,2026-08-31 22:49:43,9151242335,Сайт: форма,mk-000792,integration,visited
crm-000955,2026-08-31 22:53:47,8 915 124 23 35,Сайт: форма,mk-000793,integration,new
crm-000956,2026-08-31 22:54:19,9151242335,Сайт: форма,mk-000793,integration,new
crm-000957,2026-08-31 22:54:48,8(915)1242335,Сайт: форма,mk-000794,integration,new
crm-000570,2026-08-31 23:01:33,8(939)0143304,Виджет записи,bk-000098,integration,lost
crm-000698,2026-09-01 00:04:23,7-919-370-58-92,Сайт: форма,mk-000578,integration,visited
crm-000699,2026-09-01 00:05:17,9193705892,Сайт: форма,mk-000578,integration,new
crm-001452,2026-09-01 00:49:59,7-942-096-05-57,Сайт: форма,mk-001213,integration,visited
crm-000075,2026-09-01 02:12:41,89305971334,Сайт: форма,mk-000073,integration,lost
crm-001103,2026-09-01 02:38:06,+79668280222,Сайт: форма,mk-000909,integration,lost
crm-000255,2026-09-01 03:52:49,+7 (998) 851-74-74,Сайт: форма,mk-000230,integration,in_work
crm-003791,2026-09-01 04:06:55,8(999)7321545,Виджет записи,bk-000739,integration,in_work
crm-002302,2026-09-01 04:12:18,7-997-758-36-97,Сайт: форма,mk-001945,integration,lost
crm-002511,2026-09-01 04:31:51,9998564681,Сайт: форма,mk-002096,integration,lost
crm-003466,2026-09-01 07:41:04,8(973)4128301,Сайт: форма,mk-002902,integration,booked
crm-002833,2026-09-01 09:31:19,+79304595881,знакомые,,admin,visited
crm-000201,2026-09-01 10:11:35,+7 (950) 883-36-29,Виджет записи,bk-000026,integration,booked
crm-003693,2026-09-01 10:11:56,89424641107,реклама в яндексе,,admin,in_work
crm-000074,2026-09-01 10:28:59,8 946 813 82 61,Сайт: форма,mk-000072,integration,new
crm-002211,2026-09-01 10:30:57,8 985 402 97 83,другое,,admin,booked
crm-001410,2026-09-01 10:31:57,+7 (959) 391-16-09,Виджет записи,bk-000267,integration,booked
crm-003453,2026-09-01 10:33:57,89933520772,Виджет записи,bk-000670,integration,new
crm-002181,2026-09-01 10:34:57,9290125713,знакомые,,admin,lost
crm-001065,2026-09-01 10:35:01,8 981 597 23 71,Сайт: форма,mk-000877,integration,lost
crm-000479,2026-09-01 10:45:52,7-926-372-82-83,,,admin,visited
crm-000574,2026-09-01 10:50:57,8 992 744 56 93,знакомые,,admin,visited
crm-001200,2026-09-01 10:51:29,89660688930,Сайт: форма,mk-001005,integration,booked
crm-003573,2026-09-01 11:07:32,7-928-158-92-85,2ГИС,,admin,in_work
crm-001152,2026-09-01 11:09:37,9411533210,Сайт: форма,mk-000961,integration,in_work
crm-002396,2026-09-01 11:09:47,+79794055310,реклама в яндексе,,admin,visited
crm-003817,2026-09-01 11:18:25,+7 (912) 072-45-79,знакомые,,admin,lost
crm-000348,2026-09-01 11:18:31,+7 (955) 854-22-57,Сайт: форма,mk-000300,integration,visited
crm-000349,2026-09-01 11:21:46,7-955-854-22-57,Сайт: форма,mk-000301,integration,new
crm-001351,2026-09-01 11:27:56,7-956-423-03-94,дубльгис,,admin,visited
crm-001167,2026-09-01 11:37:51,+7 (919) 193-05-33,Виджет записи,bk-000224,integration,new
crm-001913,2026-09-01 11:44:56,+79128210731,по рекомендации,,admin,lost
crm-000320,2026-09-01 11:50:01,9122652555,с улицы,,admin,lost
crm-002672,2026-09-01 12:37:49,9488731334,Сайт: форма,mk-002235,integration,in_work
crm-002964,2026-09-01 12:38:08,8 936 073 06 43,Сайт: форма,mk-002475,integration,booked
crm-002673,2026-09-01 12:42:08,+7 (948) 873-13-34,Сайт: форма,mk-002236,integration,new
crm-000259,2026-09-01 12:44:00,89429857437,друзья,,admin,booked
crm-002905,2026-09-01 12:45:00,+7 (937) 540-70-92,вконтакте,,admin,lost
crm-000832,2026-09-01 12:48:27,89018107533,нашли в интернете,,admin,in_work
crm-002819,2026-09-01 12:49:33,+7 (903) 009-29-76,Сайт: форма,mk-002353,integration,lost
crm-002612,2026-09-01 12:51:16,8 956 111 00 61,сарафан,,admin,booked
crm-001168,2026-09-01 12:55:48,7-941-252-16-00,Виджет записи,bk-000225,integration,booked
crm-000090,2026-09-01 13:09:39,89383573310,с улицы,,admin,visited
crm-001373,2026-09-01 13:15:29,9256982547,Виджет записи,bk-000258,integration,visited
crm-003611,2026-09-01 13:21:30,7-993-775-17-35,друзья,,admin,booked
crm-000218,2026-09-01 13:33:11,8 923 251 71 44,знакомые,,admin,visited
crm-002315,2026-09-01 13:46:14,8 972 489 32 86,яндекс.карты,,admin,new
crm-002759,2026-09-01 13:52:48,+7 (929) 495-55-89,проходил мимо,,admin,visited
crm-003808,2026-09-01 13:53:00,89596351852,реклама вк,,admin,lost
crm-001760,2026-09-01 14:04:38,+7 (995) 645-61-32,по рекомендации,,admin,visited
crm-000162,2026-09-01 14:04:39,8 987 172 92 77,Сайт: форма,mk-000149,integration,booked
crm-001678,2026-09-01 14:06:30,+7 (976) 771-64-90,с улицы,,admin,in_work
crm-002426,2026-09-01 14:12:53,7-950-583-75-92,вывеска,,admin,visited
crm-000806,2026-09-01 14:18:26,+79819978269,Виджет записи,bk-000147,integration,visited
crm-002251,2026-09-01 14:18:42,+7 (929) 142-69-75,,,admin,visited
crm-000807,2026-09-01 14:18:59,8 981 997 82 69,Виджет записи,bk-000147,integration,new
crm-000065,2026-09-01 14:20:39,+79725844084,Яндекс карты,,admin,booked
crm-000924,2026-09-01 14:20:49,8 906 293 54 10,2 гис,,admin,visited
crm-001618,2026-09-01 14:30:40,8 987 379 25 21,реклама,,admin,visited
crm-003021,2026-09-01 14:34:18,8(976)6481639,Виджет записи,bk-000583,integration,visited
crm-000542,2026-09-01 14:41:54,9316101568,проходил мимо,,admin,visited
crm-003113,2026-09-01 14:51:39,+79765725730,2 гис,,admin,lost
crm-001799,2026-09-01 14:51:45,7-929-272-77-17,Сайт: форма,mk-001524,integration,booked
crm-001800,2026-09-01 14:53:10,+79292727717,Сайт: форма,mk-001524,integration,new
crm-003031,2026-09-01 14:53:51,+79949620702,2гис,,admin,visited
crm-003379,2026-09-01 14:59:16,9995585606,реклама,,admin,visited
crm-001496,2026-09-01 15:04:19,8(902)1449996,2ГИС,,admin,lost
crm-000795,2026-09-01 15:04:25,+7 (939) 941-58-46,сайт,,admin,visited
crm-002736,2026-09-01 15:06:00,+7 (916) 412-52-48,дубльгис,,admin,lost
crm-003134,2026-09-01 15:22:14,8(902)5968199,поиск,,admin,lost
crm-003774,2026-09-01 15:22:27,7-979-059-51-63,Сайт: форма,mk-003169,integration,lost
crm-000945,2026-09-01 15:26:35,89862415405,Я.Карты,,admin,lost
crm-000267,2026-09-01 15:41:04,8 948 272 89 59,Сайт: форма,mk-000241,integration,visited
crm-001947,2026-09-01 15:41:45,+79820448674,Виджет записи,bk-000373,integration,lost
crm-003075,2026-09-01 15:53:54,9645412391,Виджет записи,bk-000594,integration,new
crm-000190,2026-09-01 15:54:45,7-997-584-31-70,Сайт: форма,mk-000172,integration,lost
crm-002442,2026-09-01 15:58:03,+7 (962) 868-56-87,Сайт: форма,mk-002044,integration,new
crm-001300,2026-09-01 16:02:15,8(962)8139989,2гис,,admin,lost
crm-000395,2026-09-01 16:06:48,+79809847937,Виджет записи,bk-000062,integration,lost
crm-002499,2026-09-01 16:15:01,8 998 708 79 22,2ГИС,,admin,booked
crm-003434,2026-09-01 16:16:24,8 912 957 62 14,Виджет записи,bk-000669,integration,new
crm-002467,2026-09-01 16:23:10,+7 (983) 927-70-78,Виджет записи,bk-000474,integration,visited
crm-000459,2026-09-01 16:29:24,7-923-338-10-42,сарафан,,admin,visited
crm-002920,2026-09-01 16:34:34,7-972-396-80-85,другое,,admin,in_work
crm-000053,2026-09-01 16:34:56,+7 (926) 147-25-72,Сайт: форма,mk-000050,integration,visited
crm-000306,2026-09-01 16:46:51,7-975-609-43-07,Виджет записи,bk-000044,integration,lost
crm-001728,2026-09-01 16:58:28,+7 (938) 391-24-99,повторный пациент,,admin,visited
crm-002331,2026-09-01 16:59:28,89695141125,Виджет записи,bk-000447,integration,visited
crm-001984,2026-09-01 17:04:34,9525342921,друзья,,admin,lost
crm-001912,2026-09-01 17:43:14,89755785922,Виджет записи,bk-000365,integration,visited
crm-002647,2026-09-01 17:43:34,8(907)7404220,Виджет записи,bk-000505,integration,visited
crm-002842,2026-09-01 17:45:02,7-930-581-67-32,вывеска,,admin,in_work
crm-000996,2026-09-01 17:46:10,8 991 456 94 71,Сайт: форма,mk-000822,integration,in_work
crm-001516,2026-09-01 17:51:05,7-952-329-45-61,Виджет записи,bk-000284,integration,booked
crm-003456,2026-09-01 17:56:57,9073631915,повторный пациент,,admin,booked
crm-001717,2026-09-01 18:11:32,9908678067,сарафан,,admin,lost
crm-001174,2026-09-01 18:24:07,+7 (959) 726-81-75,Сайт: форма,mk-000980,integration,lost
crm-001490,2026-09-01 18:41:35,8(985)6553211,знакомые,,admin,lost
crm-001606,2026-09-01 19:33:15,7-964-776-44-72,Виджет записи,bk-000304,integration,visited
crm-003558,2026-09-01 19:52:46,89375105103,пришёл сам,,admin,visited
crm-001726,2026-09-01 20:05:27,8(920)0733741,Виджет записи,bk-000324,integration,visited
crm-001268,2026-09-01 20:06:46,+79554703384,Сайт: форма,mk-001065,integration,visited
crm-001269,2026-09-01 20:07:57,7-955-470-33-84,Сайт: форма,mk-001065,integration,new
crm-001270,2026-09-01 20:10:04,9554703384,Сайт: форма,mk-001066,integration,new
crm-002644,2026-09-01 20:10:17,+79956258019,Сайт: форма,mk-002216,integration,lost
crm-001378,2026-09-01 20:25:57,8 928 317 22 17,Сайт: форма,mk-001158,integration,booked
crm-002864,2026-09-01 20:42:59,8 974 480 76 73,Виджет записи,bk-000556,integration,booked
crm-001746,2026-09-01 20:56:53,+7 (956) 453-56-57,Виджет записи,bk-000330,integration,visited
crm-002658,2026-09-01 21:03:42,+79206369449,Виджет записи,bk-000509,integration,visited
crm-001645,2026-09-01 21:12:18,+7 (959) 832-76-58,Сайт: форма,mk-001390,integration,lost
crm-003173,2026-09-01 21:18:00,89264670745,Сайт: форма,mk-002648,integration,lost
crm-002327,2026-09-01 21:29:39,+7 (993) 119-36-53,Виджет записи,bk-000446,integration,visited
crm-000091,2026-09-01 21:34:32,8 923 927 45 98,Виджет записи,bk-000012,integration,in_work
crm-002732,2026-09-01 21:36:56,8(969)1276554,Виджет записи,bk-000525,integration,in_work
crm-001814,2026-09-01 22:06:59,89115632145,Виджет записи,bk-000342,integration,booked
crm-001965,2026-09-01 22:16:41,+79317037979,Виджет записи,bk-000374,integration,visited
crm-001612,2026-09-01 22:16:53,8(972)3015406,Сайт: форма,mk-001354,integration,booked
crm-002158,2026-09-01 22:17:57,7-942-611-56-89,Виджет записи,bk-000409,integration,lost
crm-001887,2026-09-01 22:22:47,+7 (974) 037-22-46,Виджет записи,bk-000360,integration,visited
crm-002851,2026-09-01 22:39:03,8(946)4318856,Виджет записи,bk-000553,integration,visited
crm-001136,2026-09-02 00:02:54,8 970 404 63 33,Сайт: форма,mk-000949,integration,lost
crm-001137,2026-09-02 00:03:56,8 970 404 63 33,Сайт: форма,mk-000949,integration,new
crm-003711,2026-09-02 04:42:23,+79966486481,Сайт: форма,mk-003121,integration,lost
crm-000944,2026-09-02 06:01:25,8 971 640 76 74,Сайт: форма,mk-000782,integration,lost
crm-001365,2026-09-02 06:08:00,+79815179469,Виджет записи,bk-000256,integration,booked
crm-001237,2026-09-02 09:21:57,7-928-930-38-37,Сайт: форма,mk-001038,integration,in_work
crm-001140,2026-09-02 09:23:19,89669579746,2 гис,,admin,visited
crm-001578,2026-09-02 09:36:44,7-910-279-36-49,,,admin,in_work
crm-000453,2026-09-02 09:51:39,+79444268635,2гис,,admin,visited
crm-000030,2026-09-02 10:10:27,7-968-620-36-89,пришёл сам,,admin,visited
crm-001861,2026-09-02 10:11:11,8 943 338 01 91,Яндекс,,admin,lost
crm-003623,2026-09-02 10:15:04,9919366689,Сайт: форма,mk-003043,integration,booked
crm-002290,2026-09-02 10:30:51,8(907)9360009,Виджет записи,bk-000436,integration,lost
crm-001589,2026-09-02 10:49:05,9968445740,Сайт: форма,mk-001339,integration,booked
crm-002662,2026-09-02 10:51:07,+7 (932) 490-64-64,Виджет записи,bk-000511,integration,booked
crm-000293,2026-09-02 11:02:38,89238139053,с улицы,,admin,visited
crm-001670,2026-09-02 11:08:08,+79370444659,другое,,admin,lost
crm-000864,2026-09-02 11:16:57,7-989-522-82-61,Я.Директ,,admin,new
crm-000361,2026-09-02 11:32:07,8 971 484 20 02,сайт,,admin,booked
crm-003717,2026-09-02 11:32:51,8 941 934 89 11,2ГИС,,admin,booked
crm-003211,2026-09-02 11:37:16,9655043516,Сайт: форма,mk-002686,integration,booked
crm-000277,2026-09-02 11:38:58,+79193973398,Яндекс карты,,admin,booked
crm-001704,2026-09-02 12:39:36,7-972-894-29-64,реклама в яндексе,,admin,new
crm-001429,2026-09-02 12:51:01,89287561284,Сайт: форма,mk-001196,integration,in_work
crm-000690,2026-09-02 12:53:19,8 922 218 74 13,Сайт: форма,mk-000571,integration,lost
crm-000141,2026-09-02 12:55:14,+7 (954) 694-60-09,друзья,,admin,booked
crm-003663,2026-09-02 12:55:19,89807441091,с улицы,,admin,lost
crm-001289,2026-09-02 12:57:13,8(952)4941587,таргет вк,,admin,new
crm-003385,2026-09-02 12:59:07,7-991-221-66-85,друзья,,admin,in_work
crm-001877,2026-09-02 13:09:18,7-908-412-71-68,Я.Карты,,admin,visited
crm-001941,2026-09-02 13:22:18,+79860873471,реклама,,admin,lost
crm-001033,2026-09-02 13:25:20,8 946 637 22 02,вывеска,,admin,lost
crm-001173,2026-09-02 13:26:43,9821017844,реклама,,admin,booked
crm-002323,2026-09-02 13:35:42,+79795589617,другое,,admin,visited
crm-000736,2026-09-02 13:35:47,+79549624481,вконтакте,,admin,lost
crm-000681,2026-09-02 13:49:40,89011230884,сайт,,admin,lost
crm-002227,2026-09-02 13:57:09,8 942 137 16 29,другое,,admin,visited
crm-003779,2026-09-02 14:07:22,8 959 511 59 39,другое,,admin,in_work
crm-002700,2026-09-02 14:17:38,+7 (919) 216-10-24,Я.Директ,,admin,lost
crm-002968,2026-09-02 14:31:26,+7 (975) 709-21-32,Сайт: форма,mk-002479,integration,lost
crm-002058,2026-09-02 14:34:59,8 931 333 15 32,другое,,admin,lost
crm-003673,2026-09-02 14:38:44,8(954)2139627,2ГИС,,admin,in_work
crm-001787,2026-09-02 14:39:07,9899171125,сайт,,admin,new
crm-000163,2026-09-02 14:53:44,8(971)3605240,2гис,,admin,in_work
crm-000552,2026-09-02 15:00:58,+79663127603,реклама,,admin,visited
crm-000709,2026-09-02 15:03:33,9623916681,Виджет записи,bk-000122,integration,lost
crm-000244,2026-09-02 15:11:35,7-958-568-28-16,Сайт: форма,mk-000220,integration,booked
crm-000338,2026-09-02 15:15:33,+7 (986) 989-69-47,Сайт: форма,mk-000291,integration,lost
crm-000120,2026-09-02 15:28:53,+79303268204,Я.Директ,,admin,visited
crm-001066,2026-09-02 15:29:18,+7 (901) 524-60-52,карты,,admin,visited
crm-001443,2026-09-02 15:32:56,+7 (975) 888-61-21,Сайт: форма,mk-001207,integration,lost
crm-001461,2026-09-02 15:59:41,+79372544294,Виджет записи,bk-000271,integration,lost
crm-000094,2026-09-02 16:03:08,+7 (972) 268-30-04,гугл,,admin,new
crm-000675,2026-09-02 16:19:27,7-937-777-31-68,знакомые,,admin,booked
crm-001393,2026-09-02 16:22:42,8 913 564 87 18,контекст,,admin,lost
crm-000334,2026-09-02 16:25:00,7-985-691-73-55,карты,,admin,lost
crm-000328,2026-09-02 16:30:46,8 972 316 62 87,знакомые,,admin,visited
crm-001949,2026-09-02 16:44:54,9557641428,реклама,,admin,visited
crm-001263,2026-09-02 17:01:52,+7 (950) 157-53-91,Сайт: форма,mk-001060,integration,in_work
crm-002042,2026-09-02 17:03:10,8(929)4923032,Сайт: форма,mk-001730,integration,in_work
crm-001206,2026-09-02 17:05:09,8(935)5580656,не помню,,admin,booked
crm-001582,2026-09-02 17:30:43,9498606057,друзья,,admin,in_work
crm-002342,2026-09-02 17:32:41,+7 (969) 215-59-55,Виджет записи,bk-000452,integration,in_work
crm-003412,2026-09-02 17:34:43,8(922)9834144,пришёл сам,,admin,visited
crm-001436,2026-09-02 17:42:32,8(968)6367291,сарафан,,admin,in_work
crm-002141,2026-09-02 17:44:45,8 910 359 97 93,по рекомендации,,admin,visited
crm-002634,2026-09-02 17:50:02,7-967-921-51-13,не помню,,admin,booked
crm-002684,2026-09-02 17:50:27,+7 (983) 079-23-83,2ГИС,,admin,in_work
crm-000195,2026-09-02 18:07:48,9380932133,Сайт: форма,mk-000175,integration,visited
crm-002910,2026-09-02 18:14:17,+79141762998,Сайт: форма,mk-002427,integration,lost
crm-002022,2026-09-02 18:26:05,+79860016800,гугл,,admin,lost
crm-002212,2026-09-02 18:28:59,+79854029783,Виджет записи,bk-000421,integration,new
crm-003739,2026-09-02 18:50:36,+79243975502,2ГИС,,admin,in_work
crm-001129,2026-09-02 18:58:28,8 967 557 09 96,2ГИС,,admin,visited
crm-002539,2026-09-02 19:18:13,89160450239,Сайт: форма,mk-002121,integration,visited
crm-000096,2026-09-02 19:24:34,+7 (973) 256-46-67,Сайт: форма,mk-000090,integration,lost
crm-002902,2026-09-02 19:29:18,8 941 710 38 77,Сайт: форма,mk-002420,integration,lost
crm-001106,2026-09-02 19:33:56,7-981-574-11-87,Сайт: форма,mk-000912,integration,visited
crm-002119,2026-09-02 19:46:54,8 982 839 42 80,2ГИС,,admin,booked
crm-002337,2026-09-02 20:13:56,9516917308,Виджет записи,bk-000450,integration,booked
crm-003012,2026-09-02 20:19:17,+79964759649,Виджет записи,bk-000581,integration,in_work
crm-001794,2026-09-02 20:22:05,8(905)1838288,Сайт: форма,mk-001520,integration,lost
crm-001073,2026-09-02 20:39:36,8(964)9760858,Сайт: форма,mk-000886,integration,lost
crm-001035,2026-09-02 20:49:44,+79331290437,Виджет записи,bk-000200,integration,visited
crm-000044,2026-09-02 20:57:48,89833063545,Сайт: форма,mk-000041,integration,lost
crm-000521,2026-09-02 21:00:53,9062048395,Виджет записи,bk-000091,integration,lost
crm-001647,2026-09-02 21:36:53,7-916-024-73-20,Сайт: форма,mk-001392,integration,lost
crm-001648,2026-09-02 21:37:15,8 916 024 73 20,Сайт: форма,mk-001392,integration,new
crm-002806,2026-09-02 21:41:20,9025827873,Сайт: форма,mk-002344,integration,lost
crm-002807,2026-09-02 21:46:06,89025827873,Сайт: форма,mk-002345,integration,new
crm-002808,2026-09-02 21:51:56,+79025827873,Сайт: форма,mk-002346,integration,new
crm-002947,2026-09-02 21:52:56,89113047335,Сайт: форма,mk-002458,integration,visited
crm-000540,2026-09-02 22:07:54,7-998-018-79-76,Сайт: форма,mk-000446,integration,lost
crm-001617,2026-09-02 22:28:27,+7 (930) 256-34-67,Виджет записи,bk-000307,integration,booked
crm-000894,2026-09-02 22:33:20,7-936-335-10-28,Виджет записи,bk-000164,integration,lost
crm-001000,2026-09-02 22:36:31,7-914-345-61-52,Сайт: форма,mk-000825,integration,visited
crm-002001,2026-09-02 22:43:50,7-995-695-50-14,Виджет записи,bk-000382,integration,visited
crm-000225,2026-09-02 22:54:47,9463584094,Сайт: форма,mk-000205,integration,visited
crm-000790,2026-09-02 23:34:14,9569795188,Сайт: форма,mk-000651,integration,booked
crm-001374,2026-09-03 10:24:28,89256982547,другое,,admin,new
crm-000688,2026-09-03 11:38:33,8(939)9862723,Виджет записи,bk-000120,integration,new
crm-002737,2026-09-03 13:03:03,9164125248,Сайт: форма,mk-002289,integration,new
crm-003241,2026-09-03 14:51:24,8 930 040 77 99,Сайт: форма,mk-002713,integration,new
crm-000202,2026-09-03 15:21:33,89508833629,Яндекс карты,,admin,new
crm-003697,2026-09-03 15:51:33,89313769451,не помню,,admin,new
crm-000279,2026-09-03 17:03:23,+79047568713,,,admin,new
crm-002701,2026-09-03 18:11:41,+79192161024,Виджет записи,bk-000518,integration,new
crm-000591,2026-09-04 11:34:24,8(998)6144134,Сайт: форма,mk-000487,integration,new
crm-000307,2026-09-04 12:17:50,89756094307,по рекомендации,,admin,new
crm-003624,2026-09-04 15:18:01,9919366689,реклама,,admin,new
crm-000219,2026-09-04 15:25:12,9232517144,Сайт: форма,mk-000199,integration,new
crm-002685,2026-09-04 17:43:29,+79830792383,Виджет записи,bk-000516,integration,new
crm-001453,2026-09-05 11:51:56,+7 (942) 096-05-57,гугл,,admin,new
crm-001201,2026-09-05 12:58:27,7-966-068-89-30,,,admin,new
crm-003386,2026-09-05 13:53:08,89912216685,Сайт: форма,mk-002833,integration,new
crm-002791,2026-09-05 16:15:04,9242296343,Яндекс,,admin,new
crm-001863,2026-09-05 16:16:04,8(958)7698453,контекст,,admin,new
crm-000569,2026-09-05 16:19:38,+79073857902,2гис,,admin,new
crm-000339,2026-09-05 16:22:32,+7 (986) 989-69-47,VK,,admin,new
crm-000245,2026-09-05 18:18:34,89585682816,сайт,,admin,new
crm-000097,2026-09-06 11:31:31,8(973)2564667,нашли в интернете,,admin,new
crm-001815,2026-09-06 16:11:57,8 911 563 21 45,ВК,,admin,new
crm-001001,2026-09-06 16:39:30,89143456152,VK,,admin,new
crm-002965,2026-09-06 18:42:07,8 936 073 06 43,ВК,,admin,new
crm-003674,2026-09-07 10:28:47,9542139627,Виджет записи,bk-000712,integration,new
