event_id,event_type,created_at_utc,phone,utm_source,utm_medium,call_duration_sec,is_missed
mk-001798,form,2026-07-28 22:10:23,8 900 214 83 13,vk,cpc,,0
mk-002718,form,2026-07-29 00:48:12,+7 (987) 796-91-23,yandex,cpc,,0
mk-001492,form,2026-07-29 00:50:33,+79975415656,google,organic,,0
mk-002076,form,2026-07-29 01:02:42,8(912)5050570,yandex,cpc,,0
mk-002077,form,2026-07-29 01:06:40,8 912 505 05 70,yandex,cpc,,0
mk-002240,form,2026-07-29 02:41:16,7-918-263-53-69,yandex,cpc,,0
mk-000349,call,2026-07-29 07:07:33,+79323429034,google,organic,271,0
mk-002897,form,2026-07-29 07:24:26,+79791319162,vk,cpc,,0
mk-000682,call,2026-07-29 07:27:16,+79774379230,vk,cpc,0,1
mk-002063,form,2026-07-29 07:28:27,+79377243956,yandex,cpc,,0
mk-002064,form,2026-07-29 07:32:43,8(937)7243956,yandex,cpc,,0
mk-000674,form,2026-07-29 07:35:48,7-979-908-85-85,yandex,cpc,,0
mk-002384,call,2026-07-29 07:36:22,+79583346035,2gis,referral,7,1
mk-002065,form,2026-07-29 07:36:32,9377243956,yandex,cpc,,0
mk-000675,form,2026-07-29 07:41:26,+79799088585,yandex,cpc,,0
mk-002194,call,2026-07-29 07:44:39,+79704849511,2gis,referral,405,0
mk-001897,call,2026-07-29 08:09:10,+79849272110,yandex_maps,organic,598,0
mk-003099,call,2026-07-29 08:40:08,+79597346017,google,organic,5,1
mk-001475,call,2026-07-29 09:27:46,+79989512733,yandex_maps,organic,479,0
mk-003143,call,2026-07-29 09:42:12,+79706159210,yandex_maps,organic,471,0
mk-002225,form,2026-07-29 10:02:06,89402521759,yandex,cpc,,0
mk-001693,call,2026-07-29 10:05:28,+79928735469,(direct),(none),577,0
mk-000580,call,2026-07-29 10:34:31,+79943754390,2gis,referral,428,0
mk-001869,call,2026-07-29 10:44:34,+79927580329,yandex,cpc,370,0
mk-001868,form,2026-07-29 10:48:15,+7 (912) 090-80-66,yandex,cpc,,0
mk-001921,call,2026-07-29 11:13:15,+79703006753,(direct),(none),4,1
mk-001637,call,2026-07-29 11:22:06,+79028493263,yandex,cpc,332,0
mk-003200,form,2026-07-29 11:37:08,+7 (952) 823-17-11,yandex,cpc,,0
mk-002391,call,2026-07-29 11:41:35,+79439129493,(direct),(none),556,0
mk-000962,call,2026-07-29 11:46:31,+79474472380,yandex_maps,organic,261,0
mk-001778,call,2026-07-29 11:47:54,+79717344243,2gis,referral,333,0
mk-001684,form,2026-07-29 11:51:12,8 981 511 77 89,yandex,cpc,,0
mk-000652,call,2026-07-29 11:59:59,+79820293912,yandex,cpc,498,0
mk-001215,call,2026-07-29 12:11:38,+79158116851,(direct),(none),573,0
mk-001084,call,2026-07-29 12:29:37,+79869254236,(direct),(none),304,0
mk-001999,call,2026-07-29 12:33:26,+79240009756,yandex_maps,organic,243,0
mk-001669,call,2026-07-29 13:49:52,+79399222180,google,organic,320,0
mk-000089,form,2026-07-29 13:52:42,+7 (958) 727-21-07,yandex,cpc,,0
mk-001544,call,2026-07-29 13:59:07,+79759356968,2gis,referral,502,0
mk-001379,call,2026-07-29 14:15:07,+79139767201,2gis,referral,6,1
mk-002101,call,2026-07-29 14:39:01,+79055714197,yandex_maps,organic,55,0
mk-000380,call,2026-07-29 14:55:38,+79438916965,yandex,cpc,405,0
mk-001548,call,2026-07-29 15:05:53,+79099792898,vk,cpc,471,0
mk-002415,form,2026-07-29 15:05:58,89949205005,yandex,cpc,,0
mk-001502,form,2026-07-29 15:19:35,7-963-038-26-60,yandex,cpc,,0
mk-002727,call,2026-07-29 15:22:37,+79044838871,yandex_maps,organic,147,0
mk-001503,form,2026-07-29 15:23:32,9630382660,yandex,cpc,,0
mk-001937,form,2026-07-29 15:44:18,8(950)7373568,yandex,cpc,,0
mk-001938,form,2026-07-29 15:47:54,7-950-737-35-68,yandex,cpc,,0
mk-001939,form,2026-07-29 15:51:46,8 950 737 35 68,yandex,cpc,,0
mk-000784,form,2026-07-29 15:52:28,8(926)5639564,yandex,cpc,,0
mk-001931,call,2026-07-29 15:52:59,+79117581401,yandex,cpc,107,0
mk-000514,call,2026-07-29 15:53:28,+79001498187,2gis,referral,519,0
mk-001955,call,2026-07-29 16:03:15,+79808276521,yandex,cpc,1,1
mk-003183,form,2026-07-29 16:09:11,7-985-274-43-94,yandex,cpc,,0
mk-000692,call,2026-07-29 16:27:17,+79864428680,google,organic,298,0
mk-000815,form,2026-07-29 17:05:38,9926451208,yandex,cpc,,0
mk-001982,form,2026-07-29 17:08:19,+7 (911) 621-14-11,yandex,cpc,,0
mk-001519,form,2026-07-29 17:09:06,9863890078,vk,cpc,,0
mk-001781,form,2026-07-29 17:49:05,89294210492,yandex,cpc,,0
mk-001926,form,2026-07-29 18:00:11,+7 (930) 635-60-97,yandex,cpc,,0
mk-001927,form,2026-07-29 18:04:14,9306356097,yandex,cpc,,0
mk-002673,form,2026-07-29 18:05:59,+7 (953) 024-68-01,vk,cpc,,0
mk-001928,form,2026-07-29 18:09:48,+79306356097,yandex,cpc,,0
mk-001951,form,2026-07-29 18:21:31,7-988-546-88-59,vk,cpc,,0
mk-002333,form,2026-07-29 18:38:09,+7 (918) 024-08-44,yandex,cpc,,0
mk-000159,form,2026-07-29 19:00:07,8 968 615 74 73,vk,cpc,,0
mk-000146,form,2026-07-29 19:04:39,+79598133313,yandex,cpc,,0
mk-000147,form,2026-07-29 19:06:33,+7 (959) 813-33-13,yandex,cpc,,0
mk-001486,form,2026-07-29 19:07:01,8 925 077 85 46,yandex,cpc,,0
mk-001473,form,2026-07-29 19:09:52,7-910-970-56-94,yandex,cpc,,0
mk-000780,form,2026-07-29 19:28:33,8(957)3310591,yandex,cpc,,0
mk-002291,form,2026-07-29 23:57:27,89690172371,yandex,cpc,,0
mk-002292,form,2026-07-29 23:58:58,7-969-017-23-71,yandex,cpc,,0
mk-001446,form,2026-07-30 00:02:59,7-938-284-95-71,yandex,cpc,,0
mk-000705,form,2026-07-30 00:15:12,9993782551,vk,cpc,,0
mk-002577,form,2026-07-30 01:24:20,+79292982305,2gis,referral,,0
mk-002505,form,2026-07-30 01:38:12,7-906-150-44-34,yandex,cpc,,0
mk-001554,form,2026-07-30 02:00:51,9761528220,vk,cpc,,0
mk-003070,form,2026-07-30 03:52:06,89891918728,yandex,cpc,,0
mk-003071,form,2026-07-30 03:53:55,7-989-191-87-28,yandex,cpc,,0
mk-003072,form,2026-07-30 03:59:40,8(989)1918728,yandex,cpc,,0
mk-001204,form,2026-07-30 04:21:51,8 929 337 04 36,yandex,cpc,,0
mk-000340,form,2026-07-30 06:00:45,+7 (994) 045-75-31,yandex,cpc,,0
mk-001293,form,2026-07-30 06:05:34,8(979)8931006,vk,cpc,,0
mk-001409,call,2026-07-30 06:23:19,+79562181136,(direct),(none),136,0
mk-001352,call,2026-07-30 06:52:38,+79011215528,google,organic,5,1
mk-002388,form,2026-07-30 07:04:03,9351403888,google,organic,,0
mk-001173,call,2026-07-30 07:05:14,+79817265477,yandex,cpc,0,1
mk-001098,call,2026-07-30 07:12:43,+79669742304,yandex,cpc,91,0
mk-000729,call,2026-07-30 07:14:35,+79663130197,(direct),(none),327,0
mk-000931,call,2026-07-30 07:28:07,+79728446189,yandex,cpc,240,0
mk-002087,call,2026-07-30 07:34:50,+79969969322,yandex,cpc,9,1
mk-001258,form,2026-07-30 07:45:33,9956899458,yandex,cpc,,0
mk-001991,form,2026-07-30 07:47:49,89493521739,vk,cpc,,0
mk-002184,form,2026-07-30 08:17:28,+79422039525,yandex,cpc,,0
mk-002885,call,2026-07-30 08:42:07,+79763561582,(direct),(none),512,0
mk-001110,call,2026-07-30 08:55:00,+79109172490,2gis,referral,276,0
mk-002672,form,2026-07-30 09:00:52,8 931 776 22 14,google,organic,,0
mk-000837,call,2026-07-30 09:18:47,+79621280682,yandex,cpc,464,0
mk-000964,call,2026-07-30 09:22:33,+79125999482,google,organic,328,0
mk-002341,call,2026-07-30 09:33:16,+79214165144,google,organic,45,0
mk-001436,form,2026-07-30 09:52:50,89474991651,vk,cpc,,0
mk-002745,form,2026-07-30 09:55:11,8 955 893 63 05,google,organic,,0
mk-001930,call,2026-07-30 09:57:20,+79541653246,yandex_maps,organic,521,0
mk-002097,form,2026-07-30 09:57:22,7-933-409-96-95,vk,cpc,,0
mk-002820,call,2026-07-30 10:30:50,+79150175847,yandex,cpc,2,1
mk-001612,call,2026-07-30 10:36:20,+79051295908,yandex,cpc,325,0
mk-002167,call,2026-07-30 10:55:53,+79931868071,vk,cpc,169,0
mk-000723,call,2026-07-30 11:04:14,+79532179580,(direct),(none),38,0
mk-000850,call,2026-07-30 11:38:42,+79136781254,yandex,cpc,439,0
mk-000945,call,2026-07-30 11:43:33,+79784537927,vk,cpc,142,0
mk-002765,form,2026-07-30 11:47:20,89395462468,google,organic,,0
mk-001011,call,2026-07-30 11:57:16,+79784509014,google,organic,125,0
mk-000298,call,2026-07-30 12:17:22,+79446650576,2gis,referral,541,0
mk-000273,call,2026-07-30 12:35:47,+79799011655,2gis,referral,472,0
mk-001796,call,2026-07-30 12:36:06,+79837560797,yandex,cpc,50,0
mk-001932,call,2026-07-30 12:37:01,+79928629049,2gis,referral,532,0
mk-000065,call,2026-07-30 12:41:06,+79801622972,yandex_maps,organic,279,0
mk-002694,call,2026-07-30 12:44:06,+79228493063,yandex,cpc,503,0
mk-001873,form,2026-07-30 12:46:46,+79523357762,yandex,cpc,,0
mk-002160,form,2026-07-30 12:59:09,9676622815,vk,cpc,,0
mk-002362,form,2026-07-30 14:08:52,7-963-658-74-31,yandex,cpc,,0
mk-002363,form,2026-07-30 14:10:22,8(963)6587431,yandex,cpc,,0
mk-001292,call,2026-07-30 14:16:52,+79300087969,vk,cpc,560,0
mk-000707,call,2026-07-30 14:20:36,+79626314392,google,organic,481,0
mk-002973,form,2026-07-30 14:28:05,8 989 361 71 87,vk,cpc,,0
mk-001634,call,2026-07-30 14:36:35,+79853729895,yandex_maps,organic,539,0
mk-000527,call,2026-07-30 14:49:49,+79232118766,2gis,referral,271,0
mk-000791,call,2026-07-30 15:04:14,+79305879998,vk,cpc,163,0
mk-002335,call,2026-07-30 15:30:58,+79724005265,2gis,referral,386,0
mk-000440,form,2026-07-30 15:32:39,7-993-434-19-71,yandex,cpc,,0
mk-000491,call,2026-07-30 15:37:02,+79991389569,yandex_maps,organic,41,0
mk-002733,form,2026-07-30 15:49:28,+79960816670,yandex,cpc,,0
mk-002136,form,2026-07-30 16:00:04,9134536028,yandex,cpc,,0
mk-000789,form,2026-07-30 16:14:20,9076394026,yandex,cpc,,0
mk-000790,form,2026-07-30 16:17:43,7-907-639-40-26,yandex,cpc,,0
mk-001532,call,2026-07-30 16:23:59,+79500509407,(direct),(none),193,0
mk-001290,call,2026-07-30 16:49:33,+79633967811,(direct),(none),8,1
mk-000225,form,2026-07-30 17:04:51,7-912-316-96-51,yandex,cpc,,0
mk-002558,form,2026-07-30 17:09:01,8(983)4882032,yandex,cpc,,0
mk-001697,form,2026-07-30 18:01:51,+7 (990) 508-82-38,yandex,cpc,,0
mk-002746,form,2026-07-30 18:03:43,+7 (978) 376-43-22,vk,cpc,,0
mk-001698,form,2026-07-30 18:07:37,+79905088238,yandex,cpc,,0
mk-002054,form,2026-07-30 18:09:58,9825538719,vk,cpc,,0
mk-001699,form,2026-07-30 18:11:11,89905088238,yandex,cpc,,0
mk-001651,form,2026-07-30 18:35:12,9176699289,vk,cpc,,0
mk-002602,form,2026-07-30 18:53:33,9744071713,vk,cpc,,0
mk-001818,form,2026-07-30 18:58:26,+7 (925) 746-75-46,google,organic,,0
mk-002299,form,2026-07-30 20:02:45,+79061372956,vk,cpc,,0
mk-001961,form,2026-07-30 20:05:22,8 922 963 65 23,yandex,cpc,,0
mk-001962,form,2026-07-30 20:06:41,9229636523,yandex,cpc,,0
mk-003151,form,2026-07-30 21:19:53,9765737568,(direct),(none),,0
mk-000581,form,2026-07-30 22:39:54,+79385703254,yandex,cpc,,0
mk-000193,form,2026-07-31 00:31:41,7-912-248-71-63,vk,cpc,,0
mk-002852,form,2026-07-31 01:40:13,89080221053,vk,cpc,,0
mk-000889,form,2026-07-31 02:51:49,9723857638,yandex,cpc,,0
mk-001908,form,2026-07-31 03:29:54,8(937)2305680,vk,cpc,,0
mk-001640,call,2026-07-31 06:30:17,+79849094312,yandex_maps,organic,462,0
mk-000778,call,2026-07-31 06:56:30,+79120852324,2gis,referral,540,0
mk-000214,call,2026-07-31 07:07:11,+79912809201,yandex,cpc,331,0
mk-002501,call,2026-07-31 07:18:00,+79564652972,(direct),(none),38,0
mk-002220,form,2026-07-31 07:27:54,89364821696,vk,cpc,,0
mk-000624,call,2026-07-31 07:34:23,+79597052298,2gis,referral,560,0
mk-002098,call,2026-07-31 07:57:22,+79334099695,vk,cpc,95,0
mk-002165,form,2026-07-31 08:07:34,+79089573807,yandex,cpc,,0
mk-002762,form,2026-07-31 08:10:45,8 953 088 92 26,yandex,cpc,,0
mk-001275,call,2026-07-31 08:51:44,+79799958219,google,organic,539,0
mk-002916,call,2026-07-31 09:02:03,+79848949999,google,organic,586,0
mk-000845,call,2026-07-31 09:07:44,+79013020474,(direct),(none),569,0
mk-000244,form,2026-07-31 09:09:57,8 921 610 44 78,yandex_maps,organic,,0
mk-000308,call,2026-07-31 09:34:39,+79911637892,yandex_maps,organic,421,0
mk-000642,form,2026-07-31 09:34:54,8 904 719 34 08,google,organic,,0
mk-003201,call,2026-07-31 09:44:49,+79263749690,2gis,referral,49,0
mk-001984,form,2026-07-31 09:51:05,8 985 209 42 27,yandex,cpc,,0
mk-000475,form,2026-07-31 09:57:15,89061057072,yandex,cpc,,0
mk-001814,call,2026-07-31 10:03:30,+79505610384,yandex,cpc,352,0
mk-000051,call,2026-07-31 10:56:04,+79696424779,google,organic,91,0
mk-000076,call,2026-07-31 10:56:28,+79115009023,google,organic,528,0
mk-001852,call,2026-07-31 11:10:37,+79520104204,2gis,referral,378,0
mk-001574,call,2026-07-31 11:14:38,+79386237167,yandex,cpc,120,0
mk-000014,form,2026-07-31 11:23:40,9978977552,yandex,cpc,,0
mk-000587,call,2026-07-31 11:35:15,+79021940691,yandex,cpc,553,0
mk-003193,call,2026-07-31 11:46:22,+79365559661,2gis,referral,150,0
mk-002186,call,2026-07-31 11:57:50,+79858712225,google,organic,230,0
mk-001849,call,2026-07-31 11:57:56,+79062205772,vk,cpc,317,0
mk-002737,call,2026-07-31 12:17:06,+79397685105,2gis,referral,172,0
mk-002170,form,2026-07-31 12:21:40,+79871351900,vk,cpc,,0
mk-001990,call,2026-07-31 12:33:04,+79886612987,yandex,cpc,172,0
mk-002740,form,2026-07-31 12:34:30,8(985)6143031,vk,cpc,,0
mk-001164,call,2026-07-31 12:40:22,+79556540624,2gis,referral,289,0
mk-001628,call,2026-07-31 12:42:50,+79850634603,yandex,cpc,571,0
mk-001546,call,2026-07-31 13:04:07,+79759356968,2gis,referral,257,0
mk-003067,call,2026-07-31 13:07:25,+79497830313,yandex,cpc,66,0
mk-002409,call,2026-07-31 13:13:26,+79085472033,(direct),(none),549,0
mk-001643,call,2026-07-31 13:39:04,+79467061737,(direct),(none),579,0
mk-001905,form,2026-07-31 13:57:08,+79566308909,google,organic,,0
mk-002932,form,2026-07-31 14:07:01,9011906340,google,organic,,0
mk-001181,call,2026-07-31 14:10:27,+79112933715,yandex_maps,organic,45,0
mk-000848,call,2026-07-31 14:12:09,+79011175259,yandex,cpc,414,0
mk-000256,form,2026-07-31 15:02:28,+7 (912) 693-69-27,yandex,cpc,,0
mk-002753,form,2026-07-31 15:03:30,8 918 308 31 38,(direct),(none),,0
mk-001078,call,2026-07-31 15:07:24,+79932838042,2gis,referral,584,0
mk-002894,call,2026-07-31 15:20:21,+79473798823,yandex,cpc,494,0
mk-001366,form,2026-07-31 15:21:37,+79269697458,google,organic,,0
mk-001914,call,2026-07-31 15:23:18,+79337149692,(direct),(none),368,0
mk-001398,call,2026-07-31 15:24:40,+79951551902,2gis,referral,7,1
mk-002093,call,2026-07-31 15:30:49,+79617040946,(direct),(none),304,0
mk-002414,call,2026-07-31 15:36:27,+79801721069,yandex_maps,organic,597,0
mk-002638,call,2026-07-31 15:54:10,+79137439300,2gis,referral,252,0
mk-000448,form,2026-07-31 16:07:37,+7 (958) 957-46-56,yandex,cpc,,0
mk-000773,form,2026-07-31 16:07:49,8 916 245 49 53,vk,cpc,,0
mk-002088,call,2026-07-31 16:29:09,+79947487207,yandex_maps,organic,557,0
mk-000754,form,2026-07-31 16:34:27,+79737730061,vk,cpc,,0
mk-000515,form,2026-07-31 17:42:13,+79674017139,vk,cpc,,0
mk-002271,form,2026-07-31 17:58:44,8(941)5766571,vk,cpc,,0
mk-002078,form,2026-07-31 18:30:50,8(922)8377284,yandex,cpc,,0
mk-002366,form,2026-07-31 18:37:07,+79676521380,yandex,cpc,,0
mk-002367,form,2026-07-31 18:40:04,8 967 652 13 80,yandex,cpc,,0
mk-001288,form,2026-07-31 19:15:12,8 984 970 48 21,google,organic,,0
mk-001350,form,2026-07-31 19:40:04,+79955054966,yandex,cpc,,0
mk-001351,form,2026-07-31 19:43:51,+79955054966,yandex,cpc,,0
mk-000503,form,2026-07-31 22:18:11,7-988-780-68-69,yandex,cpc,,0
mk-000189,form,2026-07-31 23:50:44,+7 (978) 115-10-38,yandex,cpc,,0
mk-001383,form,2026-08-01 00:53:42,7-917-871-70-06,google,organic,,0
mk-000231,form,2026-08-01 01:38:22,+7 (910) 916-45-96,yandex,cpc,,0
mk-003198,form,2026-08-01 01:49:46,+7 (994) 789-99-69,vk,cpc,,0
mk-001388,form,2026-08-01 04:05:02,9103108778,google,organic,,0
mk-001008,form,2026-08-01 04:40:17,+7 (907) 447-29-73,google,organic,,0
mk-001562,form,2026-08-01 05:21:28,+79071481055,vk,cpc,,0
mk-001816,call,2026-08-01 06:09:31,+79500845373,2gis,referral,527,0
mk-001152,form,2026-08-01 06:30:33,7-909-392-64-24,vk,cpc,,0
mk-002772,call,2026-08-01 06:32:57,+79012683486,yandex,cpc,365,0
mk-000640,call,2026-08-01 06:33:43,+79706850075,(direct),(none),302,0
mk-000053,call,2026-08-01 07:18:04,+79696424779,google,organic,284,0
mk-000566,form,2026-08-01 07:28:34,8(962)2778709,yandex,cpc,,0
mk-002775,call,2026-08-01 07:35:42,+79903592217,(direct),(none),435,0
mk-001478,call,2026-08-01 07:40:04,+79944894189,yandex_maps,organic,125,0
mk-001882,call,2026-08-01 07:52:45,+79862661787,(direct),(none),70,0
mk-002400,call,2026-08-01 07:57:56,+79772762506,google,organic,68,0
mk-003195,call,2026-08-01 08:00:46,+79872613739,(direct),(none),454,0
mk-002939,call,2026-08-01 08:08:36,+79966391447,2gis,referral,521,0
mk-000862,call,2026-08-01 08:23:28,+79941262001,vk,cpc,35,0
mk-002930,call,2026-08-01 08:30:53,+79551633300,google,organic,514,0
mk-000633,call,2026-08-01 09:04:08,+79429016409,vk,cpc,378,0
mk-000648,call,2026-08-01 09:10:57,+79609517745,2gis,referral,177,0
mk-000502,call,2026-08-01 09:19:02,+79735414541,yandex,cpc,193,0
mk-002287,call,2026-08-01 09:21:00,+79279932637,2gis,referral,592,0
mk-002736,call,2026-08-01 09:35:53,+79238362962,vk,cpc,502,0
mk-001111,call,2026-08-01 09:53:00,+79109172490,2gis,referral,259,0
mk-000747,call,2026-08-01 10:01:04,+79047948033,(direct),(none),127,0
mk-000639,form,2026-08-01 10:04:48,89987420561,vk,cpc,,0
mk-001742,call,2026-08-01 10:27:05,+79505232399,yandex,cpc,44,0
mk-000047,call,2026-08-01 10:31:57,+79490592583,yandex_maps,organic,297,0
mk-000465,form,2026-08-01 10:41:56,+7 (988) 458-53-80,yandex,cpc,,0
mk-000276,call,2026-08-01 10:53:04,+79371473018,2gis,referral,275,0
mk-001702,form,2026-08-01 10:54:15,+7 (968) 026-39-10,yandex,cpc,,0
mk-003024,form,2026-08-01 11:04:22,+7 (930) 869-20-89,vk,cpc,,0
mk-000148,call,2026-08-01 11:04:39,+79598133313,yandex,cpc,365,0
mk-001129,call,2026-08-01 11:13:20,+79542088708,yandex,cpc,527,0
mk-003035,form,2026-08-01 11:20:19,9701518681,yandex,cpc,,0
mk-002103,call,2026-08-01 11:28:54,+79908963706,2gis,referral,275,0
mk-002262,call,2026-08-01 11:30:01,+79821824673,2gis,referral,222,0
mk-002036,call,2026-08-01 11:38:38,+79615815808,yandex,cpc,3,1
mk-001412,call,2026-08-01 11:43:00,+79875399526,(direct),(none),589,0
mk-001174,form,2026-08-01 12:05:14,+79817265477,yandex,cpc,,0
mk-001915,call,2026-08-01 12:25:18,+79337149692,(direct),(none),233,0
mk-000851,call,2026-08-01 12:37:42,+79136781254,yandex,cpc,200,0
mk-000227,call,2026-08-01 12:39:19,+79769448419,yandex_maps,organic,572,0
mk-002957,form,2026-08-01 12:53:40,+79526938224,yandex,cpc,,0
mk-000327,form,2026-08-01 13:01:43,7-915-484-50-30,yandex,cpc,,0
mk-001887,call,2026-08-01 13:03:59,+79246258221,(direct),(none),199,0
mk-001604,call,2026-08-01 13:04:24,+79080760906,vk,cpc,101,0
mk-000995,form,2026-08-01 13:13:49,8(998)8261335,yandex,cpc,,0
mk-000161,call,2026-08-01 13:14:55,+79568709805,yandex,cpc,513,0
mk-000361,call,2026-08-01 13:26:41,+79517468959,2gis,referral,493,0
mk-001701,call,2026-08-01 13:27:11,+79603104413,(direct),(none),2,1
mk-002633,form,2026-08-01 13:32:33,9680893736,vk,cpc,,0
mk-001318,form,2026-08-01 13:44:08,9411237366,yandex,cpc,,0
mk-002195,form,2026-08-01 13:44:39,+7 (970) 484-95-11,2gis,referral,,0
mk-000318,form,2026-08-01 13:44:44,9540789990,yandex,cpc,,0
mk-000319,form,2026-08-01 13:48:44,8 954 078 99 90,yandex,cpc,,0
mk-001291,form,2026-08-01 13:49:33,7-963-396-78-11,(direct),(none),,0
mk-002264,call,2026-08-01 13:52:07,+79475058131,(direct),(none),64,0
mk-002817,call,2026-08-01 13:53:22,+79595633879,yandex_maps,organic,468,0
mk-002253,call,2026-08-01 13:54:18,+79922157887,yandex,cpc,333,0
mk-002830,call,2026-08-01 14:00:04,+79641955959,(direct),(none),399,0
mk-001696,call,2026-08-01 14:02:19,+79583099617,yandex,cpc,534,0
mk-002187,call,2026-08-01 14:24:31,+79128912019,yandex_maps,organic,119,0
mk-000365,call,2026-08-01 14:28:58,+79555362968,yandex_maps,organic,476,0
mk-001359,call,2026-08-01 14:39:21,+79810467032,google,organic,533,0
mk-000284,call,2026-08-01 14:58:20,+79705679036,yandex,cpc,380,0
mk-002984,call,2026-08-01 15:04:21,+79326859400,2gis,referral,317,0
mk-000740,call,2026-08-01 15:56:28,+79373667421,(direct),(none),260,0
mk-002320,form,2026-08-01 16:18:02,9665753285,vk,cpc,,0
mk-000188,form,2026-08-01 16:22:43,+79158314203,yandex,cpc,,0
mk-003184,form,2026-08-01 16:26:51,+7 (937) 784-49-79,vk,cpc,,0
mk-002402,form,2026-08-01 16:42:22,8 929 223 59 37,yandex,cpc,,0
mk-001525,form,2026-08-01 17:06:11,89298068703,google,organic,,0
mk-001165,form,2026-08-01 17:13:57,8 950 704 57 22,yandex,cpc,,0
mk-001985,form,2026-08-01 17:15:07,+7 (934) 546-49-88,yandex,cpc,,0
mk-001986,form,2026-08-01 17:18:57,8 934 546 49 88,yandex,cpc,,0
mk-003015,form,2026-08-01 17:24:58,+79732637473,google,organic,,0
mk-001251,form,2026-08-01 17:33:29,+79258156000,vk,cpc,,0
mk-000985,form,2026-08-01 17:43:10,8(974)5277384,google,organic,,0
mk-000986,form,2026-08-01 17:44:57,+79745277384,google,organic,,0
mk-002152,form,2026-08-01 18:02:31,+79798141758,yandex,cpc,,0
mk-002153,form,2026-08-01 18:07:14,89798141758,yandex,cpc,,0
mk-000479,form,2026-08-01 18:21:12,7-900-059-36-46,vk,cpc,,0
mk-001971,form,2026-08-01 18:24:17,89163284306,vk,cpc,,0
mk-001828,form,2026-08-01 18:44:07,+7 (990) 859-74-49,yandex,cpc,,0
mk-001829,form,2026-08-01 18:50:03,8 990 859 74 49,yandex,cpc,,0
mk-001187,form,2026-08-01 18:58:03,+7 (916) 833-09-15,2gis,referral,,0
mk-001970,form,2026-08-01 19:14:55,89829303184,google,organic,,0
mk-001193,form,2026-08-01 19:15:54,8(971)4130532,yandex,cpc,,0
mk-001194,form,2026-08-01 19:21:50,9714130532,yandex,cpc,,0
mk-001606,form,2026-08-01 19:26:54,7-912-948-99-81,yandex,cpc,,0
mk-001607,form,2026-08-01 19:32:41,8(912)9489981,yandex,cpc,,0
mk-001608,form,2026-08-01 19:36:39,+79129489981,yandex,cpc,,0
mk-000510,form,2026-08-01 21:10:40,8 961 547 17 96,google,organic,,0
mk-000081,form,2026-08-01 21:25:09,89185170159,yandex,cpc,,0
mk-000082,form,2026-08-01 21:28:13,7-918-517-01-59,yandex,cpc,,0
mk-002024,form,2026-08-01 22:22:06,+7 (939) 925-21-96,yandex,cpc,,0
mk-002025,form,2026-08-01 22:24:17,8 939 925 21 96,yandex,cpc,,0
mk-002070,form,2026-08-01 22:34:24,+79283937590,vk,cpc,,0
mk-001746,form,2026-08-01 22:40:46,+79835760349,yandex,cpc,,0
mk-002017,form,2026-08-02 00:48:10,9910365302,yandex,cpc,,0
mk-002650,form,2026-08-02 01:30:05,8(983)4717313,yandex,cpc,,0
mk-002872,form,2026-08-02 03:33:22,+79653595258,yandex,cpc,,0
mk-000684,form,2026-08-02 05:11:28,7-982-127-71-97,yandex,cpc,,0
mk-000981,form,2026-08-02 05:33:10,+7 (954) 534-53-07,google,organic,,0
mk-002188,call,2026-08-02 06:08:31,+79128912019,yandex_maps,organic,127,0
mk-001644,call,2026-08-02 06:37:04,+79467061737,(direct),(none),128,0
mk-002821,call,2026-08-02 06:44:50,+79150175847,yandex,cpc,389,0
mk-001871,form,2026-08-02 06:51:32,9509425156,yandex,cpc,,0
mk-001030,call,2026-08-02 07:38:15,+79003563662,yandex,cpc,255,0
mk-002364,form,2026-08-02 07:53:01,+7 (975) 762-58-09,yandex,cpc,,0
mk-000226,call,2026-08-02 08:04:51,+79123169651,yandex,cpc,81,0
mk-001234,call,2026-08-02 08:10:23,+79196859063,(direct),(none),531,0
mk-002196,call,2026-08-02 08:18:02,+79936791978,yandex,cpc,366,0
mk-001112,call,2026-08-02 08:26:00,+79109172490,2gis,referral,45,0
mk-001911,call,2026-08-02 08:36:33,+79306027991,google,organic,407,0
mk-002616,call,2026-08-02 09:02:31,+79982005715,yandex_maps,organic,304,0
mk-002392,call,2026-08-02 09:03:01,+79368985108,google,organic,370,0
mk-002639,call,2026-08-02 09:04:24,+79703320480,google,organic,100,0
mk-002444,call,2026-08-02 09:06:23,+79078038691,yandex,cpc,499,0
mk-001245,call,2026-08-02 09:07:08,+79457795401,yandex,cpc,125,0
mk-002964,call,2026-08-02 09:09:09,+79317725634,2gis,referral,438,0
mk-000844,call,2026-08-02 09:11:18,+79592532331,yandex,cpc,109,0
mk-002405,call,2026-08-02 09:12:00,+79718908388,2gis,referral,219,0
mk-001817,call,2026-08-02 09:18:03,+79114003779,google,organic,561,0
mk-001071,call,2026-08-02 09:31:43,+79472235526,yandex,cpc,221,0
mk-001545,call,2026-08-02 09:34:07,+79759356968,2gis,referral,383,0
mk-000538,call,2026-08-02 09:38:18,+79749802892,google,organic,290,0
mk-001298,call,2026-08-02 09:59:29,+79770272171,yandex,cpc,564,0
mk-001341,form,2026-08-02 10:20:46,+79103644808,yandex,cpc,,0
mk-002781,form,2026-08-02 10:24:18,+79667830309,vk,cpc,,0
mk-001815,call,2026-08-02 10:31:30,+79505610384,yandex,cpc,317,0
mk-001460,form,2026-08-02 10:50:07,89382258540,yandex,cpc,,0
mk-001099,call,2026-08-02 10:53:43,+79669742304,yandex,cpc,377,0
mk-001667,call,2026-08-02 11:05:36,+79124559632,yandex_maps,organic,351,0
mk-000405,form,2026-08-02 11:07:55,9880488567,yandex,cpc,,0
mk-002141,form,2026-08-02 11:22:36,+79966437415,2gis,referral,,0
mk-000328,call,2026-08-02 11:42:16,+79029772769,vk,cpc,469,0
mk-001140,call,2026-08-02 11:49:45,+79784393283,yandex_maps,organic,567,0
mk-000809,form,2026-08-02 11:56:26,8 911 174 77 11,yandex,cpc,,0
mk-002913,call,2026-08-02 11:56:56,+79529460958,google,organic,97,0
mk-000857,call,2026-08-02 11:59:05,+79728507766,yandex,cpc,521,0
mk-002300,call,2026-08-02 12:02:45,+79061372956,vk,cpc,3,1
mk-001199,form,2026-08-02 12:04:36,8(920)2332183,yandex,cpc,,0
mk-001415,call,2026-08-02 12:06:47,+79988877611,(direct),(none),8,1
mk-002478,form,2026-08-02 12:12:35,9107495681,vk,cpc,,0
mk-000002,call,2026-08-02 12:27:56,+79690170988,2gis,referral,387,0
mk-001895,form,2026-08-02 12:35:47,+7 (925) 900-59-40,vk,cpc,,0
mk-001889,call,2026-08-02 12:37:54,+79226709525,vk,cpc,590,0
mk-001282,form,2026-08-02 12:44:28,8(916)5659197,2gis,referral,,0
mk-001283,call,2026-08-02 12:51:46,+79015960575,(direct),(none),195,0
mk-002095,form,2026-08-02 12:54:40,8 907 693 15 43,yandex,cpc,,0
mk-002073,call,2026-08-02 12:57:59,+79915897399,(direct),(none),244,0
mk-000774,call,2026-08-02 13:07:49,+79162454953,vk,cpc,445,0
mk-000702,call,2026-08-02 13:18:16,+79215916676,yandex_maps,organic,43,0
mk-000012,call,2026-08-02 13:19:15,+79121715089,yandex,cpc,229,0
mk-001517,form,2026-08-02 13:23:16,7-917-641-19-05,yandex,cpc,,0
mk-001518,form,2026-08-02 13:24:22,+7 (917) 641-19-05,yandex,cpc,,0
mk-002502,call,2026-08-02 13:42:23,+79321313617,vk,cpc,275,0
mk-000042,form,2026-08-02 13:58:12,89753843514,vk,cpc,,0
mk-002232,call,2026-08-02 13:59:19,+79988261513,2gis,referral,133,0
mk-002598,call,2026-08-02 14:20:02,+79205671011,yandex,cpc,455,0
mk-000026,call,2026-08-02 14:22:46,+79418136920,(direct),(none),423,0
mk-001894,call,2026-08-02 14:28:44,+79971660362,yandex_maps,organic,352,0
mk-000056,call,2026-08-02 14:44:37,+79791680407,yandex_maps,organic,8,1
mk-000463,call,2026-08-02 14:51:35,+79842281658,yandex_maps,organic,334,0
mk-001737,call,2026-08-02 15:00:30,+79949935127,(direct),(none),114,0
mk-002208,call,2026-08-02 15:07:25,+79538906077,vk,cpc,460,0
mk-000022,call,2026-08-02 15:29:30,+79703127381,2gis,referral,472,0
mk-000190,call,2026-08-02 15:31:39,+79021126698,2gis,referral,584,0
mk-000519,call,2026-08-02 15:47:45,+79501751375,(direct),(none),465,0
mk-001463,call,2026-08-02 16:10:34,+79752003865,2gis,referral,582,0
mk-001387,call,2026-08-02 16:21:44,+79636764242,yandex_maps,organic,5,1
mk-000483,form,2026-08-02 16:21:59,89044574653,yandex,cpc,,0
mk-000758,form,2026-08-02 16:24:27,7-968-250-41-34,yandex,cpc,,0
mk-002082,form,2026-08-02 16:27:39,7-906-427-45-95,vk,cpc,,0
mk-001839,form,2026-08-02 16:32:38,9586343374,yandex,cpc,,0
mk-001840,form,2026-08-02 16:34:26,+79586343374,yandex,cpc,,0
mk-001925,form,2026-08-02 17:02:38,89747046421,yandex_maps,organic,,0
mk-000856,form,2026-08-02 17:23:57,+7 (920) 005-21-86,yandex,cpc,,0
mk-000046,form,2026-08-02 17:43:30,8(925)7114273,yandex,cpc,,0
mk-000687,form,2026-08-02 17:51:16,+79566089186,google,organic,,0
mk-003086,form,2026-08-02 17:51:41,9926145942,google,organic,,0
mk-000688,form,2026-08-02 17:55:56,+7 (956) 608-91-86,google,organic,,0
mk-001279,form,2026-08-02 18:28:36,89190621058,google,organic,,0
mk-003203,form,2026-08-02 18:56:52,+7 (908) 662-01-88,2gis,referral,,0
mk-001679,form,2026-08-02 19:13:10,8 902 237 16 03,vk,cpc,,0
mk-000686,form,2026-08-02 19:31:28,8(935)3833050,yandex,cpc,,0
mk-001507,form,2026-08-02 19:36:21,+79450196947,yandex,cpc,,0
mk-002563,form,2026-08-02 20:16:30,8 977 096 92 90,google,organic,,0
mk-000506,form,2026-08-02 22:22:53,89526128135,yandex,cpc,,0
mk-000240,form,2026-08-02 23:00:49,89537853188,yandex,cpc,,0
mk-000183,form,2026-08-02 23:03:48,7-910-437-07-21,google,organic,,0
mk-000469,form,2026-08-03 00:01:50,8 982 287 26 32,yandex,cpc,,0
mk-000471,form,2026-08-03 01:00:27,+79089466116,yandex,cpc,,0
mk-000472,form,2026-08-03 01:01:56,89089466116,yandex,cpc,,0
mk-000473,form,2026-08-03 01:04:48,89089466116,yandex,cpc,,0
mk-002911,form,2026-08-03 02:51:17,7-921-375-85-27,yandex,cpc,,0
mk-002912,form,2026-08-03 02:54:34,8 921 375 85 27,yandex,cpc,,0
mk-000184,form,2026-08-03 04:37:32,+7 (980) 916-70-54,yandex,cpc,,0
mk-001870,call,2026-08-03 06:06:34,+79927580329,yandex,cpc,340,0
mk-002360,call,2026-08-03 07:07:20,+79349726221,2gis,referral,517,0
mk-000406,call,2026-08-03 07:07:55,+79880488567,yandex,cpc,76,0
mk-002510,call,2026-08-03 07:20:12,+79685920923,yandex,cpc,549,0
mk-001376,call,2026-08-03 07:25:35,+79057603428,2gis,referral,567,0
mk-002246,call,2026-08-03 07:25:57,+79243759047,2gis,referral,349,0
mk-002394,call,2026-08-03 07:42:19,+79829691047,yandex,cpc,384,0
mk-002083,call,2026-08-03 07:50:01,+79735716683,yandex,cpc,75,0
mk-002462,call,2026-08-03 08:10:42,+79926012686,yandex_maps,organic,417,0
mk-001707,call,2026-08-03 08:14:47,+79873310846,(direct),(none),269,0
mk-002185,call,2026-08-03 08:17:28,+79422039525,yandex,cpc,7,1
mk-000411,call,2026-08-03 08:38:03,+79341668690,vk,cpc,201,0
mk-003068,call,2026-08-03 08:43:25,+79497830313,yandex,cpc,240,0
mk-003051,form,2026-08-03 08:44:19,8 996 710 70 93,yandex,cpc,,0
mk-001590,call,2026-08-03 09:25:32,+79348523524,yandex_maps,organic,54,0
mk-002049,call,2026-08-03 09:32:04,+79261932076,vk,cpc,536,0
mk-000466,call,2026-08-03 09:41:56,+79884585380,yandex,cpc,227,0
mk-002661,form,2026-08-03 09:50:50,8 936 551 66 24,vk,cpc,,0
mk-002609,call,2026-08-03 10:37:28,+79580262878,vk,cpc,529,0
mk-000932,call,2026-08-03 10:38:07,+79728446189,yandex,cpc,330,0
mk-001088,form,2026-08-03 10:39:03,7-936-178-54-17,yandex,cpc,,0
mk-001178,call,2026-08-03 11:03:56,+79074214093,2gis,referral,338,0
mk-000127,form,2026-08-03 11:17:01,9804536962,yandex,cpc,,0
mk-001476,call,2026-08-03 11:26:46,+79989512733,yandex_maps,organic,246,0
mk-003217,form,2026-08-03 11:28:00,8(999)0000000,test,qa,,0
mk-003074,call,2026-08-03 11:37:21,+79461878075,google,organic,400,0
mk-000403,form,2026-08-03 11:38:43,9177554357,yandex,cpc,,0
mk-000011,call,2026-08-03 11:44:53,+79822361179,2gis,referral,465,0
mk-001139,call,2026-08-03 11:46:37,+79375182350,google,organic,270,0
mk-003078,call,2026-08-03 11:56:27,+79070044750,google,organic,91,0
mk-002776,call,2026-08-03 12:12:53,+79515419503,(direct),(none),484,0
mk-000763,call,2026-08-03 12:16:58,+79185928618,yandex_maps,organic,203,0
mk-000631,call,2026-08-03 12:17:46,+79244197423,(direct),(none),60,0
mk-000504,call,2026-08-03 12:18:11,+79887806869,yandex,cpc,90,0
mk-002265,call,2026-08-03 12:22:07,+79475058131,(direct),(none),67,0
mk-001743,call,2026-08-03 12:26:05,+79505232399,yandex,cpc,73,0
mk-000003,call,2026-08-03 12:29:56,+79690170988,2gis,referral,78,0
mk-000730,call,2026-08-03 12:39:35,+79663130197,(direct),(none),135,0
mk-003231,form,2026-08-03 12:40:00,+79000000000,test,qa,,0
mk-002807,call,2026-08-03 12:43:36,+79551278250,yandex,cpc,82,0
mk-000438,form,2026-08-03 13:07:53,+7 (901) 289-11-45,vk,cpc,,0
mk-000439,form,2026-08-03 13:10:26,7-901-289-11-45,vk,cpc,,0
mk-002804,form,2026-08-03 13:11:48,8 994 732 46 01,yandex,cpc,,0
mk-002446,call,2026-08-03 13:16:41,+79082794519,yandex_maps,organic,541,0
mk-002551,call,2026-08-03 13:17:38,+79960218861,yandex,cpc,225,0
mk-000755,call,2026-08-03 13:19:58,+79187984070,yandex_maps,organic,250,0
mk-003227,form,2026-08-03 13:42:00,7-999-000-00-01,test,qa,,0
mk-002671,call,2026-08-03 13:46:57,+79816409416,(direct),(none),334,0
mk-000741,call,2026-08-03 13:50:23,+79603662552,2gis,referral,561,0
mk-003229,form,2026-08-03 13:53:00,9000000000,test,qa,,0
mk-000342,call,2026-08-03 13:58:09,+79025180832,yandex_maps,organic,8,1
mk-002451,form,2026-08-03 14:04:02,+79406527128,yandex,cpc,,0
mk-000924,call,2026-08-03 14:07:29,+79738158961,(direct),(none),306,0
mk-000967,call,2026-08-03 14:19:50,+79348787499,yandex,cpc,1,1
mk-000549,form,2026-08-03 14:32:56,8(908)5299300,(direct),(none),,0
mk-002573,form,2026-08-03 14:49:12,7-988-486-89-84,yandex,cpc,,0
mk-001267,form,2026-08-03 15:06:29,8(968)6334495,yandex,cpc,,0
mk-003058,form,2026-08-03 15:29:08,7-952-671-95-59,yandex,cpc,,0
mk-002878,call,2026-08-03 15:29:13,+79059158993,vk,cpc,237,0
mk-002133,form,2026-08-03 15:32:40,89707142540,yandex,cpc,,0
mk-002860,call,2026-08-03 15:58:55,+79907247293,(direct),(none),492,0
mk-002871,form,2026-08-03 16:01:18,+79867600264,yandex,cpc,,0
mk-000659,form,2026-08-03 16:04:53,+7 (955) 446-91-79,yandex,cpc,,0
mk-000615,form,2026-08-03 16:17:29,9111972206,yandex,cpc,,0
mk-002569,form,2026-08-03 16:25:32,+79672943152,yandex,cpc,,0
mk-000779,call,2026-08-03 16:28:30,+79120852324,2gis,referral,76,0
mk-001570,form,2026-08-03 16:47:47,7-978-650-36-26,yandex,cpc,,0
mk-001312,form,2026-08-03 17:08:24,+79682232337,vk,cpc,,0
mk-002389,form,2026-08-03 17:13:35,+7 (991) 241-01-61,2gis,referral,,0
mk-001456,form,2026-08-03 17:22:40,7-927-601-29-78,yandex,cpc,,0
mk-002541,form,2026-08-03 17:36:06,89935418459,vk,cpc,,0
mk-000623,form,2026-08-03 17:54:20,+79185045684,vk,cpc,,0
mk-000697,form,2026-08-03 18:29:26,89785867472,2gis,referral,,0
mk-000239,form,2026-08-03 19:25:01,7-962-738-44-01,vk,cpc,,0
mk-003023,form,2026-08-04 04:48:06,+7 (994) 300-83-59,yandex,cpc,,0
mk-001133,form,2026-08-04 05:34:22,7-970-930-75-63,2gis,referral,,0
mk-001134,form,2026-08-04 05:35:59,89709307563,2gis,referral,,0
mk-001135,form,2026-08-04 05:41:40,89709307563,2gis,referral,,0
mk-002486,form,2026-08-04 06:20:57,8(935)0727192,yandex,cpc,,0
mk-003191,call,2026-08-04 06:33:02,+79467888745,yandex_maps,organic,304,0
mk-000629,call,2026-08-04 07:02:29,+79359377993,yandex_maps,organic,221,0
mk-000550,call,2026-08-04 07:32:56,+79085299300,(direct),(none),361,0
mk-001421,call,2026-08-04 07:52:49,+79328371701,2gis,referral,94,0
mk-002724,call,2026-08-04 07:58:52,+79194137488,yandex,cpc,493,0
mk-000097,call,2026-08-04 08:07:55,+79546203887,yandex_maps,organic,252,0
mk-001142,call,2026-08-04 08:09:45,+79784393283,yandex_maps,organic,204,0
mk-001036,call,2026-08-04 08:12:47,+79137776156,yandex_maps,organic,332,0
mk-002080,call,2026-08-04 08:13:50,+79246594554,google,organic,486,0
mk-001853,form,2026-08-04 08:21:41,8 908 605 75 12,vk,cpc,,0
mk-000302,call,2026-08-04 08:49:33,+79867057074,google,organic,342,0
mk-001420,call,2026-08-04 08:53:52,+79687215834,(direct),(none),424,0
mk-000413,call,2026-08-04 09:05:03,+79341668690,vk,cpc,334,0
mk-000496,call,2026-08-04 09:22:06,+79805818209,(direct),(none),468,0
mk-001141,call,2026-08-04 09:46:45,+79784393283,yandex_maps,organic,324,0
mk-001636,call,2026-08-04 09:51:17,+79631427652,google,organic,413,0
mk-003226,form,2026-08-04 09:55:00,9990000001,test,qa,,0
mk-002307,call,2026-08-04 10:00:16,+79104683546,yandex_maps,organic,332,0
mk-001035,form,2026-08-04 10:18:55,+7 (904) 533-52-24,yandex,cpc,,0
mk-002738,call,2026-08-04 10:23:00,+79226960260,2gis,referral,566,0
mk-002281,call,2026-08-04 10:32:56,+79069969738,yandex,cpc,545,0
mk-001206,call,2026-08-04 10:36:07,+79566305221,yandex_maps,organic,442,0
mk-001265,call,2026-08-04 10:36:27,+79973831086,(direct),(none),395,0
mk-001031,form,2026-08-04 10:38:15,89003563662,yandex,cpc,,0
mk-002410,call,2026-08-04 10:40:26,+79085472033,(direct),(none),109,0
mk-000186,call,2026-08-04 10:44:03,+79968691061,yandex_maps,organic,524,0
mk-000617,call,2026-08-04 10:59:20,+79971440319,yandex,cpc,203,0
mk-002637,call,2026-08-04 11:03:25,+79721827984,(direct),(none),196,0
mk-002452,call,2026-08-04 11:25:41,+79366786571,2gis,referral,569,0
mk-001843,form,2026-08-04 11:40:07,8(938)9112796,google,organic,,0
mk-001844,form,2026-08-04 11:41:49,89389112796,google,organic,,0
mk-001845,form,2026-08-04 11:43:29,7-938-911-27-96,google,organic,,0
mk-000901,call,2026-08-04 11:55:18,+79810910866,vk,cpc,433,0
mk-002858,call,2026-08-04 12:01:53,+79613817197,yandex,cpc,285,0
mk-000887,call,2026-08-04 12:12:17,+79605499639,yandex,cpc,200,0
mk-002336,form,2026-08-04 12:30:58,89724005265,2gis,referral,,0
mk-000167,call,2026-08-04 12:31:10,+79376477306,(direct),(none),149,0
mk-001641,form,2026-08-04 12:57:08,8(989)0560796,yandex,cpc,,0
mk-002176,call,2026-08-04 13:02:56,+79875658729,(direct),(none),330,0
mk-000338,call,2026-08-04 13:04:33,+79528397041,yandex,cpc,388,0
mk-000874,form,2026-08-04 13:06:45,8(992)4998325,yandex,cpc,,0
mk-001168,call,2026-08-04 13:08:53,+79034201030,yandex,cpc,536,0
mk-002747,form,2026-08-04 13:13:07,7-984-641-79-47,vk,cpc,,0
mk-001399,form,2026-08-04 13:24:40,+7 (995) 155-19-02,2gis,referral,,0
mk-001682,call,2026-08-04 13:30:31,+79044737412,2gis,referral,1,1
mk-000775,form,2026-08-04 13:45:36,89662987118,google,organic,,0
mk-002254,call,2026-08-04 13:50:18,+79922157887,yandex,cpc,154,0
mk-000827,call,2026-08-04 14:10:20,+79087432235,yandex,cpc,189,0
mk-000416,form,2026-08-04 14:33:43,8(955)3476723,vk,cpc,,0
mk-002463,call,2026-08-04 14:53:42,+79926012686,yandex_maps,organic,77,0
mk-000612,call,2026-08-04 15:09:34,+79586686373,2gis,referral,177,0
mk-003064,call,2026-08-04 15:10:09,+79130973347,yandex,cpc,262,0
mk-002567,call,2026-08-04 15:12:00,+79781659693,2gis,referral,331,0
mk-001464,call,2026-08-04 15:16:18,+79527074681,2gis,referral,523,0
mk-000126,call,2026-08-04 15:17:17,+79054886273,yandex_maps,organic,460,0
mk-000703,form,2026-08-04 15:18:16,9215916676,yandex_maps,organic,,0
mk-001631,form,2026-08-04 15:19:21,8 996 168 86 26,vk,cpc,,0
mk-000534,form,2026-08-04 15:37:01,+79758031609,yandex,cpc,,0
mk-002921,call,2026-08-04 15:44:39,+79980753121,(direct),(none),292,0
mk-003137,form,2026-08-04 15:46:18,+79235541686,google,organic,,0
mk-001101,call,2026-08-04 15:52:18,+79710367369,yandex,cpc,58,0
mk-002899,form,2026-08-04 16:40:02,7-998-932-14-53,2gis,referral,,0
mk-001314,form,2026-08-04 16:42:58,89170507672,yandex,cpc,,0
mk-002886,form,2026-08-04 16:47:58,8(964)6635492,yandex,cpc,,0
mk-002580,call,2026-08-04 16:49:31,+79375318078,google,organic,433,0
mk-001661,form,2026-08-04 18:24:28,9645095488,yandex,cpc,,0
mk-001662,form,2026-08-04 18:30:13,89645095488,yandex,cpc,,0
mk-002760,form,2026-08-04 19:01:22,9508388413,google,organic,,0
mk-002373,form,2026-08-04 19:09:24,+7 (918) 673-12-28,google,organic,,0
mk-002794,form,2026-08-04 19:30:58,89186807263,yandex,cpc,,0
mk-002296,form,2026-08-04 19:31:59,8(965)9575102,yandex,cpc,,0
mk-002795,form,2026-08-04 19:35:43,8(918)6807263,yandex,cpc,,0
mk-002796,form,2026-08-04 19:38:24,89186807263,yandex,cpc,,0
mk-000315,form,2026-08-04 19:38:41,8(944)2543923,google,organic,,0
mk-002031,form,2026-08-04 19:48:20,8(905)6717092,google,organic,,0
mk-001108,form,2026-08-04 20:06:43,+79064201492,yandex,cpc,,0
mk-001153,form,2026-08-04 20:25:11,9662611351,yandex,cpc,,0
mk-000304,form,2026-08-05 00:51:49,9801755758,yandex,cpc,,0
mk-000305,form,2026-08-05 00:53:05,+79801755758,yandex,cpc,,0
mk-001303,form,2026-08-05 01:58:45,7-933-784-84-37,vk,cpc,,0
mk-002773,form,2026-08-05 02:22:30,8(984)1794999,yandex,cpc,,0
mk-002774,form,2026-08-05 02:25:10,7-984-179-49-99,yandex,cpc,,0
mk-000572,form,2026-08-05 02:26:34,8(989)3759956,yandex,cpc,,0
mk-003126,form,2026-08-05 03:05:41,+79411961331,yandex,cpc,,0
mk-000425,form,2026-08-05 03:35:07,8(967)8682967,vk,cpc,,0
mk-001731,form,2026-08-05 05:16:17,8 995 263 17 75,yandex,cpc,,0
mk-001732,form,2026-08-05 05:19:58,89952631775,yandex,cpc,,0
mk-001284,call,2026-08-05 06:05:46,+79015960575,(direct),(none),394,0
mk-001179,form,2026-08-05 06:10:09,7-979-637-93-47,vk,cpc,,0
mk-001048,call,2026-08-05 06:17:43,+79983188115,(direct),(none),556,0
mk-001624,call,2026-08-05 07:03:43,+79584426096,2gis,referral,341,0
mk-000649,form,2026-08-05 07:10:57,8 960 951 77 45,2gis,referral,,0
mk-002059,call,2026-08-05 07:22:52,+79377113904,(direct),(none),168,0
mk-000115,call,2026-08-05 07:22:59,+79520921309,yandex,cpc,138,0
mk-001487,call,2026-08-05 07:25:35,+79294655870,2gis,referral,293,0
mk-000987,call,2026-08-05 07:43:10,+79745277384,google,organic,263,0
mk-002831,call,2026-08-05 07:58:04,+79641955959,(direct),(none),369,0
mk-001024,call,2026-08-05 07:59:03,+79354733271,yandex_maps,organic,517,0
mk-000871,form,2026-08-05 08:34:21,8 908 268 70 13,google,organic,,0
mk-001154,call,2026-08-05 08:35:52,+79648492313,2gis,referral,284,0
mk-001347,call,2026-08-05 08:40:19,+79103409318,yandex_maps,organic,215,0
mk-002924,form,2026-08-05 09:04:53,+7 (901) 225-30-16,yandex,cpc,,0
mk-002925,form,2026-08-05 09:09:26,8(901)2253016,yandex,cpc,,0
mk-000116,call,2026-08-05 09:37:38,+79010503948,yandex_maps,organic,270,0
mk-000404,call,2026-08-05 09:38:43,+79177554357,yandex,cpc,267,0
mk-002403,call,2026-08-05 09:42:22,+79292235937,yandex,cpc,198,0
mk-002231,form,2026-08-05 09:43:44,7-934-640-66-11,2gis,referral,,0
mk-003173,call,2026-08-05 09:46:52,+79015976343,2gis,referral,0,1
mk-000343,call,2026-08-05 09:55:19,+79276349666,(direct),(none),53,0
mk-003025,call,2026-08-05 10:03:59,+79387010089,google,organic,0,1
mk-002793,call,2026-08-05 10:06:50,+79310160828,(direct),(none),7,1
mk-002546,call,2026-08-05 10:12:32,+79985904917,yandex_maps,organic,294,0
mk-001166,call,2026-08-05 10:13:57,+79507045722,yandex,cpc,574,0
mk-002716,call,2026-08-05 10:18:36,+79601537460,yandex,cpc,368,0
mk-000637,call,2026-08-05 10:34:56,+79533885790,vk,cpc,511,0
mk-000823,call,2026-08-05 10:44:15,+79919787127,vk,cpc,3,1
mk-002260,call,2026-08-05 10:47:05,+79534819999,(direct),(none),590,0
mk-002072,call,2026-08-05 10:54:14,+79830304540,google,organic,336,0
mk-001890,call,2026-08-05 11:04:30,+79339621670,2gis,referral,114,0
mk-002526,call,2026-08-05 11:04:46,+79022722045,vk,cpc,214,0
mk-001453,call,2026-08-05 11:12:15,+79701943471,2gis,referral,404,0
mk-001638,call,2026-08-05 11:20:08,+79439551252,2gis,referral,572,0
mk-002620,call,2026-08-05 11:22:21,+79720459406,(direct),(none),420,0
mk-000299,call,2026-08-05 11:28:15,+79275384884,google,organic,121,0
mk-002062,call,2026-08-05 12:12:45,+79503262535,google,organic,94,0
mk-002652,call,2026-08-05 12:12:53,+79563938430,yandex,cpc,245,0
mk-001596,call,2026-08-05 12:18:33,+79464899545,2gis,referral,196,0
mk-000863,call,2026-08-05 12:20:28,+79941262001,vk,cpc,376,0
mk-000366,form,2026-08-05 12:28:58,8 955 536 29 68,yandex_maps,organic,,0
mk-000693,call,2026-08-05 12:31:52,+79130005091,yandex,cpc,169,0
mk-000353,call,2026-08-05 12:45:21,+79479390819,(direct),(none),127,0
mk-002803,call,2026-08-05 13:09:12,+79641903853,google,organic,582,0
mk-001764,form,2026-08-05 13:11:44,8(939)3224935,yandex,cpc,,0
mk-002792,call,2026-08-05 13:12:08,+79344840789,(direct),(none),594,0
mk-001250,call,2026-08-05 14:00:53,+79708786864,2gis,referral,551,0
mk-002327,form,2026-08-05 14:13:48,89256337221,vk,cpc,,0
mk-002657,call,2026-08-05 14:30:41,+79573544025,2gis,referral,238,0
mk-002100,call,2026-08-05 14:41:16,+79368902666,yandex,cpc,229,0
mk-003194,form,2026-08-05 14:46:22,8 936 555 96 61,2gis,referral,,0
mk-002917,call,2026-08-05 14:53:03,+79848949999,google,organic,367,0
mk-002122,call,2026-08-05 14:54:24,+79699114346,(direct),(none),512,0
mk-000728,call,2026-08-05 14:55:56,+79484110299,yandex,cpc,449,0
mk-001906,call,2026-08-05 14:57:08,+79566308909,google,organic,571,0
mk-000013,call,2026-08-05 14:59:04,+79695173005,2gis,referral,9,1
mk-003089,call,2026-08-05 15:00:47,+79645892040,google,organic,243,0
mk-003022,call,2026-08-05 15:03:52,+79500637850,yandex_maps,organic,422,0
mk-002487,call,2026-08-05 15:05:23,+79751887995,yandex_maps,organic,428,0
mk-001708,call,2026-08-05 15:11:47,+79873310846,(direct),(none),56,0
mk-001485,call,2026-08-05 15:12:28,+79076148082,yandex,cpc,388,0
mk-000711,call,2026-08-05 15:13:08,+79039591806,(direct),(none),260,0
mk-003210,form,2026-08-05 15:18:16,+7 (962) 724-72-39,yandex,cpc,,0
mk-003116,call,2026-08-05 15:58:16,+79632638146,yandex_maps,organic,210,0
mk-001033,form,2026-08-05 16:00:35,+79550699412,yandex,cpc,,0
mk-002094,form,2026-08-05 16:02:25,9318735876,yandex,cpc,,0
mk-001573,form,2026-08-05 16:12:57,+7 (920) 475-83-55,yandex,cpc,,0
mk-002734,form,2026-08-05 16:17:46,8(992)4240090,yandex,cpc,,0
mk-001946,form,2026-08-05 16:27:40,7-921-671-92-82,(direct),(none),,0
mk-001881,form,2026-08-05 17:06:21,+7 (906) 311-09-89,yandex,cpc,,0
mk-000929,form,2026-08-05 17:15:35,8 918 840 80 88,yandex,cpc,,0
mk-000930,form,2026-08-05 17:20:32,+79188408088,yandex,cpc,,0
mk-001963,form,2026-08-05 17:21:27,9735431361,yandex,cpc,,0
mk-001964,form,2026-08-05 17:25:15,9735431361,yandex,cpc,,0
mk-001159,form,2026-08-05 17:29:37,89099732330,vk,cpc,,0
mk-001972,form,2026-08-05 17:53:43,8 997 163 96 06,vk,cpc,,0
mk-000897,form,2026-08-05 18:31:49,8(955)0712882,yandex,cpc,,0
mk-000622,form,2026-08-05 19:06:18,+79979605979,vk,cpc,,0
mk-000511,form,2026-08-05 19:17:35,89935234024,yandex,cpc,,0
mk-000512,form,2026-08-05 19:19:43,7-993-523-40-24,yandex,cpc,,0
mk-002982,form,2026-08-05 19:21:26,+79150240107,yandex,cpc,,0
mk-000513,form,2026-08-05 19:25:24,8(993)5234024,yandex,cpc,,0
mk-000459,form,2026-08-05 19:47:01,9365087713,yandex,cpc,,0
mk-003101,form,2026-08-05 20:35:37,89756391526,yandex,cpc,,0
mk-002842,form,2026-08-05 22:23:22,8(959)0875242,yandex,cpc,,0
mk-001198,form,2026-08-05 22:41:00,9495589984,yandex,cpc,,0
mk-001080,form,2026-08-06 00:47:00,+7 (991) 262-47-88,yandex_maps,organic,,0
mk-001427,form,2026-08-06 01:43:27,89099070612,vk,cpc,,0
mk-002006,form,2026-08-06 02:23:00,7-960-733-47-93,vk,cpc,,0
mk-000187,form,2026-08-06 03:36:30,+79859012477,google,organic,,0
mk-002408,form,2026-08-06 04:45:48,7-936-899-92-64,google,organic,,0
mk-001062,form,2026-08-06 06:00:26,9830103401,vk,cpc,,0
mk-001434,call,2026-08-06 06:14:10,+79967901771,google,organic,404,0
mk-003026,call,2026-08-06 06:19:59,+79387010089,google,organic,340,0
mk-003237,form,2026-08-06 07:06:00,+7 (999) 000-00-00,test,qa,,0
mk-002854,call,2026-08-06 07:10:15,+79747575408,2gis,referral,61,0
mk-001338,call,2026-08-06 07:12:05,+79155951414,yandex_maps,organic,1,1
mk-000714,form,2026-08-06 07:13:08,8 903 959 18 06,(direct),(none),,0
mk-003120,call,2026-08-06 07:13:52,+79841591258,yandex,cpc,547,0
mk-000317,call,2026-08-06 07:18:36,+79257722564,2gis,referral,346,0
mk-001663,call,2026-08-06 07:24:28,+79645095488,yandex,cpc,283,0
mk-001235,form,2026-08-06 07:25:47,+7 (907) 976-00-45,google,organic,,0
mk-003223,form,2026-08-06 07:33:00,7-999-000-00-00,test,qa,,0
mk-000795,form,2026-08-06 07:36:51,+7 (983) 452-44-03,google,organic,,0
mk-000859,call,2026-08-06 07:38:30,+79308396522,(direct),(none),278,0
mk-000283,call,2026-08-06 08:07:16,+79818987031,(direct),(none),108,0
mk-002213,call,2026-08-06 08:09:12,+79857604757,(direct),(none),7,1
mk-000805,call,2026-08-06 08:14:04,+79321526635,2gis,referral,305,0
mk-003105,call,2026-08-06 08:18:58,+79669015779,(direct),(none),574,0
mk-002533,call,2026-08-06 08:29:03,+79265990201,yandex_maps,organic,8,1
mk-000609,call,2026-08-06 08:32:20,+79128464750,google,organic,478,0
mk-001756,form,2026-08-06 08:39:37,89379050557,vk,cpc,,0
mk-000521,form,2026-08-06 08:45:24,89944395115,vk,cpc,,0
mk-002003,form,2026-08-06 08:52:47,+79137283531,yandex,cpc,,0
mk-000336,call,2026-08-06 09:01:08,+79738355601,(direct),(none),512,0
mk-001422,call,2026-08-06 09:15:49,+79328371701,2gis,referral,60,0
mk-002157,call,2026-08-06 09:19:05,+79376824234,yandex,cpc,541,0
mk-000004,form,2026-08-06 09:27:56,9690170988,2gis,referral,,0
mk-001855,call,2026-08-06 09:33:54,+79461409653,(direct),(none),272,0
mk-002953,call,2026-08-06 09:34:57,+79532488199,(direct),(none),594,0
mk-002837,form,2026-08-06 09:39:17,8(920)6939128,yandex,cpc,,0
mk-002280,call,2026-08-06 09:41:10,+79033445270,2gis,referral,3,1
mk-000776,call,2026-08-06 09:45:36,+79662987118,google,organic,517,0
mk-000052,call,2026-08-06 09:52:04,+79696424779,google,organic,143,0
mk-002263,call,2026-08-06 09:56:33,+79699855160,google,organic,554,0
mk-001047,call,2026-08-06 10:05:10,+79998107672,yandex_maps,organic,138,0
mk-002926,call,2026-08-06 10:06:33,+79655112394,2gis,referral,95,0
mk-002464,call,2026-08-06 10:13:42,+79926012686,yandex_maps,organic,329,0
mk-002604,call,2026-08-06 10:13:45,+79467489936,(direct),(none),46,0
mk-002041,call,2026-08-06 10:15:40,+79218147380,yandex,cpc,95,0
mk-001935,form,2026-08-06 10:16:56,89990839113,yandex,cpc,,0
mk-000383,call,2026-08-06 10:19:54,+79996132585,(direct),(none),274,0
mk-000840,call,2026-08-06 10:29:55,+79778969922,yandex,cpc,566,0
mk-000049,form,2026-08-06 10:31:57,8(949)0592583,yandex_maps,organic,,0
mk-001391,call,2026-08-06 10:43:48,+79317441898,yandex_maps,organic,461,0
mk-002437,call,2026-08-06 10:58:33,+79817994690,yandex_maps,organic,0,1
mk-001559,call,2026-08-06 11:29:19,+79049323010,vk,cpc,161,0
mk-002135,form,2026-08-06 11:43:45,7-939-365-67-96,yandex,cpc,,0
mk-000202,call,2026-08-06 11:46:18,+79470795470,yandex,cpc,431,0
mk-002183,call,2026-08-06 11:59:20,+79653646296,(direct),(none),278,0
mk-001936,call,2026-08-06 12:06:04,+79242121099,google,organic,196,0
mk-001973,call,2026-08-06 12:26:40,+79076694077,yandex_maps,organic,97,0
mk-000508,call,2026-08-06 12:33:52,+79133875065,2gis,referral,345,0
mk-001310,call,2026-08-06 12:43:20,+79056092198,2gis,referral,42,0
mk-002839,form,2026-08-06 12:46:24,89802285791,2gis,referral,,0
mk-002382,form,2026-08-06 12:53:59,8 955 346 02 15,google,organic,,0
mk-001304,call,2026-08-06 13:14:57,+79857960312,2gis,referral,458,0
mk-002655,form,2026-08-06 13:29:23,+7 (920) 575-14-78,yandex,cpc,,0
mk-000232,call,2026-08-06 13:38:22,+79109164596,yandex,cpc,352,0
mk-002338,call,2026-08-06 13:49:46,+79607471926,vk,cpc,3,1
mk-002662,call,2026-08-06 13:50:50,+79365516624,vk,cpc,317,0
mk-001043,call,2026-08-06 13:51:38,+79794138022,2gis,referral,189,0
mk-003117,call,2026-08-06 14:00:46,+79910371420,yandex_maps,organic,113,0
mk-001959,call,2026-08-06 14:02:22,+79614425255,(direct),(none),4,1
mk-000879,form,2026-08-06 14:26:13,+79590756301,yandex,cpc,,0
mk-000880,form,2026-08-06 14:30:38,8(959)0756301,yandex,cpc,,0
mk-002909,call,2026-08-06 14:34:39,+79568621805,vk,cpc,70,0
mk-002201,call,2026-08-06 14:34:48,+79308174578,yandex,cpc,83,0
mk-000881,form,2026-08-06 14:36:20,8 959 075 63 01,yandex,cpc,,0
mk-001411,form,2026-08-06 14:38:01,8 919 248 03 09,yandex,cpc,,0
mk-002104,call,2026-08-06 14:38:54,+79908963706,2gis,referral,290,0
mk-000290,form,2026-08-06 14:44:06,89951459209,vk,cpc,,0
mk-003230,form,2026-08-06 14:47:00,9000000000,test,qa,,0
mk-002629,call,2026-08-06 14:49:31,+79020216413,yandex_maps,organic,226,0
mk-000412,call,2026-08-06 14:53:03,+79341668690,vk,cpc,145,0
mk-000209,call,2026-08-06 15:04:11,+79821372105,yandex,cpc,113,0
mk-000144,call,2026-08-06 15:24:14,+79563948408,yandex_maps,organic,191,0
mk-001287,call,2026-08-06 15:57:48,+79938352651,yandex_maps,organic,187,0
mk-002460,form,2026-08-06 15:58:35,89226414975,google,organic,,0
mk-002931,call,2026-08-06 16:04:53,+79551633300,google,organic,128,0
mk-003065,call,2026-08-06 16:19:09,+79130973347,yandex,cpc,226,0
mk-003069,call,2026-08-06 16:46:25,+79497830313,yandex,cpc,148,0
mk-000142,form,2026-08-06 18:19:32,8(970)8808252,yandex,cpc,,0
mk-000143,form,2026-08-06 18:25:21,9708808252,yandex,cpc,,0
mk-002627,form,2026-08-06 18:26:40,89686286224,yandex,cpc,,0
mk-001438,form,2026-08-06 19:29:27,7-926-564-73-52,vk,cpc,,0
mk-002013,form,2026-08-06 19:29:59,+79369173921,vk,cpc,,0
mk-002014,form,2026-08-06 19:35:46,+7 (936) 917-39-21,vk,cpc,,0
mk-001472,form,2026-08-06 21:22:52,7-969-676-41-29,(direct),(none),,0
mk-000237,form,2026-08-07 01:16:14,89064290643,yandex,cpc,,0
mk-000238,form,2026-08-07 01:20:24,9064290643,yandex,cpc,,0
mk-000983,form,2026-08-07 02:19:44,7-937-245-76-60,vk,cpc,,0
mk-001949,form,2026-08-07 04:47:52,+79633871902,google,organic,,0
mk-001687,form,2026-08-07 05:08:08,8(909)1280243,yandex,cpc,,0
mk-001405,call,2026-08-07 06:02:58,+79297824817,google,organic,592,0
mk-001424,form,2026-08-07 06:09:02,89161627548,yandex,cpc,,0
mk-000713,call,2026-08-07 06:24:08,+79039591806,(direct),(none),223,0
mk-000160,form,2026-08-07 06:52:36,89488633844,google,organic,,0
mk-002799,form,2026-08-07 06:53:56,+7 (942) 175-89-70,yandex,cpc,,0
mk-002955,call,2026-08-07 06:53:57,+79532488199,(direct),(none),215,0
mk-001034,call,2026-08-07 07:00:35,+79550699412,yandex,cpc,4,1
mk-000831,call,2026-08-07 07:25:18,+79483022590,google,organic,104,0
mk-000094,call,2026-08-07 07:48:46,+79776069928,yandex,cpc,89,0
mk-001231,call,2026-08-07 07:51:41,+79009141216,2gis,referral,267,0
mk-001238,call,2026-08-07 07:55:00,+79832255608,(direct),(none),571,0
mk-002986,call,2026-08-07 07:58:27,+79821446735,yandex,cpc,380,0
mk-002826,form,2026-08-07 07:59:22,8 992 081 29 42,yandex,cpc,,0
mk-000677,call,2026-08-07 07:59:27,+79542706617,google,organic,238,0
mk-002928,call,2026-08-07 08:00:16,+79933172819,2gis,referral,183,0
mk-002752,call,2026-08-07 08:01:14,+79119333041,google,organic,160,0
mk-002766,call,2026-08-07 08:17:23,+79677704788,2gis,referral,295,0
mk-002081,call,2026-08-07 08:34:45,+79005341090,(direct),(none),448,0
mk-000314,form,2026-08-07 08:37:22,9994615170,vk,cpc,,0
mk-002326,call,2026-08-07 08:46:36,+79231351783,google,organic,394,0
mk-002958,form,2026-08-07 08:56:45,8(944)9304954,vk,cpc,,0
mk-000834,call,2026-08-07 09:08:21,+79904989091,2gis,referral,5,1
mk-000685,call,2026-08-07 09:11:28,+79821277197,yandex,cpc,537,0
mk-000345,call,2026-08-07 09:13:23,+79997990219,google,organic,424,0
mk-000824,call,2026-08-07 09:24:15,+79919787127,vk,cpc,193,0
mk-002590,call,2026-08-07 09:28:10,+79689474598,yandex,cpc,473,0
mk-003148,call,2026-08-07 10:05:31,+79984539391,2gis,referral,145,0
mk-002730,call,2026-08-07 10:16:09,+79802338957,yandex_maps,organic,155,0
mk-001189,call,2026-08-07 10:23:17,+79718061317,2gis,referral,132,0
mk-000350,form,2026-08-07 10:37:06,8(901)0499159,google,organic,,0
mk-001736,call,2026-08-07 10:45:33,+79984232322,google,organic,533,0
mk-002061,call,2026-08-07 10:47:58,+79237862850,(direct),(none),61,0
mk-002018,call,2026-08-07 10:48:10,+79910365302,yandex,cpc,4,1
mk-002581,call,2026-08-07 11:14:31,+79375318078,google,organic,121,0
mk-002777,call,2026-08-07 11:22:53,+79515419503,(direct),(none),168,0
mk-002404,call,2026-08-07 11:41:51,+79596388066,yandex,cpc,422,0
mk-001838,call,2026-08-07 11:52:27,+79113652635,yandex,cpc,6,1
mk-000544,call,2026-08-07 11:53:59,+79149206383,yandex_maps,organic,390,0
mk-000369,form,2026-08-07 12:05:53,8 929 703 97 42,yandex,cpc,,0
mk-002149,call,2026-08-07 12:07:15,+79090045773,yandex_maps,organic,497,0
mk-001432,call,2026-08-07 12:15:09,+79764639582,google,organic,122,0
mk-000036,call,2026-08-07 12:18:51,+79152562366,yandex,cpc,9,1
mk-000698,call,2026-08-07 12:26:06,+79269308033,yandex,cpc,7,1
mk-001581,call,2026-08-07 12:32:17,+79559594311,google,organic,591,0
mk-001738,form,2026-08-07 13:00:30,89949935127,(direct),(none),,0
mk-002105,call,2026-08-07 13:00:53,+79282082743,yandex,cpc,524,0
mk-003119,call,2026-08-07 13:10:08,+79987203177,(direct),(none),420,0
mk-000048,call,2026-08-07 13:14:57,+79490592583,yandex_maps,organic,82,0
mk-000592,call,2026-08-07 13:35:38,+79836051862,2gis,referral,567,0
mk-001477,call,2026-08-07 13:40:53,+79183635511,yandex_maps,organic,266,0
mk-001301,call,2026-08-07 13:41:54,+79449689631,2gis,referral,265,0
mk-002835,call,2026-08-07 13:44:10,+79622746639,2gis,referral,5,1
mk-000868,call,2026-08-07 13:50:38,+79863154667,yandex,cpc,202,0
mk-002223,form,2026-08-07 13:58:04,7-901-988-57-18,vk,cpc,,0
mk-001124,call,2026-08-07 14:47:20,+79935518201,2gis,referral,147,0
mk-002519,call,2026-08-07 14:48:10,+79839429510,yandex,cpc,6,1
mk-002032,call,2026-08-07 14:48:20,+79056717092,google,organic,517,0
mk-000208,call,2026-08-07 14:52:59,+79722177530,yandex,cpc,242,0
mk-002841,form,2026-08-07 14:53:43,+79766514636,yandex,cpc,,0
mk-001794,call,2026-08-07 14:54:29,+79966896512,yandex,cpc,507,0
mk-000272,call,2026-08-07 14:56:56,+79312532972,yandex,cpc,465,0
mk-000721,call,2026-08-07 14:58:29,+79991175346,vk,cpc,0,1
mk-001994,call,2026-08-07 15:09:14,+79127007652,yandex_maps,organic,176,0
mk-000630,call,2026-08-07 15:39:41,+79374191996,google,organic,74,0
mk-002270,call,2026-08-07 15:45:17,+79728024339,yandex_maps,organic,501,0
mk-002645,call,2026-08-07 15:46:42,+79434482975,yandex_maps,organic,105,0
mk-002855,call,2026-08-07 16:01:15,+79747575408,2gis,referral,297,0
mk-002699,form,2026-08-07 16:21:13,+79117333910,vk,cpc,,0
mk-002856,call,2026-08-07 16:42:15,+79747575408,2gis,referral,199,0
mk-001584,form,2026-08-07 17:28:35,+7 (957) 775-63-09,yandex,cpc,,0
mk-001585,form,2026-08-07 17:31:27,89577756309,yandex,cpc,,0
mk-000442,form,2026-08-07 18:16:43,89902521889,google,organic,,0
mk-000106,form,2026-08-07 18:20:05,+79887559084,yandex,cpc,,0
mk-000200,form,2026-08-07 18:55:25,+7 (997) 141-41-48,google,organic,,0
mk-001876,form,2026-08-07 19:13:22,+7 (999) 978-77-39,google,organic,,0
mk-003189,form,2026-08-07 19:34:10,7-993-173-60-64,yandex,cpc,,0
mk-000296,form,2026-08-07 20:19:56,+7 (974) 610-29-04,yandex,cpc,,0
mk-000297,form,2026-08-07 20:21:52,+79746102904,yandex,cpc,,0
mk-001992,form,2026-08-08 01:14:30,+7 (992) 782-16-86,yandex,cpc,,0
mk-000767,form,2026-08-08 02:02:55,9175011859,google,organic,,0
mk-001050,form,2026-08-08 02:11:48,89722358738,vk,cpc,,0
mk-000104,form,2026-08-08 02:22:42,+7 (912) 251-50-16,google,organic,,0
mk-002351,form,2026-08-08 02:54:31,+7 (947) 761-14-41,vk,cpc,,0
mk-001365,form,2026-08-08 05:28:33,89518340123,yandex,cpc,,0
mk-002091,form,2026-08-08 06:10:31,8 924 740 84 27,yandex,cpc,,0
mk-000725,call,2026-08-08 06:15:13,+79485635416,(direct),(none),155,0
mk-003115,call,2026-08-08 06:19:53,+79366793754,(direct),(none),529,0
mk-001793,call,2026-08-08 06:22:48,+79957167425,(direct),(none),131,0
mk-000558,call,2026-08-08 06:26:30,+79657353152,2gis,referral,125,0
mk-002330,call,2026-08-08 06:49:02,+79890844348,yandex_maps,organic,421,0
mk-000423,form,2026-08-08 07:14:34,7-965-123-72-64,yandex,cpc,,0
mk-001319,call,2026-08-08 07:23:09,+79261650654,(direct),(none),357,0
mk-002677,call,2026-08-08 07:36:03,+79862488298,yandex_maps,organic,459,0
mk-000269,call,2026-08-08 07:40:51,+79770202963,(direct),(none),518,0
mk-001899,call,2026-08-08 07:58:04,+79466032420,google,organic,525,0
mk-001735,call,2026-08-08 08:12:38,+79378625425,vk,cpc,6,1
mk-001201,form,2026-08-08 08:30:53,89881961826,2gis,referral,,0
mk-000185,call,2026-08-08 08:37:32,+79809167054,yandex,cpc,236,0
mk-002980,call,2026-08-08 08:48:35,+79767700200,google,organic,562,0
mk-000060,call,2026-08-08 08:49:16,+79905062700,(direct),(none),88,0
mk-001861,call,2026-08-08 08:51:48,+79820004437,google,organic,408,0
mk-001044,call,2026-08-08 08:57:38,+79794138022,2gis,referral,284,0
mk-000811,form,2026-08-08 08:58:45,9662796963,yandex,cpc,,0
mk-003079,call,2026-08-08 08:59:27,+79070044750,google,organic,190,0
mk-000812,form,2026-08-08 09:03:10,+7 (966) 279-69-63,yandex,cpc,,0
mk-000006,call,2026-08-08 09:16:52,+79276848683,yandex_maps,organic,380,0
mk-002992,form,2026-08-08 09:41:09,+7 (992) 009-09-96,google,organic,,0
mk-001674,form,2026-08-08 09:46:20,+79913207202,yandex,cpc,,0
mk-002443,call,2026-08-08 09:57:07,+79310266644,(direct),(none),110,0
mk-002901,call,2026-08-08 10:22:04,+79391899151,yandex,cpc,521,0
mk-002272,call,2026-08-08 10:32:52,+79530731554,yandex,cpc,155,0
mk-001205,form,2026-08-08 10:37:19,7-980-897-74-01,yandex,cpc,,0
mk-001966,call,2026-08-08 10:41:26,+79536223329,vk,cpc,398,0
mk-001878,call,2026-08-08 10:42:11,+79477035641,yandex_maps,organic,479,0
mk-003052,call,2026-08-08 10:44:19,+79967107093,yandex,cpc,478,0
mk-001079,call,2026-08-08 10:47:38,+79470822300,vk,cpc,127,0
mk-002532,call,2026-08-08 10:57:05,+79452057717,2gis,referral,193,0
mk-001180,form,2026-08-08 11:14:15,8 916 957 32 69,yandex,cpc,,0
mk-001830,form,2026-08-08 11:22:47,+79923315953,yandex,cpc,,0
mk-000267,form,2026-08-08 11:24:32,89624960583,yandex,cpc,,0
mk-000798,call,2026-08-08 11:24:43,+79222681162,vk,cpc,117,0
mk-001013,form,2026-08-08 11:38:27,8 905 001 18 81,google,organic,,0
mk-001523,call,2026-08-08 11:38:35,+79554119979,(direct),(none),2,1
mk-001014,form,2026-08-08 11:43:28,+79050011881,google,organic,,0
mk-001316,call,2026-08-08 11:48:55,+79068991204,google,organic,98,0
mk-000678,call,2026-08-08 11:48:57,+79273435237,2gis,referral,62,0
mk-000712,call,2026-08-08 11:54:08,+79039591806,(direct),(none),197,0
mk-001837,form,2026-08-08 12:06:16,8 934 120 81 13,yandex,cpc,,0
mk-000952,call,2026-08-08 12:07:09,+79203946144,(direct),(none),348,0
mk-001944,form,2026-08-08 12:08:47,+79527023480,yandex,cpc,,0
mk-002634,call,2026-08-08 12:35:45,+79264881225,yandex,cpc,4,1
mk-003225,form,2026-08-08 12:51:00,+7 (900) 000-00-00,test,qa,,0
mk-002764,call,2026-08-08 13:03:33,+79436197996,yandex,cpc,575,0
mk-003104,call,2026-08-08 13:19:29,+79237333197,google,organic,405,0
mk-000573,call,2026-08-08 13:26:34,+79893759956,yandex,cpc,40,0
mk-001611,call,2026-08-08 14:03:48,+79992558841,(direct),(none),236,0
mk-001865,form,2026-08-08 14:05:32,8(964)8771123,vk,cpc,,0
mk-002171,call,2026-08-08 14:07:24,+79741052403,2gis,referral,116,0
mk-000166,call,2026-08-08 14:34:21,+79559807396,yandex,cpc,290,0
mk-002557,call,2026-08-08 14:59:22,+79022919642,(direct),(none),357,0
mk-000037,call,2026-08-08 15:09:51,+79152562366,yandex,cpc,81,0
mk-000724,form,2026-08-08 15:22:56,8(983)1573904,yandex,cpc,,0
mk-001496,call,2026-08-08 15:54:54,+79967200545,(direct),(none),70,0
mk-001557,call,2026-08-08 16:19:12,+79483957277,google,organic,489,0
mk-002654,call,2026-08-08 16:22:53,+79563938430,yandex,cpc,142,0
mk-000201,form,2026-08-08 16:38:50,89740424032,google,organic,,0
mk-002503,call,2026-08-08 16:47:23,+79321313617,vk,cpc,224,0
mk-002784,form,2026-08-08 17:18:08,+79731914949,google,organic,,0
mk-001177,form,2026-08-08 17:42:24,7-965-550-73-58,vk,cpc,,0
mk-002421,form,2026-08-08 18:05:01,8(969)4740754,yandex,cpc,,0
mk-002211,form,2026-08-08 18:10:04,89137274946,vk,cpc,,0
mk-001404,form,2026-08-08 19:01:23,7-931-451-48-30,vk,cpc,,0
mk-001037,form,2026-08-08 19:35:38,89364510648,yandex,cpc,,0
mk-000206,form,2026-08-08 21:54:11,8 960 382 45 46,google,organic,,0
mk-000158,form,2026-08-08 22:14:07,8(980)5451439,(direct),(none),,0
mk-001232,form,2026-08-08 23:45:03,8 974 321 60 04,yandex,cpc,,0
mk-000661,form,2026-08-09 00:07:01,+7 (963) 885-59-48,yandex,cpc,,0
mk-002537,form,2026-08-09 00:23:54,7-977-076-19-63,google,organic,,0
mk-001118,form,2026-08-09 00:33:54,89239882039,google,organic,,0
mk-001768,form,2026-08-09 00:49:21,8(991)0149500,yandex,cpc,,0
mk-002477,form,2026-08-09 02:07:20,+79526060496,yandex,cpc,,0
mk-002809,form,2026-08-09 04:48:31,8(911)6041487,yandex,cpc,,0
mk-000616,call,2026-08-09 06:11:09,+79338975613,2gis,referral,473,0
mk-001406,call,2026-08-09 06:13:58,+79297824817,google,organic,137,0
mk-002990,call,2026-08-09 06:15:43,+79915781538,yandex_maps,organic,216,0
mk-000950,form,2026-08-09 06:17:58,7-948-733-52-14,vk,cpc,,0
mk-001893,call,2026-08-09 06:37:38,+79794984768,vk,cpc,103,0
mk-001102,form,2026-08-09 06:57:17,8(927)3187421,yandex,cpc,,0
mk-003215,form,2026-08-09 07:11:00,+79000000000,test,qa,,0
mk-001782,form,2026-08-09 07:11:32,8 933 995 46 70,yandex,cpc,,0
mk-001725,form,2026-08-09 07:13:50,7-946-290-58-69,yandex,cpc,,0
mk-002424,call,2026-08-09 07:20:34,+79894543561,yandex,cpc,0,1
mk-000591,form,2026-08-09 07:37:01,7-972-843-67-50,yandex,cpc,,0
mk-000804,call,2026-08-09 07:48:55,+79468302388,(direct),(none),3,1
mk-000447,call,2026-08-09 08:01:02,+79045283442,2gis,referral,9,1
mk-001222,call,2026-08-09 08:02:18,+79714365839,yandex,cpc,349,0
mk-002847,call,2026-08-09 08:11:40,+79909939802,yandex,cpc,265,0
mk-003057,call,2026-08-09 08:11:49,+79973008636,google,organic,307,0
mk-000560,call,2026-08-09 08:13:35,+79355686632,vk,cpc,230,0
mk-002126,call,2026-08-09 08:34:22,+79006154824,yandex_maps,organic,563,0
mk-002681,call,2026-08-09 09:04:11,+79983790020,yandex_maps,organic,494,0
mk-000739,call,2026-08-09 09:08:22,+79881668725,yandex_maps,organic,3,1
mk-002374,call,2026-08-09 09:09:24,+79186731228,google,organic,554,0
mk-002466,form,2026-08-09 09:20:12,89281895379,yandex,cpc,,0
mk-001883,call,2026-08-09 09:22:18,+79860327972,vk,cpc,367,0
mk-000869,call,2026-08-09 09:33:19,+79748263599,vk,cpc,206,0
mk-001728,form,2026-08-09 09:51:43,8 932 479 77 37,yandex,cpc,,0
mk-000421,call,2026-08-09 10:51:28,+79444601390,yandex_maps,organic,403,0
mk-000919,call,2026-08-09 10:58:15,+79747856489,2gis,referral,0,1
mk-000311,form,2026-08-09 10:59:31,7-977-998-03-51,yandex,cpc,,0
mk-000509,call,2026-08-09 11:04:52,+79133875065,2gis,referral,289,0
mk-001952,call,2026-08-09 11:13:10,+79787961497,google,organic,279,0
mk-000324,form,2026-08-09 11:13:29,9578723273,2gis,referral,,0
mk-002649,call,2026-08-09 11:14:53,+79502973415,vk,cpc,416,0
mk-001236,call,2026-08-09 11:25:47,+79079760045,google,organic,2,1
mk-001560,form,2026-08-09 11:29:19,8(904)9323010,vk,cpc,,0
mk-001561,form,2026-08-09 11:31:19,+79049323010,vk,cpc,,0
mk-001555,call,2026-08-09 11:53:47,+79478677333,(direct),(none),369,0
mk-001856,call,2026-08-09 12:20:54,+79546325770,vk,cpc,1,1
mk-002549,call,2026-08-09 12:48:17,+79468055653,google,organic,407,0
mk-000245,call,2026-08-09 12:50:37,+79213340296,vk,cpc,224,0
mk-001237,call,2026-08-09 13:09:14,+79012207352,yandex,cpc,189,0
mk-003213,form,2026-08-09 13:28:00,8(999)0000000,test,qa,,0
mk-003031,call,2026-08-09 13:51:41,+79677020551,(direct),(none),6,1
mk-001389,form,2026-08-09 13:52:06,+79212509870,vk,cpc,,0
mk-001087,form,2026-08-09 13:57:46,8 908 327 58 22,vk,cpc,,0
mk-001085,call,2026-08-09 14:16:59,+79899616305,2gis,referral,67,0
mk-000182,form,2026-08-09 14:19:16,+7 (925) 179-26-40,google,organic,,0
mk-001664,call,2026-08-09 14:24:02,+79485293835,google,organic,261,0
mk-002653,call,2026-08-09 14:26:53,+79563938430,yandex,cpc,334,0
mk-000059,call,2026-08-09 14:31:40,+79420584550,yandex_maps,organic,42,0
mk-000927,call,2026-08-09 14:36:07,+79612477259,vk,cpc,237,0
mk-002987,call,2026-08-09 14:59:27,+79821446735,yandex,cpc,143,0
mk-001586,call,2026-08-09 15:28:35,+79577756309,yandex,cpc,42,0
mk-001666,call,2026-08-09 15:46:07,+79100471412,google,organic,5,1
mk-001336,call,2026-08-09 15:48:17,+79592915229,(direct),(none),350,0
mk-001719,call,2026-08-09 15:53:54,+79798897676,yandex,cpc,132,0
mk-001847,call,2026-08-09 15:57:07,+79736081798,yandex,cpc,402,0
mk-000990,call,2026-08-09 16:03:37,+79386374879,google,organic,187,0
mk-000802,call,2026-08-09 16:15:31,+79599081070,yandex_maps,organic,1,1
mk-002731,call,2026-08-09 16:34:05,+79968785953,(direct),(none),302,0
mk-003054,call,2026-08-09 16:41:47,+79877592626,yandex_maps,organic,335,0
mk-001239,call,2026-08-09 16:54:00,+79832255608,(direct),(none),356,0
mk-002900,form,2026-08-09 17:17:37,+79678007433,google,organic,,0
mk-000689,form,2026-08-09 17:36:11,7-954-245-19-59,yandex,cpc,,0
mk-000690,form,2026-08-09 17:41:16,+79542451959,yandex,cpc,,0
mk-000691,form,2026-08-09 17:45:52,9542451959,yandex,cpc,,0
mk-000195,form,2026-08-09 17:47:40,+79797995238,google,organic,,0
mk-003149,form,2026-08-09 17:50:01,7-960-653-98-37,google,organic,,0
mk-003010,form,2026-08-09 18:38:08,89778850341,yandex,cpc,,0
mk-000062,form,2026-08-09 18:40:23,7-990-031-71-57,yandex,cpc,,0
mk-000574,form,2026-08-09 18:40:31,+7 (977) 272-95-12,(direct),(none),,0
mk-000031,form,2026-08-09 18:44:00,8(915)8802970,google,organic,,0
mk-000575,form,2026-08-09 18:54:16,+79690221824,yandex,cpc,,0
mk-002430,form,2026-08-09 18:58:38,8 980 286 67 62,yandex,cpc,,0
mk-000068,form,2026-08-09 19:23:19,8 953 639 07 99,yandex,cpc,,0
mk-000069,form,2026-08-09 19:25:38,8(953)6390799,yandex,cpc,,0
mk-000070,form,2026-08-09 19:29:41,9536390799,yandex,cpc,,0
mk-003202,form,2026-08-09 20:01:55,+7 (937) 083-16-86,google,organic,,0
mk-002245,form,2026-08-09 21:10:26,8 981 509 12 62,google,organic,,0
mk-001072,form,2026-08-09 21:23:51,+7 (922) 981-68-02,yandex,cpc,,0
mk-001954,form,2026-08-09 21:46:40,7-914-838-78-94,vk,cpc,,0
mk-001348,form,2026-08-09 22:19:19,7-904-652-70-55,yandex,cpc,,0
mk-001349,form,2026-08-09 22:23:04,7-904-652-70-55,yandex,cpc,,0
mk-002007,form,2026-08-09 22:57:41,+7 (965) 821-12-98,yandex,cpc,,0
mk-002513,call,2026-08-10 06:34:34,+79745612406,yandex_maps,organic,276,0
mk-002250,call,2026-08-10 06:48:44,+79859678137,yandex_maps,organic,9,1
mk-001395,call,2026-08-10 06:50:30,+79213494211,google,organic,232,0
mk-002493,form,2026-08-10 07:09:04,8(990)0580689,yandex,cpc,,0
mk-002683,call,2026-08-10 07:21:46,+79063903665,yandex_maps,organic,67,0
mk-001767,call,2026-08-10 07:39:06,+79876746321,2gis,referral,294,0
mk-001240,call,2026-08-10 07:47:00,+79832255608,(direct),(none),377,0
mk-002976,form,2026-08-10 07:47:57,9241600387,vk,cpc,,0
mk-001488,call,2026-08-10 07:54:35,+79294655870,2gis,referral,280,0
mk-002940,call,2026-08-10 08:11:17,+79988305720,yandex,cpc,433,0
mk-000252,call,2026-08-10 08:11:42,+79330110284,(direct),(none),494,0
mk-002770,call,2026-08-10 08:11:43,+79177867985,yandex,cpc,203,0
mk-000694,call,2026-08-10 08:16:52,+79130005091,yandex,cpc,137,0
mk-000904,call,2026-08-10 08:30:20,+79614222779,yandex_maps,organic,227,0
mk-001495,call,2026-08-10 08:32:48,+79546537465,(direct),(none),591,0
mk-002684,call,2026-08-10 08:33:05,+79195400301,yandex,cpc,563,0
mk-000384,call,2026-08-10 08:33:54,+79996132585,(direct),(none),246,0
mk-000374,form,2026-08-10 08:36:03,+7 (987) 609-54-58,yandex,cpc,,0
mk-000437,call,2026-08-10 08:54:11,+79806062189,2gis,referral,5,1
mk-002228,call,2026-08-10 08:55:49,+79052410917,yandex,cpc,128,0
mk-001125,call,2026-08-10 09:00:20,+79935518201,2gis,referral,278,0
mk-001713,call,2026-08-10 09:03:40,+79509586808,(direct),(none),299,0
mk-001642,call,2026-08-10 09:04:00,+79574343228,yandex,cpc,583,0
mk-000285,call,2026-08-10 09:25:14,+79478848323,(direct),(none),0,1
mk-002108,form,2026-08-10 09:27:38,8 938 339 47 94,google,organic,,0
mk-000079,call,2026-08-10 09:34:43,+79609566079,2gis,referral,483,0
mk-000426,call,2026-08-10 09:35:38,+79632801813,yandex_maps,organic,533,0
mk-002954,call,2026-08-10 09:35:57,+79532488199,(direct),(none),106,0
mk-001770,call,2026-08-10 09:40:11,+79527430319,google,organic,347,0
mk-000920,call,2026-08-10 09:52:15,+79747856489,2gis,referral,118,0
mk-002971,form,2026-08-10 09:56:14,9594960598,vk,cpc,,0
mk-001184,call,2026-08-10 10:14:41,+79364244335,google,organic,7,1
mk-000745,call,2026-08-10 10:15:46,+79466268982,(direct),(none),3,1
mk-001686,form,2026-08-10 10:20:39,7-907-423-72-73,google,organic,,0
mk-002053,call,2026-08-10 10:28:47,+79423015082,(direct),(none),269,0
mk-002127,call,2026-08-10 10:39:22,+79006154824,yandex_maps,organic,380,0
mk-001692,call,2026-08-10 10:50:17,+79339079280,2gis,referral,425,0
mk-001718,call,2026-08-10 10:54:28,+79960424236,2gis,referral,176,0
mk-002769,call,2026-08-10 10:55:21,+79436115728,google,organic,282,0
mk-000054,form,2026-08-10 10:58:16,8(962)2833948,yandex,cpc,,0
mk-003232,form,2026-08-10 11:03:00,+79000000000,test,qa,,0
mk-000270,call,2026-08-10 11:12:51,+79770202963,(direct),(none),224,0
mk-001823,form,2026-08-10 11:20:00,8 935 948 86 40,vk,cpc,,0
mk-003222,form,2026-08-10 11:25:00,8(999)0000000,test,qa,,0
mk-002352,call,2026-08-10 11:33:49,+79284849226,yandex_maps,organic,9,1
mk-002109,form,2026-08-10 11:36:30,8(914)0363719,yandex,cpc,,0
mk-000788,form,2026-08-10 11:40:03,+79348947903,vk,cpc,,0
mk-001423,call,2026-08-10 12:01:49,+79328371701,2gis,referral,222,0
mk-002047,form,2026-08-10 12:01:50,+79863114508,yandex,cpc,,0
mk-002381,call,2026-08-10 12:02:02,+79732391012,google,organic,218,0
mk-001947,form,2026-08-10 12:02:16,89040598531,2gis,referral,,0
mk-003129,call,2026-08-10 12:08:38,+79648923244,vk,cpc,93,0
mk-002874,call,2026-08-10 12:34:48,+79949979705,yandex,cpc,492,0
mk-002956,form,2026-08-10 12:38:15,8 918 573 52 43,yandex,cpc,,0
mk-000966,call,2026-08-10 12:43:02,+79057299875,google,organic,282,0
mk-000695,call,2026-08-10 12:45:49,+79999659579,vk,cpc,344,0
mk-003164,form,2026-08-10 12:48:01,9078507681,yandex,cpc,,0
mk-001190,call,2026-08-10 12:48:17,+79718061317,2gis,referral,288,0
mk-002406,call,2026-08-10 13:27:06,+79740581954,yandex_maps,organic,576,0
mk-001212,call,2026-08-10 13:33:27,+79130821751,yandex_maps,organic,225,0
mk-001571,call,2026-08-10 13:36:28,+79412569322,google,organic,303,0
mk-002457,call,2026-08-10 13:43:44,+79541480380,yandex,cpc,463,0
mk-002129,form,2026-08-10 13:57:24,7-993-081-02-19,yandex,cpc,,0
mk-002161,form,2026-08-10 14:11:57,89707014977,vk,cpc,,0
mk-000984,call,2026-08-10 14:19:44,+79372457660,vk,cpc,2,1
mk-001934,call,2026-08-10 14:26:00,+79213044590,yandex,cpc,578,0
mk-003228,form,2026-08-10 14:29:00,+7 (900) 000-00-00,test,qa,,0
mk-000015,call,2026-08-10 14:47:59,+79679056616,2gis,referral,329,0
mk-001857,call,2026-08-10 14:55:53,+79426720170,yandex,cpc,171,0
mk-002949,call,2026-08-10 15:01:34,+79439640088,yandex,cpc,89,0
mk-002927,call,2026-08-10 15:39:46,+79886208783,google,organic,459,0
mk-000828,call,2026-08-10 15:51:20,+79087432235,yandex,cpc,236,0
mk-002173,call,2026-08-10 15:53:24,+79741052403,2gis,referral,242,0
mk-003130,form,2026-08-10 16:09:32,7-966-962-26-83,vk,cpc,,0
mk-001302,call,2026-08-10 16:13:27,+79899719448,yandex_maps,organic,225,0
mk-000645,form,2026-08-10 16:31:33,+79039213480,yandex,cpc,,0
mk-000646,form,2026-08-10 16:33:19,89039213480,yandex,cpc,,0
mk-002239,form,2026-08-10 16:38:12,9190793665,yandex,cpc,,0
mk-003125,form,2026-08-10 17:31:06,7-965-047-58-79,google,organic,,0
mk-002536,form,2026-08-10 18:03:05,8 988 860 64 18,google,organic,,0
mk-001233,form,2026-08-10 18:21:47,+79210765451,vk,cpc,,0
mk-001160,form,2026-08-10 19:10:46,89077588730,yandex,cpc,,0
mk-001161,form,2026-08-10 19:13:48,+7 (907) 758-87-30,yandex,cpc,,0
mk-002177,form,2026-08-10 19:17:53,+79752068527,yandex,cpc,,0
mk-001467,form,2026-08-10 19:37:34,8(948)6727332,yandex,cpc,,0
mk-001468,form,2026-08-10 19:41:10,8 948 672 73 32,yandex,cpc,,0
mk-001694,form,2026-08-10 19:47:52,7-913-393-22-16,2gis,referral,,0
mk-001307,form,2026-08-10 19:52:28,89871146477,vk,cpc,,0
mk-000605,form,2026-08-10 19:54:19,9028719191,yandex,cpc,,0
mk-000606,form,2026-08-10 19:57:55,+79028719191,yandex,cpc,,0
mk-000607,form,2026-08-10 20:03:06,8 902 871 91 91,yandex,cpc,,0
mk-002783,form,2026-08-10 23:02:24,+7 (961) 796-78-66,yandex,cpc,,0
mk-000407,form,2026-08-10 23:36:20,8(911)2627485,vk,cpc,,0
mk-001410,form,2026-08-11 01:04:42,8(927)2784592,yandex,cpc,,0
mk-003179,form,2026-08-11 01:45:27,+7 (919) 238-46-70,vk,cpc,,0
mk-000216,form,2026-08-11 04:26:26,89892742184,yandex,cpc,,0
mk-000217,form,2026-08-11 04:30:45,9892742184,yandex,cpc,,0
mk-000010,form,2026-08-11 04:38:17,8 956 394 56 28,yandex,cpc,,0
mk-000956,form,2026-08-11 05:23:47,8 960 782 04 81,vk,cpc,,0
mk-001144,call,2026-08-11 07:02:54,+79265947153,2gis,referral,521,0
mk-000043,call,2026-08-11 07:23:48,+79865978523,google,organic,394,0
mk-002628,call,2026-08-11 07:26:40,+79686286224,yandex,cpc,562,0
mk-000074,call,2026-08-11 07:37:38,+79071845314,yandex,cpc,361,0
mk-000274,form,2026-08-11 07:43:50,+79685528697,vk,cpc,,0
mk-001171,form,2026-08-11 07:50:57,8(958)0148122,yandex,cpc,,0
mk-002037,call,2026-08-11 07:53:30,+79843678460,google,organic,359,0
mk-000589,call,2026-08-11 08:02:14,+79426610786,2gis,referral,46,0
mk-001086,call,2026-08-11 08:12:30,+79283206435,yandex,cpc,515,0
mk-000796,call,2026-08-11 08:36:51,+79834524403,google,organic,4,1
mk-002079,call,2026-08-11 08:48:08,+79975775302,(direct),(none),315,0
mk-000281,call,2026-08-11 08:49:45,+79424615947,(direct),(none),421,0
mk-003158,form,2026-08-11 09:03:33,+7 (902) 007-38-55,yandex,cpc,,0
mk-000032,form,2026-08-11 09:14:27,89610256166,vk,cpc,,0
mk-000991,call,2026-08-11 09:17:37,+79386374879,google,organic,84,0
mk-000477,call,2026-08-11 09:18:00,+79094359497,google,organic,49,0
mk-002316,call,2026-08-11 09:25:34,+79401481543,yandex_maps,organic,100,0
mk-002298,call,2026-08-11 10:10:33,+79239704131,yandex_maps,organic,0,1
mk-000667,call,2026-08-11 10:24:17,+79952743967,vk,cpc,254,0
mk-000701,form,2026-08-11 10:28:09,8(948)9769974,vk,cpc,,0
mk-002646,call,2026-08-11 10:33:42,+79434482975,yandex_maps,organic,96,0
mk-000219,form,2026-08-11 10:41:34,8 932 501 40 89,vk,cpc,,0
mk-001069,form,2026-08-11 10:43:17,7-921-218-57-15,yandex,cpc,,0
mk-001070,form,2026-08-11 10:47:41,8 921 218 57 15,yandex,cpc,,0
mk-001530,call,2026-08-11 10:57:46,+79478351850,yandex_maps,organic,51,0
mk-002977,call,2026-08-11 11:05:10,+79589741635,google,organic,297,0
mk-000671,call,2026-08-11 11:07:06,+79848055303,2gis,referral,227,0
mk-000105,call,2026-08-11 11:22:42,+79122515016,google,organic,414,0
mk-001549,call,2026-08-11 11:27:39,+79396325703,yandex,cpc,384,0
mk-001597,call,2026-08-11 11:29:33,+79464899545,2gis,referral,376,0
mk-002565,form,2026-08-11 11:45:19,+7 (919) 667-97-22,yandex,cpc,,0
mk-000277,call,2026-08-11 11:55:37,+79685694973,google,organic,315,0
mk-002350,call,2026-08-11 11:58:09,+79831452917,2gis,referral,214,0
mk-002811,call,2026-08-11 12:00:33,+79771625754,yandex_maps,organic,42,0
mk-002664,call,2026-08-11 12:21:23,+79641180544,yandex_maps,organic,459,0
mk-002112,call,2026-08-11 12:38:49,+79482054846,(direct),(none),323,0
mk-000516,call,2026-08-11 12:46:18,+79700373572,yandex_maps,organic,231,0
mk-003080,call,2026-08-11 12:49:22,+79666648489,(direct),(none),1,1
mk-000117,call,2026-08-11 12:59:59,+79485911665,(direct),(none),315,0
mk-002564,call,2026-08-11 13:06:41,+79998616101,yandex,cpc,460,0
mk-000627,call,2026-08-11 13:08:17,+79734421997,yandex_maps,organic,203,0
mk-002790,call,2026-08-11 13:18:50,+79004301874,2gis,referral,450,0
mk-002297,form,2026-08-11 13:39:27,8 980 540 30 55,yandex,cpc,,0
mk-002696,call,2026-08-11 13:42:53,+79895155757,google,organic,206,0
mk-000547,form,2026-08-11 13:49:18,8(995)7615023,yandex,cpc,,0
mk-000610,call,2026-08-11 14:07:20,+79128464750,google,organic,82,0
mk-002578,call,2026-08-11 14:13:17,+79413805242,google,organic,389,0
mk-001217,call,2026-08-11 14:14:28,+79784227982,2gis,referral,103,0
mk-001018,call,2026-08-11 14:17:01,+79897143042,vk,cpc,447,0
mk-000253,call,2026-08-11 14:22:50,+79373995677,2gis,referral,581,0
mk-002748,call,2026-08-11 14:54:40,+79418540274,yandex_maps,organic,381,0
mk-001297,call,2026-08-11 14:56:55,+79492255764,(direct),(none),165,0
mk-000884,call,2026-08-11 15:20:37,+79300657842,yandex_maps,organic,467,0
mk-000268,call,2026-08-11 15:25:12,+79765379834,google,organic,551,0
mk-002853,call,2026-08-11 15:32:44,+79334486831,2gis,referral,195,0
mk-000928,call,2026-08-11 15:36:07,+79612477259,vk,cpc,224,0
mk-000969,call,2026-08-11 15:52:26,+79104867667,vk,cpc,484,0
mk-001185,call,2026-08-11 15:53:41,+79364244335,google,organic,44,0
mk-000372,form,2026-08-11 16:05:59,89387814473,vk,cpc,,0
mk-002690,form,2026-08-11 16:16:37,8(919)3409037,vk,cpc,,0
mk-000679,call,2026-08-11 16:47:57,+79273435237,2gis,referral,281,0
mk-000339,form,2026-08-11 16:57:59,89529480663,yandex,cpc,,0
mk-000444,form,2026-08-11 17:25:33,7-981-691-18-62,yandex,cpc,,0
mk-002383,form,2026-08-11 17:31:54,8(901)8529752,yandex,cpc,,0
mk-001864,form,2026-08-11 17:33:08,89012697774,vk,cpc,,0
mk-001109,form,2026-08-11 18:11:08,7-938-974-65-47,vk,cpc,,0
mk-002218,form,2026-08-11 18:22:23,+79591565750,vk,cpc,,0
mk-000334,form,2026-08-11 19:01:05,7-935-296-51-09,yandex,cpc,,0
mk-000134,form,2026-08-11 19:26:58,9955447494,google,organic,,0
mk-000548,form,2026-08-11 19:46:18,7-942-281-41-68,vk,cpc,,0
mk-002496,form,2026-08-11 19:52:48,8 948 695 13 95,yandex,cpc,,0
mk-002348,form,2026-08-11 19:52:58,89631779345,yandex,cpc,,0
mk-002963,form,2026-08-11 19:56:21,8 967 495 54 21,yandex,cpc,,0
mk-002815,form,2026-08-11 21:11:47,+7 (922) 537-87-59,google,organic,,0
mk-000038,form,2026-08-11 21:46:01,+7 (997) 151-14-48,vk,cpc,,0
mk-001023,form,2026-08-11 21:46:22,9383668205,vk,cpc,,0
mk-002814,form,2026-08-11 22:35:25,+79570232960,google,organic,,0
mk-002936,form,2026-08-11 22:42:54,89277150210,vk,cpc,,0
mk-002937,form,2026-08-11 22:46:29,89277150210,vk,cpc,,0
mk-002445,form,2026-08-11 22:56:06,+7 (950) 624-90-75,google,organic,,0
mk-002071,form,2026-08-12 00:06:49,7-907-475-70-77,(direct),(none),,0
mk-001919,form,2026-08-12 00:10:59,+7 (919) 572-37-14,yandex,cpc,,0
mk-001846,form,2026-08-12 01:08:40,8 935 245 38 41,vk,cpc,,0
mk-000530,form,2026-08-12 01:28:31,89478670791,yandex,cpc,,0
mk-001077,form,2026-08-12 02:29:39,8 984 527 76 04,yandex,cpc,,0
mk-000638,call,2026-08-12 06:36:46,+79823483850,(direct),(none),210,0
mk-001834,form,2026-08-12 06:39:21,+79963263304,yandex,cpc,,0
mk-000246,call,2026-08-12 06:46:37,+79213340296,vk,cpc,143,0
mk-001003,form,2026-08-12 06:53:17,+79139822336,yandex,cpc,,0
mk-002534,call,2026-08-12 07:11:06,+79296867282,yandex_maps,organic,306,0
mk-000288,form,2026-08-12 07:25:14,7-947-884-83-23,(direct),(none),,0
mk-003094,call,2026-08-12 07:28:10,+79711400460,(direct),(none),61,0
mk-000819,call,2026-08-12 07:28:41,+79854312990,vk,cpc,261,0
mk-000636,call,2026-08-12 07:46:56,+79880752538,google,organic,288,0
mk-001103,call,2026-08-12 07:51:53,+79790306454,2gis,referral,441,0
mk-002154,call,2026-08-12 08:07:29,+79958683634,google,organic,50,0
mk-000155,call,2026-08-12 08:07:31,+79599801750,yandex_maps,organic,2,1
mk-002266,form,2026-08-12 08:10:11,8(960)8635941,vk,cpc,,0
mk-000279,call,2026-08-12 08:13:37,+79685694973,google,organic,173,0
mk-000914,call,2026-08-12 08:16:22,+79985548213,yandex,cpc,79,0
mk-000367,call,2026-08-12 08:43:59,+79568872501,google,organic,194,0
mk-001948,call,2026-08-12 09:02:16,+79040598531,2gis,referral,568,0
mk-002978,form,2026-08-12 09:05:10,89589741635,google,organic,,0
mk-001996,call,2026-08-12 09:05:54,+79296982939,(direct),(none),8,1
mk-001447,form,2026-08-12 09:10:59,+7 (986) 675-15-14,yandex,cpc,,0
mk-002651,call,2026-08-12 09:11:38,+79617039829,(direct),(none),74,0
mk-001448,form,2026-08-12 09:13:07,89866751514,yandex,cpc,,0
mk-000658,call,2026-08-12 09:25:39,+79796429144,yandex_maps,organic,466,0
mk-002630,call,2026-08-12 09:28:31,+79020216413,yandex_maps,organic,398,0
mk-002004,call,2026-08-12 09:40:27,+79288542308,yandex_maps,organic,209,0
mk-001026,call,2026-08-12 09:55:32,+79872715433,yandex_maps,organic,68,0
mk-000287,call,2026-08-12 10:03:14,+79478848323,(direct),(none),125,0
mk-000933,call,2026-08-12 10:09:33,+79478613934,yandex_maps,organic,274,0
mk-001785,form,2026-08-12 10:16:56,+79455624289,vk,cpc,,0
mk-002371,call,2026-08-12 10:17:16,+79165086060,2gis,referral,109,0
mk-001320,call,2026-08-12 10:28:09,+79261650654,(direct),(none),219,0
mk-002951,call,2026-08-12 10:33:34,+79439640088,yandex,cpc,347,0
mk-000839,call,2026-08-12 10:33:40,+79236775548,(direct),(none),504,0
mk-003185,call,2026-08-12 10:50:31,+79917246955,yandex_maps,organic,538,0
mk-002548,call,2026-08-12 11:00:10,+79024515151,(direct),(none),437,0
mk-002210,call,2026-08-12 11:05:36,+79658768566,yandex,cpc,378,0
mk-002181,form,2026-08-12 11:09:37,+7 (943) 541-18-82,yandex,cpc,,0
mk-002492,call,2026-08-12 11:17:07,+79261494335,yandex,cpc,380,0
mk-000760,call,2026-08-12 11:34:53,+79633994593,google,organic,316,0
mk-001057,call,2026-08-12 12:11:04,+79327660292,yandex,cpc,471,0
mk-000551,form,2026-08-12 12:22:01,7-919-366-26-31,google,organic,,0
mk-003147,call,2026-08-12 12:43:35,+79116556104,(direct),(none),218,0
mk-003005,call,2026-08-12 12:52:39,+79344927738,vk,cpc,301,0
mk-000123,call,2026-08-12 13:03:09,+79687385249,google,organic,385,0
mk-000829,call,2026-08-12 13:13:49,+79552046572,yandex_maps,organic,51,0
mk-002782,call,2026-08-12 13:14:38,+79975739185,yandex,cpc,126,0
mk-000584,call,2026-08-12 13:18:59,+79229524487,vk,cpc,516,0
mk-000457,call,2026-08-12 13:33:57,+79036233846,2gis,referral,238,0
mk-001400,call,2026-08-12 13:38:10,+79470986913,yandex,cpc,75,0
mk-002012,form,2026-08-12 13:44:03,8(969)9664598,yandex_maps,organic,,0
mk-002726,call,2026-08-12 13:44:56,+79702380890,(direct),(none),138,0
mk-000293,call,2026-08-12 13:48:47,+79550614604,vk,cpc,550,0
mk-000756,form,2026-08-12 13:56:54,9014422064,yandex,cpc,,0
mk-000757,form,2026-08-12 13:59:47,8(901)4422064,yandex,cpc,,0
mk-001866,call,2026-08-12 14:05:32,+79648771123,vk,cpc,7,1
mk-001461,call,2026-08-12 14:07:26,+79794682662,2gis,referral,8,1
mk-000391,call,2026-08-12 14:11:12,+79413654846,(direct),(none),429,0
mk-002035,call,2026-08-12 14:16:08,+79545273947,yandex_maps,organic,418,0
mk-002354,call,2026-08-12 14:28:16,+79843243049,google,organic,316,0
mk-003234,form,2026-08-12 14:31:00,8(900)0000000,test,qa,,0
mk-002594,call,2026-08-12 14:32:47,+79811439806,google,organic,113,0
mk-001337,form,2026-08-12 14:48:17,8 959 291 52 29,(direct),(none),,0
mk-002399,call,2026-08-12 15:07:01,+79579253397,yandex_maps,organic,490,0
mk-002666,call,2026-08-12 15:09:23,+79641180544,yandex_maps,organic,226,0
mk-001777,call,2026-08-12 15:18:58,+79439218272,2gis,referral,446,0
mk-002113,call,2026-08-12 15:42:45,+79871466267,yandex,cpc,573,0
mk-001896,form,2026-08-12 16:07:24,7-953-979-99-99,google,organic,,0
mk-002473,form,2026-08-12 16:15:49,8 957 976 93 11,yandex,cpc,,0
mk-001508,call,2026-08-12 16:25:40,+79986254100,yandex,cpc,337,0
mk-001120,form,2026-08-12 16:30:52,7-906-886-26-40,yandex,cpc,,0
mk-000852,call,2026-08-12 16:37:24,+79778954499,2gis,referral,372,0
mk-001046,form,2026-08-12 16:39:35,+7 (969) 443-33-60,google,organic,,0
mk-000737,form,2026-08-12 16:41:19,8 906 248 54 40,vk,cpc,,0
mk-000335,form,2026-08-12 18:54:49,8 995 265 96 01,yandex,cpc,,0
mk-002029,form,2026-08-12 18:58:54,8 979 780 67 81,google,organic,,0
mk-002735,form,2026-08-12 19:36:26,89890750302,yandex,cpc,,0
mk-002838,form,2026-08-12 19:40:29,9317586006,yandex,cpc,,0
mk-000443,form,2026-08-12 19:59:32,+7 (903) 488-40-52,yandex,cpc,,0
mk-000449,form,2026-08-12 20:10:30,8(993)3151392,google,organic,,0
mk-000676,form,2026-08-12 22:41:20,9196731841,vk,cpc,,0
mk-000876,form,2026-08-13 02:55:18,9215014160,vk,cpc,,0
mk-001442,form,2026-08-13 03:33:06,9315048035,yandex,cpc,,0
mk-000120,form,2026-08-13 03:33:28,89518658535,yandex,cpc,,0
mk-001632,form,2026-08-13 04:43:26,8 910 532 35 80,2gis,referral,,0
mk-001633,form,2026-08-13 04:44:51,+79105323580,2gis,referral,,0
mk-000156,call,2026-08-13 06:11:31,+79599801750,yandex_maps,organic,64,0
mk-003192,form,2026-08-13 06:36:12,89110318856,vk,cpc,,0
mk-001342,call,2026-08-13 06:59:54,+79627711625,yandex,cpc,335,0
mk-003047,form,2026-08-13 07:17:15,+79106958872,yandex,cpc,,0
mk-002682,call,2026-08-13 07:28:11,+79983790020,yandex_maps,organic,241,0
mk-002601,call,2026-08-13 07:44:59,+79273871739,yandex,cpc,506,0
mk-000306,call,2026-08-13 08:38:42,+79842916648,yandex,cpc,317,0
mk-000647,call,2026-08-13 08:53:22,+79408350513,2gis,referral,523,0
mk-003020,form,2026-08-13 08:55:33,8 953 387 93 56,yandex,cpc,,0
mk-002636,call,2026-08-13 09:13:21,+79531015624,yandex,cpc,586,0
mk-002751,form,2026-08-13 09:29:48,+79322888001,vk,cpc,,0
mk-000934,call,2026-08-13 09:33:33,+79478613934,yandex_maps,organic,195,0
mk-000129,call,2026-08-13 09:53:12,+79793766814,yandex,cpc,150,0
mk-002942,call,2026-08-13 09:57:17,+79988305720,yandex,cpc,369,0
mk-000375,call,2026-08-13 10:01:16,+79809757736,(direct),(none),399,0
mk-002535,form,2026-08-13 10:11:06,8(929)6867282,yandex_maps,organic,,0
mk-000751,call,2026-08-13 10:17:47,+79962030164,2gis,referral,529,0
mk-002644,call,2026-08-13 10:19:13,+79748121082,google,organic,543,0
mk-002376,call,2026-08-13 10:21:04,+79681227506,yandex,cpc,291,0
mk-002572,form,2026-08-13 10:38:16,8 983 387 80 87,google,organic,,0
mk-000954,form,2026-08-13 10:40:22,+79058729013,yandex,cpc,,0
mk-001776,call,2026-08-13 10:48:05,+79091330082,yandex,cpc,216,0
mk-002172,call,2026-08-13 10:54:24,+79741052403,2gis,referral,144,0
mk-003096,call,2026-08-13 10:54:26,+79238553173,yandex,cpc,192,0
mk-001128,form,2026-08-13 10:55:44,8(962)4727102,vk,cpc,,0
mk-000832,call,2026-08-13 11:00:13,+79826435595,vk,cpc,459,0
mk-003081,call,2026-08-13 11:02:22,+79666648489,(direct),(none),306,0
mk-001920,call,2026-08-13 11:10:59,+79195723714,yandex,cpc,320,0
mk-003097,call,2026-08-13 11:17:07,+79142486352,google,organic,515,0
mk-000215,form,2026-08-13 11:19:09,89925204134,vk,cpc,,0
mk-002950,call,2026-08-13 11:19:34,+79439640088,yandex,cpc,255,0
mk-002193,form,2026-08-13 11:30:29,+79271594531,google,organic,,0
mk-001657,call,2026-08-13 11:36:44,+79161623762,yandex,cpc,188,0
mk-002588,call,2026-08-13 11:37:43,+79145908959,(direct),(none),106,0
mk-002283,call,2026-08-13 11:43:45,+79733107480,yandex_maps,organic,50,0
mk-000529,call,2026-08-13 12:26:35,+79083217371,google,organic,56,0
mk-002898,call,2026-08-13 12:32:41,+79247510993,yandex_maps,organic,476,0
mk-001223,form,2026-08-13 12:33:03,+79817466570,yandex,cpc,,0
mk-002805,call,2026-08-13 12:43:41,+79896304173,(direct),(none),521,0
mk-001836,call,2026-08-13 12:54:57,+79406594384,google,organic,333,0
mk-001831,form,2026-08-13 13:02:48,9911079440,yandex,cpc,,0
mk-002806,call,2026-08-13 13:03:53,+79721921082,yandex,cpc,239,0
mk-000320,call,2026-08-13 13:07:57,+79368756153,(direct),(none),297,0
mk-002217,call,2026-08-13 13:35:06,+79537081104,yandex,cpc,222,0
mk-000263,call,2026-08-13 13:54:39,+79326537852,google,organic,349,0
mk-003095,call,2026-08-13 14:00:36,+79678717176,google,organic,572,0
mk-002791,call,2026-08-13 14:03:25,+79283572224,2gis,referral,387,0
mk-002237,call,2026-08-13 14:04:04,+79121495442,yandex,cpc,570,0
mk-001649,form,2026-08-13 14:04:59,89098921251,yandex,cpc,,0
mk-001739,form,2026-08-13 14:13:03,89841657271,yandex,cpc,,0
mk-002215,call,2026-08-13 14:14:14,+79980950638,vk,cpc,122,0
mk-002142,call,2026-08-13 14:28:09,+79580750524,google,organic,245,0
mk-003011,call,2026-08-13 14:33:50,+79944304705,yandex,cpc,472,0
mk-000708,call,2026-08-13 14:48:41,+79788861023,yandex_maps,organic,453,0
mk-001550,call,2026-08-13 14:52:39,+79396325703,yandex,cpc,281,0
mk-002162,call,2026-08-13 15:00:26,+79874521421,(direct),(none),158,0
mk-001623,call,2026-08-13 15:39:57,+79205712459,(direct),(none),587,0
mk-002741,form,2026-08-13 15:50:46,8(921)9442506,google,organic,,0
mk-000321,form,2026-08-13 15:58:32,9849445336,yandex,cpc,,0
mk-002115,form,2026-08-13 16:24:49,+79394421489,google,organic,,0
mk-002156,form,2026-08-13 16:37:57,8(915)3614948,2gis,referral,,0
mk-002789,call,2026-08-13 16:59:03,+79232963806,yandex_maps,organic,205,0
mk-000458,form,2026-08-13 17:13:18,8(941)7468455,vk,cpc,,0
mk-001167,form,2026-08-13 17:17:58,+7 (916) 311-23-99,yandex,cpc,,0
mk-000632,form,2026-08-13 17:39:28,8 902 381 54 65,google,organic,,0
mk-000118,form,2026-08-13 17:50:09,9291160575,yandex,cpc,,0
mk-001243,form,2026-08-13 17:56:30,+7 (901) 760-73-04,vk,cpc,,0
mk-002435,form,2026-08-13 18:01:00,+7 (953) 145-02-61,google,organic,,0
mk-003021,form,2026-08-13 18:06:42,+79593085709,vk,cpc,,0
mk-001940,form,2026-08-13 18:14:06,8 943 298 75 78,vk,cpc,,0
mk-000080,form,2026-08-13 18:26:39,+7 (913) 376-99-80,yandex,cpc,,0
mk-000545,form,2026-08-13 18:33:07,+7 (950) 283-84-64,yandex,cpc,,0
mk-002721,form,2026-08-13 18:46:27,89462571782,yandex,cpc,,0
mk-002722,form,2026-08-13 18:49:27,8 946 257 17 82,yandex,cpc,,0
mk-002051,form,2026-08-13 18:49:52,9115580030,yandex,cpc,,0
mk-003123,form,2026-08-13 19:02:34,8(971)5204336,vk,cpc,,0
mk-001680,form,2026-08-13 19:33:31,8 919 501 37 49,yandex,cpc,,0
mk-001327,form,2026-08-13 19:53:30,7-925-240-86-14,vk,cpc,,0
mk-001378,form,2026-08-13 21:17:52,9617216369,yandex,cpc,,0
mk-000408,form,2026-08-13 23:27:11,8 935 527 53 55,yandex,cpc,,0
mk-001151,form,2026-08-14 03:56:01,7-965-898-05-56,google,organic,,0
mk-000385,form,2026-08-14 06:08:57,+7 (944) 656-08-97,yandex,cpc,,0
mk-002359,call,2026-08-14 06:15:28,+79691570282,yandex_maps,organic,143,0
mk-001200,form,2026-08-14 06:16:02,+7 (972) 882-04-10,yandex,cpc,,0
mk-002490,form,2026-08-14 06:22:28,8 968 257 07 08,yandex,cpc,,0
mk-002438,form,2026-08-14 07:38:58,+79869622831,yandex,cpc,,0
mk-002439,form,2026-08-14 07:42:02,8 986 962 28 31,yandex,cpc,,0
mk-003216,form,2026-08-14 07:50:00,7-900-000-00-00,test,qa,,0
mk-002975,call,2026-08-14 07:52:13,+79052720994,(direct),(none),134,0
mk-000352,call,2026-08-14 07:56:56,+79126384092,yandex_maps,organic,217,0
mk-002665,call,2026-08-14 08:18:23,+79641180544,yandex_maps,organic,48,0
mk-003236,form,2026-08-14 08:19:00,8 999 000 00 00,test,qa,,0
mk-002116,call,2026-08-14 08:24:49,+79394421489,google,organic,505,0
mk-003003,form,2026-08-14 08:31:30,89523988665,yandex,cpc,,0
mk-001572,call,2026-08-14 08:42:28,+79412569322,google,organic,49,0
mk-002308,call,2026-08-14 08:56:52,+79053969801,yandex_maps,organic,433,0
mk-002875,call,2026-08-14 09:08:48,+79949979705,yandex,cpc,338,0
mk-002385,call,2026-08-14 09:14:35,+79016603036,yandex,cpc,581,0
mk-000498,call,2026-08-14 09:28:47,+79956421778,vk,cpc,243,0
mk-002779,call,2026-08-14 09:40:31,+79262345812,yandex_maps,organic,447,0
mk-000855,call,2026-08-14 09:45:29,+79521135370,yandex_maps,organic,221,0
mk-002200,call,2026-08-14 09:53:35,+79875255464,(direct),(none),161,0
mk-001898,call,2026-08-14 09:54:12,+79263518988,(direct),(none),96,0
mk-000734,form,2026-08-14 09:58:29,89495510797,yandex,cpc,,0
mk-000735,form,2026-08-14 10:02:20,+7 (949) 551-07-97,yandex,cpc,,0
mk-001020,call,2026-08-14 10:20:01,+79897143042,vk,cpc,364,0
mk-002285,call,2026-08-14 10:37:45,+79733107480,yandex_maps,organic,171,0
mk-000358,call,2026-08-14 10:58:04,+79464849095,yandex,cpc,493,0
mk-002426,call,2026-08-14 11:01:25,+79938179440,2gis,referral,221,0
mk-002520,call,2026-08-14 11:15:40,+79757952621,vk,cpc,516,0
mk-002972,form,2026-08-14 11:18:20,9059398608,yandex,cpc,,0
mk-000532,form,2026-08-14 11:26:49,+79280478965,yandex,cpc,,0
mk-000533,form,2026-08-14 11:31:43,+7 (928) 047-89-65,yandex,cpc,,0
mk-001131,call,2026-08-14 11:44:20,+79079758704,(direct),(none),0,1
mk-002624,call,2026-08-14 11:56:00,+79545955630,(direct),(none),151,0
mk-000218,call,2026-08-14 12:26:26,+79892742184,yandex,cpc,544,0
mk-002258,call,2026-08-14 12:28:14,+79531252546,(direct),(none),4,1
mk-001230,call,2026-08-14 12:42:41,+79850658665,(direct),(none),376,0
mk-001766,call,2026-08-14 12:53:02,+79001387084,2gis,referral,364,0
mk-002589,call,2026-08-14 12:55:43,+79145908959,(direct),(none),239,0
mk-002229,call,2026-08-14 13:03:49,+79052410917,yandex,cpc,157,0
mk-001483,call,2026-08-14 13:11:32,+79227158572,google,organic,276,0
mk-002631,call,2026-08-14 13:17:11,+79804856130,google,organic,112,0
mk-001493,call,2026-08-14 13:33:03,+79345980949,(direct),(none),470,0
mk-001958,call,2026-08-14 13:34:38,+79061552437,2gis,referral,536,0
mk-002859,call,2026-08-14 13:42:03,+79663421884,google,organic,200,0
mk-002941,call,2026-08-14 13:55:17,+79988305720,yandex,cpc,326,0
mk-001989,call,2026-08-14 14:21:52,+79956939895,(direct),(none),334,0
mk-001321,call,2026-08-14 14:31:09,+79261650654,(direct),(none),384,0
mk-001563,call,2026-08-14 14:32:17,+79200759791,google,organic,543,0
mk-001858,call,2026-08-14 14:37:00,+79046975192,vk,cpc,307,0
mk-001373,call,2026-08-14 14:42:16,+79022975131,yandex,cpc,275,0
mk-003238,form,2026-08-14 14:46:00,8(900)0000000,test,qa,,0
mk-000505,call,2026-08-14 14:51:36,+79369215344,yandex_maps,organic,145,0
mk-000992,call,2026-08-14 15:05:28,+79661942879,google,organic,5,1
mk-002993,form,2026-08-14 15:06:19,7-990-669-94-78,vk,cpc,,0
mk-003073,call,2026-08-14 15:11:12,+79580996501,yandex_maps,organic,291,0
mk-001130,form,2026-08-14 15:14:39,8(980)5363735,google,organic,,0
mk-000656,call,2026-08-14 15:18:37,+79277541637,vk,cpc,457,0
mk-002511,form,2026-08-14 15:19:42,8 968 437 34 46,yandex,cpc,,0
mk-002593,call,2026-08-14 15:33:58,+79710299908,yandex_maps,organic,419,0
mk-001019,call,2026-08-14 15:47:01,+79897143042,vk,cpc,173,0
mk-001616,call,2026-08-14 15:48:48,+79345596540,2gis,referral,311,0
mk-002293,form,2026-08-14 16:07:47,8(908)1297456,vk,cpc,,0
mk-002252,form,2026-08-14 16:11:16,8(982)1226077,vk,cpc,,0
mk-002571,form,2026-08-14 16:13:55,+79953026688,yandex,cpc,,0
mk-000194,call,2026-08-14 16:26:28,+79106985238,yandex_maps,organic,4,1
mk-001703,form,2026-08-14 16:29:23,7-927-480-42-53,yandex,cpc,,0
mk-001704,form,2026-08-14 16:34:04,89274804253,yandex,cpc,,0
mk-001705,form,2026-08-14 16:36:43,7-927-480-42-53,yandex,cpc,,0
mk-002981,call,2026-08-14 16:45:35,+79767700200,google,organic,374,0
mk-000806,form,2026-08-14 18:10:33,89288578126,yandex,cpc,,0
mk-003008,form,2026-08-14 18:22:48,8(916)8843545,yandex,cpc,,0
mk-002700,form,2026-08-14 18:25:02,+7 (997) 767-58-94,google,organic,,0
mk-001229,form,2026-08-14 18:43:07,+79635153309,yandex,cpc,,0
mk-001262,form,2026-08-14 18:55:47,+79627740613,yandex,cpc,,0
mk-003018,form,2026-08-14 18:56:20,9298232903,yandex,cpc,,0
mk-001582,form,2026-08-14 19:17:38,+79986002607,vk,cpc,,0
mk-002840,form,2026-08-14 19:20:26,9856805831,vk,cpc,,0
mk-000257,form,2026-08-14 20:19:45,+79021414188,google,organic,,0
mk-000303,form,2026-08-14 22:19:25,7-987-298-67-24,(direct),(none),,0
mk-002946,form,2026-08-15 01:43:56,7-928-417-16-01,yandex,cpc,,0
mk-000055,form,2026-08-15 01:55:08,+7 (952) 232-70-49,yandex,cpc,,0
mk-002233,form,2026-08-15 01:56:50,89025875586,vk,cpc,,0
mk-002027,form,2026-08-15 04:17:53,89586491106,yandex,cpc,,0
mk-000921,call,2026-08-15 06:00:15,+79747856489,2gis,referral,389,0
mk-001714,call,2026-08-15 06:42:40,+79509586808,(direct),(none),269,0
mk-001188,call,2026-08-15 06:49:24,+79929469999,(direct),(none),112,0
mk-001916,form,2026-08-15 06:57:22,+79883624737,yandex,cpc,,0
mk-001501,call,2026-08-15 07:01:06,+79369014035,2gis,referral,520,0
mk-001917,form,2026-08-15 07:01:08,89883624737,yandex,cpc,,0
mk-002522,call,2026-08-15 07:01:13,+79893069287,yandex,cpc,403,0
mk-001918,form,2026-08-15 07:03:03,9883624737,yandex,cpc,,0
mk-001765,call,2026-08-15 07:10:53,+79619871142,(direct),(none),161,0
mk-001040,call,2026-08-15 07:17:09,+79739162351,2gis,referral,134,0
mk-000835,call,2026-08-15 07:31:01,+79094205492,(direct),(none),468,0
mk-002509,call,2026-08-15 07:39:23,+79113655679,yandex_maps,organic,292,0
mk-002030,call,2026-08-15 07:41:27,+79052212147,google,organic,8,1
mk-000414,form,2026-08-15 07:56:13,7-973-194-66-97,vk,cpc,,0
mk-000286,call,2026-08-15 07:59:14,+79478848323,(direct),(none),311,0
mk-000842,call,2026-08-15 08:15:19,+79921249397,yandex,cpc,70,0
mk-002355,call,2026-08-15 08:17:16,+79843243049,google,organic,226,0
mk-000373,call,2026-08-15 08:18:29,+79148383640,(direct),(none),315,0
mk-000254,form,2026-08-15 08:22:50,89373995677,2gis,referral,,0
mk-001567,call,2026-08-15 08:26:52,+79373743454,2gis,referral,362,0
mk-002148,call,2026-08-15 08:43:38,+79180381091,(direct),(none),0,1
mk-000360,call,2026-08-15 09:21:07,+79807193632,yandex,cpc,254,0
mk-000392,form,2026-08-15 09:28:23,8(942)2118608,google,organic,,0
mk-002544,form,2026-08-15 09:29:11,+7 (967) 183-69-59,yandex,cpc,,0
mk-001498,call,2026-08-15 10:01:21,+79501306859,yandex_maps,organic,7,1
mk-000935,call,2026-08-15 10:04:33,+79478613934,yandex_maps,organic,125,0
mk-000007,call,2026-08-15 10:15:10,+79778770628,yandex_maps,organic,405,0
mk-001786,call,2026-08-15 10:16:56,+79455624289,vk,cpc,469,0
mk-001474,form,2026-08-15 10:17:18,+7 (954) 302-14-04,yandex,cpc,,0
mk-001064,call,2026-08-15 10:28:38,+79731644562,(direct),(none),522,0
mk-001617,call,2026-08-15 10:31:59,+79766299028,vk,cpc,267,0
mk-002714,call,2026-08-15 10:33:19,+79065010547,yandex_maps,organic,63,0
mk-002763,form,2026-08-15 10:36:56,+7 (920) 251-67-43,yandex,cpc,,0
mk-000045,call,2026-08-15 10:42:48,+79865978523,google,organic,394,0
mk-001995,call,2026-08-15 10:53:42,+79375743884,2gis,referral,397,0
mk-002910,call,2026-08-15 10:54:41,+79284293539,2gis,referral,83,0
mk-000427,call,2026-08-15 11:10:34,+79358874687,vk,cpc,313,0
mk-002284,call,2026-08-15 11:15:45,+79733107480,yandex_maps,organic,272,0
mk-002514,form,2026-08-15 11:17:12,+79615611218,yandex,cpc,,0
mk-002045,call,2026-08-15 11:32:19,+79324535493,yandex_maps,organic,175,0
mk-000598,call,2026-08-15 12:00:46,+79650961828,yandex_maps,organic,410,0
mk-002614,form,2026-08-15 12:06:59,+7 (999) 817-18-23,yandex,cpc,,0
mk-002615,form,2026-08-15 12:12:12,9998171823,yandex,cpc,,0
mk-001716,call,2026-08-15 12:19:13,+79531795107,(direct),(none),321,0
mk-000467,call,2026-08-15 12:40:41,+79094877858,yandex,cpc,272,0
mk-001260,call,2026-08-15 12:57:27,+79033998669,(direct),(none),524,0
mk-000925,call,2026-08-15 13:05:12,+79702441477,yandex,cpc,109,0
mk-003134,form,2026-08-15 13:12:43,7-924-305-92-30,yandex,cpc,,0
mk-003135,form,2026-08-15 13:14:38,7-924-305-92-30,yandex,cpc,,0
mk-002491,call,2026-08-15 13:22:28,+79682570708,yandex,cpc,462,0
mk-000946,form,2026-08-15 13:25:26,+7 (934) 320-20-46,yandex,cpc,,0
mk-000947,form,2026-08-15 13:30:13,+79343202046,yandex,cpc,,0
mk-000948,form,2026-08-15 13:34:11,8(934)3202046,yandex,cpc,,0
mk-001294,call,2026-08-15 13:46:43,+79620706267,yandex_maps,organic,372,0
mk-000207,call,2026-08-15 13:47:51,+79492361613,yandex_maps,organic,159,0
mk-002610,call,2026-08-15 14:06:26,+79947992536,yandex,cpc,262,0
mk-002401,form,2026-08-15 14:16:55,89232058143,yandex,cpc,,0
mk-003178,form,2026-08-15 14:21:21,89712064419,yandex,cpc,,0
mk-000736,call,2026-08-15 14:28:59,+79646808549,yandex_maps,organic,373,0
mk-000381,form,2026-08-15 14:30:03,+79224012081,yandex,cpc,,0
mk-000847,call,2026-08-15 14:49:40,+79631338160,2gis,referral,285,0
mk-001547,call,2026-08-15 15:04:24,+79308265787,yandex,cpc,512,0
mk-000499,call,2026-08-15 15:04:47,+79956421778,vk,cpc,326,0
mk-001296,call,2026-08-15 15:17:12,+79675997473,(direct),(none),434,0
mk-002997,form,2026-08-15 15:43:02,7-901-063-74-42,vk,cpc,,0
mk-002009,call,2026-08-15 15:45:59,+79653645805,google,organic,548,0
mk-001396,call,2026-08-15 15:51:23,+79440486878,(direct),(none),371,0
mk-000586,call,2026-08-15 16:10:59,+79229524487,vk,cpc,319,0
mk-001257,form,2026-08-15 16:45:48,+79536590537,google,organic,,0
mk-002331,call,2026-08-15 16:52:33,+79171421546,yandex_maps,organic,211,0
mk-000016,form,2026-08-15 18:08:34,+79934619307,google,organic,,0
mk-002515,form,2026-08-15 18:26:03,8 949 036 44 05,yandex,cpc,,0
mk-002516,form,2026-08-15 18:28:21,+7 (949) 036-44-05,yandex,cpc,,0
mk-001186,form,2026-08-15 18:38:48,+7 (946) 510-24-52,vk,cpc,,0
mk-000762,form,2026-08-15 20:06:10,8 977 436 25 04,yandex,cpc,,0
mk-001145,form,2026-08-15 20:26:34,89458179168,vk,cpc,,0
mk-003029,form,2026-08-15 21:40:22,+7 (911) 812-53-10,yandex,cpc,,0
mk-002843,form,2026-08-15 23:34:00,8(926)5082427,google,organic,,0
mk-000058,form,2026-08-16 00:23:27,8(950)3767508,vk,cpc,,0
mk-000497,form,2026-08-16 01:28:22,8 964 459 35 88,google,organic,,0
mk-001374,form,2026-08-16 03:13:01,9554300288,yandex,cpc,,0
mk-003111,form,2026-08-16 03:51:04,+7 (986) 114-06-29,yandex,cpc,,0
mk-003112,form,2026-08-16 03:53:55,9861140629,yandex,cpc,,0
mk-000885,call,2026-08-16 06:08:37,+79300657842,yandex_maps,organic,243,0
mk-000628,call,2026-08-16 06:19:17,+79734421997,yandex_maps,organic,355,0
mk-000236,form,2026-08-16 06:25:19,9538799300,vk,cpc,,0
mk-002052,form,2026-08-16 06:30:47,8(905)1894870,yandex,cpc,,0
mk-002356,call,2026-08-16 07:11:16,+79843243049,google,organic,124,0
mk-000898,call,2026-08-16 07:12:48,+79450191582,(direct),(none),333,0
mk-000347,form,2026-08-16 07:13:01,9489052342,yandex,cpc,,0
mk-000145,call,2026-08-16 07:14:53,+79186426651,vk,cpc,165,0
mk-002834,call,2026-08-16 07:59:49,+79092199690,yandex_maps,organic,344,0
mk-001942,form,2026-08-16 08:14:06,7-957-811-16-25,vk,cpc,,0
mk-000750,form,2026-08-16 08:22:54,+79607056402,yandex,cpc,,0
mk-001706,form,2026-08-16 08:25:55,89729147222,vk,cpc,,0
mk-000870,call,2026-08-16 08:37:31,+79230482967,google,organic,496,0
mk-002332,call,2026-08-16 08:48:33,+79171421546,yandex_maps,organic,202,0
mk-000746,call,2026-08-16 08:53:46,+79466268982,(direct),(none),173,0
mk-001334,form,2026-08-16 09:07:12,8 932 976 29 65,yandex,cpc,,0
mk-001058,call,2026-08-16 09:22:17,+79380853773,vk,cpc,441,0
mk-000830,call,2026-08-16 09:30:49,+79552046572,yandex_maps,organic,352,0
mk-002158,form,2026-08-16 09:38:08,+79978390797,yandex,cpc,,0
mk-001835,call,2026-08-16 09:39:21,+79963263304,yandex,cpc,409,0
mk-001715,call,2026-08-16 09:49:40,+79509586808,(direct),(none),189,0
mk-003109,form,2026-08-16 09:57:23,+79305825600,vk,cpc,,0
mk-000386,call,2026-08-16 09:59:34,+79608197437,(direct),(none),441,0
mk-002489,call,2026-08-16 10:22:44,+79770991722,google,organic,249,0
mk-003016,form,2026-08-16 10:40:08,8 922 406 11 47,yandex,cpc,,0
mk-003042,form,2026-08-16 11:02:47,9749892747,yandex,cpc,,0
mk-000020,call,2026-08-16 11:17:56,+79648773713,google,organic,417,0
mk-002870,call,2026-08-16 11:19:37,+79098864691,yandex,cpc,172,0
mk-002948,form,2026-08-16 11:24:17,8 955 578 78 02,yandex,cpc,,0
mk-000664,call,2026-08-16 11:25:06,+79685386739,(direct),(none),475,0
mk-002968,call,2026-08-16 11:26:06,+79653368016,(direct),(none),520,0
mk-002979,call,2026-08-16 11:41:41,+79440222586,(direct),(none),87,0
mk-000278,call,2026-08-16 12:03:37,+79685694973,google,organic,332,0
mk-000820,call,2026-08-16 12:04:41,+79854312990,vk,cpc,285,0
mk-001253,call,2026-08-16 12:17:50,+79719679702,(direct),(none),371,0
mk-000271,call,2026-08-16 12:29:11,+79354187266,2gis,referral,427,0
mk-001331,call,2026-08-16 12:46:34,+79253201762,(direct),(none),8,1
mk-000460,call,2026-08-16 12:47:34,+79404180679,yandex,cpc,123,0
mk-001658,call,2026-08-16 13:15:44,+79161623762,yandex,cpc,287,0
mk-002517,call,2026-08-16 13:26:03,+79490364405,yandex,cpc,113,0
mk-003053,call,2026-08-16 13:33:29,+79189163667,(direct),(none),5,1
mk-001626,call,2026-08-16 13:47:45,+79528445093,yandex,cpc,152,0
mk-001001,form,2026-08-16 13:48:20,89771525437,yandex,cpc,,0
mk-001002,form,2026-08-16 13:52:36,+79771525437,yandex,cpc,,0
mk-002209,call,2026-08-16 14:15:03,+79636955711,vk,cpc,195,0
mk-000890,call,2026-08-16 14:18:41,+79843517479,google,organic,0,1
mk-002204,form,2026-08-16 14:26:07,8 954 156 78 33,yandex,cpc,,0
mk-000110,call,2026-08-16 14:26:25,+79979375888,yandex,cpc,189,0
mk-001580,call,2026-08-16 14:33:43,+79252264445,(direct),(none),296,0
mk-003030,call,2026-08-16 14:42:29,+79210377318,yandex,cpc,104,0
mk-000191,form,2026-08-16 15:00:25,9860654507,yandex,cpc,,0
mk-002667,form,2026-08-16 15:21:23,8 964 118 05 44,yandex_maps,organic,,0
mk-000821,form,2026-08-16 15:28:41,8(985)4312990,vk,cpc,,0
mk-000953,call,2026-08-16 15:31:08,+79082178117,yandex_maps,organic,570,0
mk-002625,call,2026-08-16 15:32:00,+79545955630,(direct),(none),233,0
mk-001923,form,2026-08-16 15:48:11,+7 (980) 876-64-25,yandex,cpc,,0
mk-000696,form,2026-08-16 15:49:58,89111290953,2gis,referral,,0
mk-003013,call,2026-08-16 16:06:50,+79944304705,yandex,cpc,117,0
mk-001126,form,2026-08-16 16:08:52,9242095237,yandex,cpc,,0
mk-002010,call,2026-08-16 16:10:59,+79653645805,google,organic,96,0
mk-001127,form,2026-08-16 16:14:08,8(924)2095237,yandex,cpc,,0
mk-000478,call,2026-08-16 16:27:00,+79094359497,google,organic,226,0
mk-000376,call,2026-08-16 16:31:16,+79809757736,(direct),(none),267,0
mk-002365,form,2026-08-16 16:32:25,7-972-289-55-72,yandex,cpc,,0
mk-001997,call,2026-08-16 16:33:54,+79296982939,(direct),(none),321,0
mk-001172,form,2026-08-16 16:37:58,+7 (998) 579-03-90,google,organic,,0
mk-001721,form,2026-08-16 17:05:03,+79284182293,google,organic,,0
mk-000958,form,2026-08-16 18:35:50,7-963-166-83-63,yandex,cpc,,0
mk-001208,form,2026-08-16 18:55:25,9106073414,yandex,cpc,,0
mk-001209,form,2026-08-16 18:58:33,8(910)6073414,yandex,cpc,,0
mk-000025,form,2026-08-16 19:01:14,8 904 324 56 36,vk,cpc,,0
mk-001210,form,2026-08-16 19:01:32,9106073414,yandex,cpc,,0
mk-000536,form,2026-08-16 19:09:27,+7 (978) 917-14-19,vk,cpc,,0
mk-001017,form,2026-08-16 22:57:01,+7 (939) 865-92-06,vk,cpc,,0
mk-000275,form,2026-08-17 00:08:30,+79472332854,vk,cpc,,0
mk-002294,form,2026-08-17 04:07:05,9958235173,vk,cpc,,0
mk-003048,form,2026-08-17 07:15:08,8 976 737 72 37,yandex,cpc,,0
mk-003049,form,2026-08-17 07:16:37,7-976-737-72-37,yandex,cpc,,0
mk-001618,call,2026-08-17 07:16:59,+79766299028,vk,cpc,207,0
mk-002523,call,2026-08-17 07:21:13,+79893069287,yandex,cpc,240,0
mk-001583,call,2026-08-17 07:24:46,+79468153117,google,organic,8,1
mk-002313,call,2026-08-17 07:27:55,+79904672023,google,organic,543,0
mk-000731,call,2026-08-17 07:31:09,+79424461071,vk,cpc,273,0
mk-002750,call,2026-08-17 07:31:54,+79843253583,(direct),(none),252,0
mk-001565,call,2026-08-17 07:43:17,+79200759791,google,organic,344,0
mk-001452,call,2026-08-17 08:00:25,+79272563292,google,organic,4,1
mk-002903,call,2026-08-17 08:07:46,+79873480203,google,organic,103,0
mk-001343,call,2026-08-17 08:14:54,+79627711625,yandex,cpc,98,0
mk-002506,call,2026-08-17 08:38:30,+79558866083,yandex,cpc,444,0
mk-000715,call,2026-08-17 08:48:29,+79935788415,yandex,cpc,433,0
mk-001197,form,2026-08-17 08:48:53,+7 (996) 669-99-00,yandex,cpc,,0
mk-000997,form,2026-08-17 08:55:29,9952835205,yandex,cpc,,0
mk-002456,call,2026-08-17 08:55:34,+79701035427,(direct),(none),321,0
mk-001665,call,2026-08-17 08:56:20,+79165961026,yandex_maps,organic,538,0
mk-000998,form,2026-08-17 08:58:11,9952835205,yandex,cpc,,0
mk-000999,form,2026-08-17 09:01:55,+79952835205,yandex,cpc,,0
mk-002680,call,2026-08-17 09:03:20,+79984390477,2gis,referral,94,0
mk-002375,call,2026-08-17 09:21:39,+79173678915,vk,cpc,9,1
mk-003122,call,2026-08-17 09:33:29,+79045788847,yandex_maps,organic,238,0
mk-002780,call,2026-08-17 09:43:20,+79417127634,yandex_maps,organic,173,0
mk-002994,call,2026-08-17 09:48:53,+79524916522,yandex,cpc,404,0
mk-001797,call,2026-08-17 09:49:57,+79006573998,2gis,referral,300,0
mk-000853,call,2026-08-17 10:01:13,+79746821710,yandex,cpc,393,0
mk-001600,call,2026-08-17 10:16:23,+79911534566,google,organic,187,0
mk-001114,form,2026-08-17 10:19:18,+79299172698,google,organic,,0
mk-000265,form,2026-08-17 10:20:24,+79937570825,2gis,referral,,0
mk-000430,call,2026-08-17 10:26:24,+79509759421,yandex,cpc,92,0
mk-000808,form,2026-08-17 10:28:21,+7 (939) 359-15-50,yandex_maps,organic,,0
mk-000441,call,2026-08-17 10:30:06,+79615400960,2gis,referral,298,0
mk-002387,call,2026-08-17 10:35:03,+79490840724,google,organic,317,0
mk-001408,call,2026-08-17 10:44:38,+79427832744,(direct),(none),63,0
mk-001652,call,2026-08-17 10:47:19,+79596908327,google,organic,222,0
mk-003160,call,2026-08-17 10:48:38,+79612428414,(direct),(none),117,0
mk-000866,call,2026-08-17 10:52:43,+79088793293,2gis,referral,270,0
mk-002397,form,2026-08-17 10:56:50,+7 (923) 076-79-20,yandex,cpc,,0
mk-002749,form,2026-08-17 10:57:02,+7 (967) 804-18-36,yandex,cpc,,0
mk-002219,call,2026-08-17 11:03:54,+79559520054,google,organic,211,0
mk-002883,call,2026-08-17 11:06:09,+79009431502,2gis,referral,185,0
mk-002323,call,2026-08-17 11:06:34,+79509511627,(direct),(none),307,0
mk-001969,call,2026-08-17 11:09:37,+79883801646,2gis,referral,556,0
mk-000436,call,2026-08-17 11:41:54,+79357595448,yandex,cpc,323,0
mk-000039,call,2026-08-17 11:48:37,+79027454488,2gis,referral,384,0
mk-000585,call,2026-08-17 11:55:59,+79229524487,vk,cpc,216,0
mk-001224,call,2026-08-17 11:57:55,+79846871713,google,organic,179,0
mk-002499,call,2026-08-17 12:06:54,+79004898994,(direct),(none),52,0
mk-003012,call,2026-08-17 12:36:50,+79944304705,yandex,cpc,296,0
mk-000429,call,2026-08-17 12:41:39,+79821643319,google,organic,376,0
mk-001386,call,2026-08-17 13:19:33,+79053074434,yandex,cpc,351,0
mk-001974,call,2026-08-17 13:28:24,+79177806936,(direct),(none),312,0
mk-001808,call,2026-08-17 13:41:15,+79947662750,vk,cpc,298,0
mk-001322,call,2026-08-17 13:45:04,+79961338813,yandex,cpc,514,0
mk-001943,form,2026-08-17 13:48:09,7-922-917-92-61,yandex,cpc,,0
mk-001115,call,2026-08-17 13:50:15,+79851346033,(direct),(none),62,0
mk-001688,form,2026-08-17 13:52:35,89004368823,yandex,cpc,,0
mk-001689,form,2026-08-17 13:56:19,9004368823,yandex,cpc,,0
mk-001690,form,2026-08-17 14:01:25,+7 (900) 436-88-23,yandex,cpc,,0
mk-001551,call,2026-08-17 14:03:39,+79396325703,yandex,cpc,83,0
mk-001888,form,2026-08-17 14:04:18,8 963 041 91 02,vk,cpc,,0
mk-000017,call,2026-08-17 14:12:42,+79452907740,google,organic,546,0
mk-000634,call,2026-08-17 14:12:54,+79235206968,yandex_maps,organic,120,0
mk-002448,form,2026-08-17 14:13:58,+7 (943) 309-72-05,vk,cpc,,0
mk-002067,call,2026-08-17 14:24:51,+79737096639,2gis,referral,4,1
mk-002277,call,2026-08-17 14:24:59,+79247223748,(direct),(none),227,0
mk-001526,call,2026-08-17 14:33:39,+79481792747,google,organic,263,0
mk-002202,call,2026-08-17 14:36:54,+79291026861,yandex_maps,organic,357,0
mk-001403,form,2026-08-17 15:01:15,+79149597270,yandex,cpc,,0
mk-000461,call,2026-08-17 15:04:34,+79404180679,yandex,cpc,58,0
mk-000260,form,2026-08-17 15:11:16,+79956767499,yandex,cpc,,0
mk-003131,form,2026-08-17 15:25:52,+79637996886,2gis,referral,,0
mk-002267,call,2026-08-17 15:35:56,+79478830801,yandex,cpc,235,0
mk-001654,form,2026-08-17 15:38:19,7-950-548-10-67,yandex,cpc,,0
mk-001655,form,2026-08-17 15:40:24,+7 (950) 548-10-67,yandex,cpc,,0
mk-001497,form,2026-08-17 15:40:57,7-951-009-92-80,vk,cpc,,0
mk-003093,call,2026-08-17 15:42:04,+79155393455,vk,cpc,457,0
mk-000749,form,2026-08-17 15:42:08,+79397339943,yandex,cpc,,0
mk-001012,call,2026-08-17 15:42:30,+79884583086,vk,cpc,150,0
mk-001656,form,2026-08-17 15:43:04,9505481067,yandex,cpc,,0
mk-002481,call,2026-08-17 15:51:26,+79499488442,(direct),(none),382,0
mk-002454,form,2026-08-17 15:53:24,8 988 117 94 66,vk,cpc,,0
mk-002857,form,2026-08-17 15:59:51,7-938-721-70-42,yandex,cpc,,0
mk-002440,call,2026-08-17 16:15:03,+79665631891,(direct),(none),259,0
mk-000641,form,2026-08-17 16:15:37,+7 (986) 127-20-47,vk,cpc,,0
mk-001076,call,2026-08-17 16:19:37,+79135622944,google,organic,599,0
mk-001042,call,2026-08-17 16:25:28,+79628674253,2gis,referral,550,0
mk-001681,form,2026-08-17 16:28:57,8 986 111 16 31,yandex,cpc,,0
mk-000044,call,2026-08-17 16:33:48,+79865978523,google,organic,344,0
mk-000124,call,2026-08-17 16:37:09,+79687385249,google,organic,398,0
mk-000576,form,2026-08-17 16:40:59,7-902-229-22-78,yandex,cpc,,0
mk-000577,form,2026-08-17 16:46:25,8 902 229 22 78,yandex,cpc,,0
mk-000312,form,2026-08-17 17:21:11,+79903563575,yandex,cpc,,0
mk-003082,form,2026-08-17 17:30:00,+79491169455,yandex,cpc,,0
mk-000371,form,2026-08-17 18:02:41,8 926 026 39 87,yandex,cpc,,0
mk-000915,form,2026-08-17 18:18:56,9055340868,yandex,cpc,,0
mk-000916,form,2026-08-17 18:24:10,7-905-534-08-68,yandex,cpc,,0
mk-000917,form,2026-08-17 18:27:20,8(905)5340868,yandex,cpc,,0
mk-002702,form,2026-08-17 19:14:28,8 917 606 38 70,vk,cpc,,0
mk-001659,form,2026-08-17 19:34:58,8 955 419 01 80,vk,cpc,,0
mk-000027,form,2026-08-17 19:46:17,+7 (987) 534-64-05,yandex,cpc,,0
mk-001806,form,2026-08-17 21:43:03,+7 (926) 770-91-30,yandex,cpc,,0
mk-001807,form,2026-08-17 21:46:24,+79267709130,yandex,cpc,,0
mk-001363,form,2026-08-17 22:02:27,8 917 949 78 51,vk,cpc,,0
mk-000102,form,2026-08-18 02:01:22,8(939)8722378,yandex,cpc,,0
mk-003103,form,2026-08-18 04:36:15,9431055196,yandex,cpc,,0
mk-000482,form,2026-08-18 05:07:48,+7 (966) 919-29-68,vk,cpc,,0
mk-001000,form,2026-08-18 05:38:58,+7 (971) 059-01-43,vk,cpc,,0
mk-002884,form,2026-08-18 06:57:44,9231088319,(direct),(none),,0
mk-000462,call,2026-08-18 06:59:34,+79404180679,yandex,cpc,231,0
mk-000993,call,2026-08-18 07:09:28,+79661942879,google,organic,359,0
mk-000709,call,2026-08-18 07:13:41,+79788861023,yandex_maps,organic,244,0
mk-002483,call,2026-08-18 07:17:14,+79147073086,2gis,referral,519,0
mk-000523,call,2026-08-18 07:18:20,+79108768537,yandex_maps,organic,117,0
mk-001615,call,2026-08-18 08:13:26,+79778232910,(direct),(none),373,0
mk-000119,call,2026-08-18 08:14:03,+79048655551,yandex,cpc,371,0
mk-002836,call,2026-08-18 08:24:38,+79722324718,yandex,cpc,409,0
mk-000313,call,2026-08-18 08:25:38,+79557316381,yandex_maps,organic,269,0
mk-002286,call,2026-08-18 08:30:35,+79867636748,(direct),(none),2,1
mk-002449,call,2026-08-18 08:32:55,+79627624042,yandex_maps,organic,239,0
mk-002021,call,2026-08-18 08:37:07,+79461791725,2gis,referral,280,0
mk-001811,form,2026-08-18 08:38:50,9464499995,yandex,cpc,,0
mk-002123,call,2026-08-18 08:40:55,+79301223372,vk,cpc,53,0
mk-000989,call,2026-08-18 08:47:51,+79651527580,2gis,referral,139,0
mk-000768,call,2026-08-18 08:54:25,+79725120152,vk,cpc,445,0
mk-002518,form,2026-08-18 08:55:40,89184166062,google,organic,,0
mk-001455,call,2026-08-18 08:55:46,+79227386405,vk,cpc,504,0
mk-001041,form,2026-08-18 09:17:09,8(973)9162351,2gis,referral,,0
mk-001993,call,2026-08-18 09:24:08,+79188977490,yandex_maps,organic,543,0
mk-002595,call,2026-08-18 09:29:47,+79811439806,google,organic,73,0
mk-001901,form,2026-08-18 09:29:58,9522628634,yandex,cpc,,0
mk-003004,call,2026-08-18 09:31:30,+79523988665,yandex,cpc,182,0
mk-000061,call,2026-08-18 09:32:11,+79818345433,yandex,cpc,9,1
mk-001902,form,2026-08-18 09:32:21,89522628634,yandex,cpc,,0
mk-001903,form,2026-08-18 09:34:34,8 952 262 86 34,yandex,cpc,,0
mk-003221,form,2026-08-18 09:46:00,8(999)0000000,test,qa,,0
mk-000748,form,2026-08-18 10:11:59,8 971 192 55 27,google,organic,,0
mk-002234,call,2026-08-18 10:17:56,+79846770416,(direct),(none),6,1
mk-002302,call,2026-08-18 10:49:49,+79095591393,2gis,referral,70,0
mk-000368,call,2026-08-18 10:53:56,+79209578105,yandex,cpc,87,0
mk-001344,call,2026-08-18 11:06:54,+79627711625,yandex,cpc,233,0
mk-002343,call,2026-08-18 11:12:41,+79983331607,yandex_maps,organic,441,0
mk-002732,form,2026-08-18 11:31:12,+7 (917) 820-30-78,vk,cpc,,0
mk-001328,call,2026-08-18 11:31:30,+79041570434,yandex,cpc,97,0
mk-002647,call,2026-08-18 11:39:15,+79760018871,yandex_maps,organic,190,0
mk-001426,call,2026-08-18 11:53:04,+79499580068,2gis,referral,423,0
mk-001407,call,2026-08-18 12:02:30,+79506208426,(direct),(none),175,0
mk-002417,call,2026-08-18 12:15:25,+79797856761,(direct),(none),121,0
mk-000418,call,2026-08-18 12:46:04,+79932630220,vk,cpc,136,0
mk-002540,call,2026-08-18 13:08:52,+79628647240,yandex,cpc,534,0
mk-001195,call,2026-08-18 13:17:32,+79775738443,(direct),(none),91,0
mk-000604,call,2026-08-18 13:24:11,+79568558088,(direct),(none),91,0
mk-001783,call,2026-08-18 13:34:24,+79230246636,2gis,referral,287,0
mk-002905,form,2026-08-18 13:49:53,89263345775,vk,cpc,,0
mk-002715,call,2026-08-18 14:01:19,+79065010547,yandex_maps,organic,35,0
mk-001910,call,2026-08-18 14:01:26,+79810857847,(direct),(none),237,0
mk-003199,call,2026-08-18 14:10:54,+79740621698,google,organic,557,0
mk-000970,call,2026-08-18 14:24:09,+79818773354,vk,cpc,426,0
mk-002934,call,2026-08-18 14:28:57,+79364037321,yandex,cpc,303,0
mk-002545,call,2026-08-18 14:29:11,+79671836959,yandex,cpc,591,0
mk-002242,call,2026-08-18 14:48:26,+79034422876,yandex_maps,organic,8,1
mk-000210,call,2026-08-18 15:03:18,+79750688716,yandex_maps,organic,302,0
mk-000836,call,2026-08-18 15:04:01,+79094205492,(direct),(none),310,0
mk-000614,call,2026-08-18 15:07:57,+79842956242,yandex,cpc,213,0
mk-002552,call,2026-08-18 15:22:35,+79492703329,(direct),(none),185,0
mk-002268,form,2026-08-18 15:35:56,7-947-883-08-01,yandex,cpc,,0
mk-002269,form,2026-08-18 15:39:09,+7 (947) 883-08-01,yandex,cpc,,0
mk-002023,form,2026-08-18 15:41:36,8(946)9583020,yandex,cpc,,0
mk-000432,call,2026-08-18 15:44:13,+79479166250,2gis,referral,403,0
mk-001032,form,2026-08-18 16:13:47,9549993300,yandex,cpc,,0
mk-000100,call,2026-08-18 16:35:36,+79027972995,2gis,referral,443,0
mk-001428,call,2026-08-18 16:38:08,+79465711792,(direct),(none),44,0
mk-002868,call,2026-08-18 16:50:42,+79558323772,2gis,referral,247,0
mk-000008,form,2026-08-18 16:57:52,+79513323863,yandex,cpc,,0
mk-002372,form,2026-08-18 18:36:10,8(945)9623611,vk,cpc,,0
mk-001097,form,2026-08-18 18:57:43,9199029762,yandex,cpc,,0
mk-001821,form,2026-08-18 19:05:14,9820580887,yandex,cpc,,0
mk-000141,form,2026-08-18 19:09:46,8 949 898 02 05,yandex,cpc,,0
mk-000843,form,2026-08-18 20:37:43,89501329720,google,organic,,0
mk-002888,form,2026-08-18 22:06:25,+7 (985) 128-26-44,vk,cpc,,0
mk-002889,form,2026-08-18 22:10:58,89851282644,vk,cpc,,0
mk-002890,form,2026-08-18 22:14:29,9851282644,vk,cpc,,0
mk-002851,form,2026-08-19 00:26:19,89071457545,yandex,cpc,,0
mk-000996,form,2026-08-19 01:10:33,+79166702392,(direct),(none),,0
mk-002131,form,2026-08-19 01:48:19,7-949-356-54-32,vk,cpc,,0
mk-000019,form,2026-08-19 05:28:39,9460014289,google,organic,,0
mk-001575,form,2026-08-19 06:11:05,89479360310,vk,cpc,,0
mk-001726,call,2026-08-19 06:52:30,+79569604500,google,organic,319,0
mk-001353,call,2026-08-19 07:06:24,+79921461361,yandex_maps,organic,320,0
mk-000428,call,2026-08-19 07:07:34,+79358874687,vk,cpc,268,0
mk-002471,call,2026-08-19 07:28:14,+79465046392,2gis,referral,0,1
mk-001543,call,2026-08-19 07:33:32,+79254303304,(direct),(none),390,0
mk-000009,call,2026-08-19 07:57:52,+79513323863,yandex,cpc,515,0
mk-003168,call,2026-08-19 08:01:33,+79440723075,(direct),(none),148,0
mk-001380,call,2026-08-19 08:04:25,+79017603015,google,organic,363,0
mk-002906,call,2026-08-19 08:15:41,+79314487923,yandex,cpc,458,0
mk-001270,form,2026-08-19 08:23:05,89291751879,yandex,cpc,,0
mk-001067,call,2026-08-19 08:33:31,+79055039032,yandex,cpc,468,0
mk-000875,call,2026-08-19 08:55:08,+79444774733,yandex_maps,organic,457,0
mk-001755,form,2026-08-19 08:58:03,+79870623294,yandex,cpc,,0
mk-002425,call,2026-08-19 09:06:10,+79595916997,(direct),(none),466,0
mk-000139,form,2026-08-19 09:12:31,+7 (995) 157-42-43,google,organic,,0
mk-002132,call,2026-08-19 09:15:39,+79451402939,2gis,referral,303,0
mk-002688,call,2026-08-19 09:23:01,+79211113209,2gis,referral,316,0
mk-001345,call,2026-08-19 09:29:32,+79634214899,vk,cpc,599,0
mk-002904,call,2026-08-19 09:31:46,+79873480203,google,organic,335,0
mk-003002,call,2026-08-19 09:39:31,+79011910661,yandex_maps,organic,398,0
mk-002055,form,2026-08-19 09:46:38,9872505761,yandex,cpc,,0
mk-002056,form,2026-08-19 09:47:56,+7 (987) 250-57-61,yandex,cpc,,0
mk-000154,call,2026-08-19 09:57:00,+79278173139,(direct),(none),119,0
mk-001771,call,2026-08-19 09:58:27,+79958289329,2gis,referral,582,0
mk-000310,call,2026-08-19 10:02:18,+79579016233,2gis,referral,492,0
mk-001762,call,2026-08-19 10:07:42,+79969651575,vk,cpc,414,0
mk-002866,call,2026-08-19 10:15:05,+79674402948,google,organic,562,0
mk-000211,form,2026-08-19 10:19:37,9587424840,google,organic,,0
mk-000743,call,2026-08-19 10:20:01,+79491695615,(direct),(none),462,0
mk-000926,call,2026-08-19 10:27:12,+79702441477,yandex,cpc,114,0
mk-001009,call,2026-08-19 10:29:57,+79490577589,2gis,referral,394,0
mk-000030,call,2026-08-19 11:16:11,+79565790201,(direct),(none),162,0
mk-001998,call,2026-08-19 11:22:54,+79518442247,yandex,cpc,432,0
mk-001466,call,2026-08-19 11:34:47,+79853079956,2gis,referral,43,0
mk-001295,call,2026-08-19 11:52:38,+79195571736,yandex,cpc,587,0
mk-001324,call,2026-08-19 12:09:32,+79761005335,yandex_maps,organic,197,0
mk-001494,call,2026-08-19 12:18:03,+79345980949,(direct),(none),169,0
mk-002512,call,2026-08-19 12:19:42,+79684373446,yandex,cpc,530,0
mk-002617,call,2026-08-19 12:21:52,+79107365132,yandex_maps,organic,156,0
mk-001326,form,2026-08-19 12:35:54,8 920 898 37 32,google,organic,,0
mk-002238,call,2026-08-19 13:11:19,+79149598905,(direct),(none),380,0
mk-002970,call,2026-08-19 13:21:32,+79946116851,yandex_maps,organic,396,0
mk-003009,call,2026-08-19 13:22:48,+79168843545,yandex,cpc,144,0
mk-002703,call,2026-08-19 13:24:01,+79468435896,yandex_maps,organic,2,1
mk-001218,call,2026-08-19 13:27:36,+79780812538,yandex_maps,organic,81,0
mk-002500,call,2026-08-19 13:36:35,+79538446016,2gis,referral,99,0
mk-002988,form,2026-08-19 13:41:46,7-905-976-46-06,vk,cpc,,0
mk-001384,call,2026-08-19 13:44:46,+79265002895,(direct),(none),199,0
mk-002205,call,2026-08-19 13:53:41,+79316669546,2gis,referral,526,0
mk-001499,call,2026-08-19 13:58:30,+79140168205,yandex_maps,organic,399,0
mk-001281,call,2026-08-19 14:13:05,+79908997524,(direct),(none),383,0
mk-000248,form,2026-08-19 14:14:07,8(915)4917215,yandex,cpc,,0
mk-001929,form,2026-08-19 14:17:33,8(973)3231463,vk,cpc,,0
mk-000882,form,2026-08-19 14:30:40,89620024459,yandex,cpc,,0
mk-002221,call,2026-08-19 14:38:13,+79311781472,(direct),(none),219,0
mk-002848,call,2026-08-19 14:39:19,+79689868550,google,organic,316,0
mk-002455,call,2026-08-19 14:41:53,+79985486067,2gis,referral,316,0
mk-001779,call,2026-08-19 14:50:08,+79109383870,(direct),(none),363,0
mk-001977,call,2026-08-19 15:02:46,+79061020246,yandex,cpc,407,0
mk-002943,call,2026-08-19 15:09:02,+79998206577,yandex,cpc,415,0
mk-002315,form,2026-08-19 15:12:09,+79775659332,yandex,cpc,,0
mk-001435,call,2026-08-19 15:22:49,+79394949295,2gis,referral,592,0
mk-001879,call,2026-08-19 15:30:19,+79313502520,(direct),(none),327,0
mk-002255,call,2026-08-19 15:45:34,+79576669057,2gis,referral,304,0
mk-001269,call,2026-08-19 15:47:16,+79749661481,2gis,referral,412,0
mk-001629,call,2026-08-19 15:47:35,+79855296303,yandex,cpc,4,1
mk-002303,call,2026-08-19 16:17:32,+79548796880,yandex,cpc,435,0
mk-002918,call,2026-08-19 16:17:55,+79268003134,(direct),(none),88,0
mk-002725,form,2026-08-19 16:21:57,8(943)3889835,yandex,cpc,,0
mk-001564,call,2026-08-19 16:42:17,+79200759791,google,organic,65,0
mk-000453,form,2026-08-19 16:56:25,8(924)7862781,yandex,cpc,,0
mk-000454,form,2026-08-19 16:58:40,8 924 786 27 81,yandex,cpc,,0
mk-000455,form,2026-08-19 17:03:13,89247862781,yandex,cpc,,0
mk-000203,form,2026-08-19 17:04:41,8 996 828 17 33,yandex,cpc,,0
mk-001531,form,2026-08-19 17:26:14,8 978 836 61 26,yandex,cpc,,0
mk-003206,form,2026-08-19 17:37:32,8(943)3637806,yandex,cpc,,0
mk-000608,form,2026-08-19 17:45:26,8(958)4298390,vk,cpc,,0
mk-001675,form,2026-08-19 18:39:02,8 993 542 26 80,yandex,cpc,,0
mk-002759,form,2026-08-19 18:50:19,8 904 247 41 56,yandex,cpc,,0
mk-000122,form,2026-08-19 19:00:00,89915821525,yandex,cpc,,0
mk-003041,form,2026-08-19 19:11:30,9922758133,yandex,cpc,,0
mk-002301,form,2026-08-19 19:44:11,8 901 247 71 02,vk,cpc,,0
mk-000394,form,2026-08-19 19:44:48,+7 (937) 719-72-84,google,organic,,0
mk-002660,form,2026-08-19 20:22:43,9011800783,yandex,cpc,,0
mk-000644,form,2026-08-19 21:08:49,+79173819232,google,organic,,0
mk-000660,form,2026-08-19 21:52:31,+7 (987) 707-86-38,google,organic,,0
mk-002525,form,2026-08-19 22:03:15,+7 (980) 387-39-66,yandex,cpc,,0
mk-000738,form,2026-08-20 00:24:10,+79508916938,vk,cpc,,0
mk-001598,form,2026-08-20 02:17:26,89492314421,yandex,cpc,,0
mk-000224,form,2026-08-20 02:20:11,89267333473,vk,cpc,,0
mk-001599,form,2026-08-20 02:23:22,8(949)2314421,yandex,cpc,,0
mk-000902,form,2026-08-20 02:31:12,8 944 610 36 96,google,organic,,0
mk-000625,form,2026-08-20 05:53:57,+79246326583,google,organic,,0
mk-001569,call,2026-08-20 06:04:52,+79373743454,2gis,referral,47,0
mk-001862,form,2026-08-20 06:23:25,+79326326955,vk,cpc,,0
mk-000528,call,2026-08-20 06:53:53,+79388512864,2gis,referral,351,0
mk-000541,call,2026-08-20 07:01:54,+79514991820,2gis,referral,308,0
mk-002349,call,2026-08-20 07:13:17,+79912220243,2gis,referral,527,0
mk-000797,call,2026-08-20 07:21:17,+79200104206,yandex,cpc,311,0
mk-002434,call,2026-08-20 07:28:50,+79187726468,yandex_maps,organic,502,0
mk-003186,call,2026-08-20 07:33:38,+79854376207,2gis,referral,588,0
mk-001335,call,2026-08-20 08:07:12,+79329762965,yandex,cpc,56,0
mk-000316,call,2026-08-20 08:09:45,+79584626864,google,organic,154,0
mk-002543,call,2026-08-20 08:13:34,+79849836307,google,organic,7,1
mk-001385,call,2026-08-20 08:16:46,+79265002895,(direct),(none),100,0
mk-002275,call,2026-08-20 08:19:12,+79032806899,(direct),(none),55,0
mk-001429,form,2026-08-20 08:38:08,+7 (946) 571-17-92,(direct),(none),,0
mk-001891,form,2026-08-20 08:38:45,89358665866,2gis,referral,,0
mk-001254,call,2026-08-20 08:41:38,+79544332213,yandex,cpc,5,1
mk-001430,form,2026-08-20 08:42:10,+7 (946) 571-17-92,(direct),(none),,0
mk-002743,form,2026-08-20 09:11:18,8 945 292 45 25,yandex,cpc,,0
mk-002744,form,2026-08-20 09:12:19,8 945 292 45 25,yandex,cpc,,0
mk-001471,call,2026-08-20 09:13:51,+79334806670,yandex,cpc,483,0
mk-001433,call,2026-08-20 09:25:57,+79480068754,yandex,cpc,334,0
mk-000963,call,2026-08-20 09:31:33,+79119817848,(direct),(none),312,0
mk-002048,form,2026-08-20 09:41:01,9312034760,google,organic,,0
mk-001809,form,2026-08-20 09:41:15,7-994-766-27-50,vk,cpc,,0
mk-002561,call,2026-08-20 09:41:35,+79521436845,yandex_maps,organic,251,0
mk-001116,call,2026-08-20 09:52:15,+79851346033,(direct),(none),390,0
mk-001528,call,2026-08-20 09:52:36,+79083951217,yandex,cpc,336,0
mk-000476,call,2026-08-20 10:05:38,+79278672793,yandex_maps,organic,474,0
mk-002226,call,2026-08-20 10:14:57,+79414030438,(direct),(none),107,0
mk-000526,form,2026-08-20 10:21:01,8(977)1347607,yandex,cpc,,0
mk-001740,call,2026-08-20 10:22:25,+79704958618,(direct),(none),6,1
mk-000396,form,2026-08-20 10:25:14,7-951-126-16-77,yandex,cpc,,0
mk-002441,call,2026-08-20 10:27:38,+79617584153,google,organic,396,0
mk-002248,call,2026-08-20 10:28:10,+79379030894,2gis,referral,252,0
mk-002919,call,2026-08-20 10:30:55,+79268003134,(direct),(none),68,0
mk-003113,call,2026-08-20 10:38:35,+79505876175,vk,cpc,329,0
mk-001568,call,2026-08-20 10:50:52,+79373743454,2gis,referral,221,0
mk-000501,call,2026-08-20 10:54:01,+79706536411,2gis,referral,542,0
mk-002224,call,2026-08-20 10:59:12,+79692108464,yandex,cpc,9,1
mk-001558,call,2026-08-20 11:07:17,+79873995458,google,organic,247,0
mk-000135,call,2026-08-20 11:08:31,+79841523924,yandex,cpc,391,0
mk-001425,call,2026-08-20 11:23:32,+79065597967,(direct),(none),301,0
mk-000761,call,2026-08-20 11:31:14,+79254854485,2gis,referral,281,0
mk-001132,call,2026-08-20 11:36:20,+79079758704,(direct),(none),75,0
mk-001280,call,2026-08-20 11:38:22,+79982411637,(direct),(none),498,0
mk-001228,form,2026-08-20 11:43:46,+7 (922) 789-26-39,yandex,cpc,,0
mk-003224,form,2026-08-20 11:44:00,9990000001,test,qa,,0
mk-002130,form,2026-08-20 11:55:51,7-910-566-14-92,(direct),(none),,0
mk-000063,call,2026-08-20 12:11:11,+79710478232,2gis,referral,470,0
mk-000180,form,2026-08-20 12:42:29,8 922 573 95 81,yandex,cpc,,0
mk-002812,call,2026-08-20 12:43:31,+79815462730,2gis,referral,299,0
mk-003190,call,2026-08-20 12:54:28,+79764386872,yandex_maps,organic,43,0
mk-002920,call,2026-08-20 12:57:55,+79268003134,(direct),(none),159,0
mk-003006,call,2026-08-20 13:01:12,+79317511912,yandex_maps,organic,341,0
mk-002390,call,2026-08-20 13:20:27,+79237986718,(direct),(none),187,0
mk-002893,call,2026-08-20 13:31:42,+79787300695,yandex,cpc,290,0
mk-001635,call,2026-08-20 13:42:23,+79874952012,google,organic,314,0
mk-002907,call,2026-08-20 13:44:41,+79314487923,yandex,cpc,69,0
mk-002758,call,2026-08-20 14:02:45,+79345547252,google,organic,234,0
mk-000255,form,2026-08-20 14:19:24,8(965)5883220,vk,cpc,,0
mk-000078,form,2026-08-20 14:19:47,8(959)6116491,yandex,cpc,,0
mk-001877,call,2026-08-20 14:26:03,+79167610815,vk,cpc,108,0
mk-000813,call,2026-08-20 14:37:55,+79955795304,vk,cpc,5,1
mk-000582,call,2026-08-20 14:53:28,+79299880008,yandex,cpc,233,0
mk-000093,call,2026-08-20 15:04:45,+79895944597,yandex,cpc,325,0
mk-001393,call,2026-08-20 15:05:17,+79623215122,google,organic,461,0
mk-001242,call,2026-08-20 15:11:01,+79985878047,yandex_maps,organic,0,1
mk-000858,form,2026-08-20 15:35:17,8 922 231 78 81,vk,cpc,,0
mk-002000,form,2026-08-20 15:39:35,+7 (920) 817-87-96,yandex,cpc,,0
mk-002304,call,2026-08-20 15:45:54,+79061919882,yandex,cpc,457,0
mk-000704,call,2026-08-20 16:30:48,+79379840908,yandex_maps,organic,397,0
mk-001625,call,2026-08-20 16:47:02,+79454362315,google,organic,478,0
mk-002929,form,2026-08-20 18:01:32,8 908 626 05 53,yandex,cpc,,0
mk-000588,form,2026-08-20 19:11:19,9396770737,google,organic,,0
mk-002317,form,2026-08-20 19:11:58,7-948-541-69-19,yandex,cpc,,0
mk-002985,form,2026-08-20 19:17:03,7-978-592-99-11,yandex,cpc,,0
mk-002865,form,2026-08-20 19:20:27,8(930)9942285,yandex,cpc,,0
mk-000280,form,2026-08-20 19:27:38,8(923)8585313,google,organic,,0
mk-000601,form,2026-08-20 19:40:51,8 924 272 53 43,vk,cpc,,0
mk-001308,form,2026-08-20 19:53:00,+79507911010,yandex,cpc,,0
mk-001309,form,2026-08-20 19:54:48,8(950)7911010,yandex,cpc,,0
mk-002106,form,2026-08-20 19:56:24,9473375266,vk,cpc,,0
mk-001773,form,2026-08-20 20:10:42,8 961 901 89 44,google,organic,,0
mk-000262,form,2026-08-20 21:41:29,+79407057483,yandex,cpc,,0
mk-000174,form,2026-08-20 22:13:58,89693972526,yandex_maps,organic,,0
mk-002583,form,2026-08-20 23:02:16,89377709339,yandex,cpc,,0
mk-002983,form,2026-08-20 23:32:00,+7 (989) 308-86-31,yandex,cpc,,0
mk-001056,form,2026-08-21 00:07:47,9674737927,yandex,cpc,,0
mk-000957,form,2026-08-21 01:40:16,89474729920,yandex,cpc,,0
mk-000657,form,2026-08-21 01:54:10,8 911 872 18 15,yandex,cpc,,0
mk-002582,form,2026-08-21 02:35:10,9165712790,yandex,cpc,,0
mk-000643,form,2026-08-21 03:58:45,+79334526129,vk,cpc,,0
mk-003083,form,2026-08-21 04:22:22,+7 (940) 756-34-47,yandex,cpc,,0
mk-001332,call,2026-08-21 06:00:29,+79446074633,(direct),(none),0,1
mk-002124,call,2026-08-21 06:01:55,+79301223372,vk,cpc,42,0
mk-002728,call,2026-08-21 06:06:39,+79114885147,(direct),(none),435,0
mk-000204,call,2026-08-21 06:16:57,+79406802523,(direct),(none),279,0
mk-002416,form,2026-08-21 06:20:28,7-947-640-03-80,2gis,referral,,0
mk-000803,form,2026-08-21 06:20:45,8(902)4375421,vk,cpc,,0
mk-001620,form,2026-08-21 06:52:14,+79110966498,yandex,cpc,,0
mk-001255,call,2026-08-21 06:55:38,+79544332213,yandex,cpc,321,0
mk-000542,call,2026-08-21 06:57:54,+79514991820,2gis,referral,272,0
mk-003182,form,2026-08-21 07:08:31,8 981 512 19 99,yandex,cpc,,0
mk-001015,call,2026-08-21 07:09:13,+79194309976,vk,cpc,9,1
mk-003085,call,2026-08-21 07:15:58,+79774935644,2gis,referral,59,0
mk-000563,call,2026-08-21 07:50:00,+79009367751,google,organic,103,0
mk-000420,call,2026-08-21 08:00:04,+79932630220,vk,cpc,54,0
mk-002632,call,2026-08-21 08:02:45,+79851344034,google,organic,87,0
mk-000742,call,2026-08-21 08:11:18,+79228463240,google,organic,170,0
mk-002168,call,2026-08-21 08:14:40,+79025012320,google,organic,457,0
mk-000668,call,2026-08-21 08:15:46,+79102185969,2gis,referral,184,0
mk-002524,call,2026-08-21 08:21:54,+79106162347,yandex,cpc,512,0
mk-002472,call,2026-08-21 08:42:54,+79939698220,yandex_maps,organic,247,0
mk-000137,call,2026-08-21 08:54:31,+79841523924,yandex,cpc,40,0
mk-002709,form,2026-08-21 08:56:48,8 994 737 51 76,vk,cpc,,0
mk-001489,call,2026-08-21 09:00:34,+79034736276,google,organic,154,0
mk-001053,form,2026-08-21 09:07:15,8(930)7482124,yandex,cpc,,0
mk-001054,form,2026-08-21 09:11:13,7-930-748-21-24,yandex,cpc,,0
mk-000348,call,2026-08-21 09:13:01,+79489052342,yandex,cpc,38,0
mk-002754,call,2026-08-21 09:37:33,+79341039079,yandex_maps,organic,467,0
mk-003207,call,2026-08-21 09:49:03,+79936734493,yandex,cpc,298,0
mk-000111,call,2026-08-21 10:43:25,+79979375888,yandex,cpc,339,0
mk-001450,call,2026-08-21 10:50:21,+79466848239,2gis,referral,2,1
mk-001266,call,2026-08-21 10:51:58,+79515712094,yandex,cpc,467,0
mk-001203,call,2026-08-21 10:55:57,+79516111395,(direct),(none),81,0
mk-002787,call,2026-08-21 11:01:46,+79160728513,(direct),(none),450,0
mk-000635,form,2026-08-21 11:12:54,7-923-520-69-68,yandex_maps,organic,,0
mk-000727,call,2026-08-21 11:13:54,+79577307617,yandex,cpc,310,0
mk-001646,call,2026-08-21 11:18:18,+79718114523,yandex,cpc,544,0
mk-000786,form,2026-08-21 11:21:42,8(917)6647458,yandex,cpc,,0
mk-000787,form,2026-08-21 11:24:52,9176647458,yandex,cpc,,0
mk-002369,form,2026-08-21 11:25:05,9222962335,yandex,cpc,,0
mk-001220,call,2026-08-21 11:34:36,+79780812538,yandex_maps,organic,147,0
mk-003014,call,2026-08-21 11:38:56,+79626844305,2gis,referral,262,0
mk-000531,form,2026-08-21 11:57:59,8(951)8698400,yandex,cpc,,0
mk-000975,call,2026-08-21 12:00:53,+79087867818,(direct),(none),268,0
mk-001367,call,2026-08-21 12:23:50,+79241021531,(direct),(none),158,0
mk-002329,call,2026-08-21 12:27:35,+79969945511,2gis,referral,535,0
mk-000893,call,2026-08-21 12:30:36,+79242577375,yandex,cpc,567,0
mk-001419,call,2026-08-21 12:37:05,+79764645444,yandex,cpc,506,0
mk-002257,call,2026-08-21 12:40:34,+79576669057,2gis,referral,136,0
mk-000872,form,2026-08-21 12:51:09,9600125764,yandex,cpc,,0
mk-001691,call,2026-08-21 12:51:53,+79019995248,vk,cpc,94,0
mk-002005,form,2026-08-21 12:55:37,7-974-151-01-66,yandex,cpc,,0
mk-000918,call,2026-08-21 13:18:56,+79055340868,yandex,cpc,288,0
mk-002891,call,2026-08-21 13:20:02,+79836651812,(direct),(none),400,0
mk-002468,call,2026-08-21 13:25:01,+79163944249,2gis,referral,43,0
mk-002606,call,2026-08-21 13:38:32,+79539507471,yandex,cpc,82,0
mk-002869,form,2026-08-21 13:50:42,89558323772,2gis,referral,,0
mk-002485,call,2026-08-21 13:58:14,+79147073086,2gis,referral,243,0
mk-001512,call,2026-08-21 14:10:41,+79734596408,2gis,referral,0,1
mk-001323,call,2026-08-21 14:25:59,+79366401945,2gis,referral,323,0
mk-002621,call,2026-08-21 14:26:30,+79900503705,yandex,cpc,396,0
mk-000846,call,2026-08-21 14:26:33,+79878832746,2gis,referral,384,0
mk-003090,call,2026-08-21 14:29:18,+79311901233,yandex,cpc,9,1
mk-000153,call,2026-08-21 14:34:52,+79623775142,yandex_maps,organic,176,0
mk-001613,call,2026-08-21 14:56:34,+79678787579,yandex,cpc,406,0
mk-002319,call,2026-08-21 15:17:33,+79572728603,yandex_maps,organic,71,0
mk-002550,call,2026-08-21 15:20:42,+79294112250,google,organic,561,0
mk-002447,call,2026-08-21 15:22:33,+79164506376,(direct),(none),313,0
mk-000422,call,2026-08-21 15:35:38,+79849470178,yandex,cpc,304,0
mk-002474,call,2026-08-21 15:46:52,+79715123193,(direct),(none),522,0
mk-000163,form,2026-08-21 16:08:01,8(925)9825022,yandex,cpc,,0
mk-000164,form,2026-08-21 16:11:01,89259825022,yandex,cpc,,0
mk-000165,form,2026-08-21 16:12:45,8 925 982 50 22,yandex,cpc,,0
mk-000781,call,2026-08-21 16:13:01,+79808267306,google,organic,416,0
mk-002600,form,2026-08-21 16:16:57,8(909)9124823,yandex,cpc,,0
mk-002689,call,2026-08-21 16:18:01,+79211113209,2gis,referral,205,0
mk-001950,form,2026-08-21 16:19:34,9697209057,yandex,cpc,,0
mk-002640,form,2026-08-21 16:20:09,8(982)2078035,yandex,cpc,,0
mk-001824,call,2026-08-21 16:35:52,+79182172108,google,organic,417,0
mk-002398,call,2026-08-21 16:39:38,+79184371592,2gis,referral,9,1
mk-001744,form,2026-08-21 17:02:05,8(992)5974570,yandex,cpc,,0
mk-001813,form,2026-08-21 17:35:24,9032432477,vk,cpc,,0
mk-002538,form,2026-08-21 18:12:38,9920536401,vk,cpc,,0
mk-001668,form,2026-08-21 18:49:36,7-960-712-42-56,yandex,cpc,,0
mk-001976,form,2026-08-21 19:03:31,8(960)4614130,yandex,cpc,,0
mk-002879,form,2026-08-21 19:37:13,9367699301,vk,cpc,,0
mk-000243,form,2026-08-21 19:37:26,9905613534,yandex,cpc,,0
mk-000733,form,2026-08-21 22:24:03,+79366805010,google,organic,,0
mk-000522,form,2026-08-21 23:00:07,+7 (974) 599-17-89,yandex,cpc,,0
mk-002658,form,2026-08-22 01:47:25,+79973363072,vk,cpc,,0
mk-001443,form,2026-08-22 03:43:03,9763891817,vk,cpc,,0
mk-002849,call,2026-08-22 06:07:19,+79689868550,google,organic,38,0
mk-000769,call,2026-08-22 06:15:07,+79035135997,(direct),(none),239,0
mk-002002,form,2026-08-22 06:22:28,+7 (948) 403-89-42,2gis,referral,,0
mk-002846,call,2026-08-22 06:37:24,+79375094197,(direct),(none),58,0
mk-002393,call,2026-08-22 07:09:08,+79203597874,yandex_maps,organic,579,0
mk-002965,call,2026-08-22 07:14:08,+79017864856,yandex,cpc,332,0
mk-002785,call,2026-08-22 07:27:20,+79873111934,2gis,referral,142,0
mk-002995,call,2026-08-22 07:32:53,+79524916522,yandex,cpc,357,0
mk-001892,call,2026-08-22 07:38:45,+79358665866,2gis,referral,481,0
mk-002778,call,2026-08-22 07:48:25,+79926346745,yandex,cpc,292,0
mk-002137,call,2026-08-22 07:48:40,+79590622378,yandex,cpc,76,0
mk-000621,form,2026-08-22 07:57:42,7-975-222-71-99,vk,cpc,,0
mk-001576,call,2026-08-22 07:59:14,+79754297314,vk,cpc,150,0
mk-002484,call,2026-08-22 08:10:14,+79147073086,2gis,referral,241,0
mk-002568,call,2026-08-22 08:34:10,+79144496374,yandex_maps,organic,235,0
mk-000005,call,2026-08-22 08:41:13,+79487445749,(direct),(none),532,0
mk-000130,call,2026-08-22 08:42:58,+79919314997,2gis,referral,364,0
mk-000169,call,2026-08-22 08:45:34,+79201654494,(direct),(none),315,0
mk-002705,call,2026-08-22 08:55:01,+79468435896,yandex_maps,organic,43,0
mk-001051,call,2026-08-22 09:03:24,+79637801309,yandex_maps,organic,267,0
mk-002663,call,2026-08-22 09:03:57,+79190000883,vk,cpc,6,1
mk-003159,call,2026-08-22 09:12:27,+79744939501,yandex,cpc,130,0
mk-002143,call,2026-08-22 09:17:35,+79041055818,yandex,cpc,466,0
mk-002092,call,2026-08-22 09:21:39,+79874860366,(direct),(none),206,0
mk-001825,call,2026-08-22 09:52:52,+79182172108,google,organic,303,0
mk-000390,form,2026-08-22 10:03:13,9585704421,vk,cpc,,0
mk-002469,call,2026-08-22 10:13:01,+79163944249,2gis,referral,341,0
mk-002707,form,2026-08-22 10:16:15,+7 (942) 435-33-88,google,organic,,0
mk-000018,call,2026-08-22 10:21:46,+79201331510,google,organic,50,0
mk-002432,call,2026-08-22 10:23:19,+79887047882,yandex_maps,organic,130,0
mk-002882,call,2026-08-22 10:33:14,+79277260906,google,organic,90,0
mk-002305,call,2026-08-22 10:36:54,+79061919882,yandex,cpc,310,0
mk-001113,call,2026-08-22 10:52:03,+79906862380,2gis,referral,61,0
mk-002553,call,2026-08-22 10:59:35,+79492703329,(direct),(none),196,0
mk-000242,call,2026-08-22 11:02:33,+79074036059,(direct),(none),67,0
mk-002704,call,2026-08-22 11:11:01,+79468435896,yandex_maps,organic,341,0
mk-001867,call,2026-08-22 11:18:01,+79872446908,2gis,referral,3,1
mk-002555,form,2026-08-22 11:22:35,8(949)2703329,(direct),(none),,0
mk-000618,call,2026-08-22 11:37:08,+79160188747,yandex_maps,organic,377,0
mk-001827,call,2026-08-22 11:42:47,+79921250645,(direct),(none),216,0
mk-000173,call,2026-08-22 11:48:03,+79966609615,2gis,referral,133,0
mk-003161,call,2026-08-22 11:48:38,+79612428414,(direct),(none),104,0
mk-001787,call,2026-08-22 12:11:00,+79279717583,google,organic,540,0
mk-001413,call,2026-08-22 12:23:25,+79349300773,yandex,cpc,1,1
mk-000152,call,2026-08-22 12:31:04,+79846645586,google,organic,451,0
mk-003019,call,2026-08-22 12:40:16,+79208960429,(direct),(none),458,0
mk-001757,call,2026-08-22 12:42:39,+79347317433,vk,cpc,227,0
mk-001720,call,2026-08-22 12:47:52,+79618063253,vk,cpc,444,0
mk-001462,form,2026-08-22 12:57:48,9822848462,google,organic,,0
mk-002206,call,2026-08-22 12:58:41,+79316669546,2gis,referral,122,0
mk-003060,call,2026-08-22 13:01:10,+79978934270,google,organic,446,0
mk-000937,call,2026-08-22 13:08:30,+79022387586,2gis,referral,427,0
mk-002008,call,2026-08-22 13:09:17,+79547384219,(direct),(none),414,0
mk-003205,call,2026-08-22 13:11:24,+79115090923,2gis,referral,0,1
mk-001924,form,2026-08-22 13:31:42,+7 (923) 198-35-99,google,organic,,0
mk-002203,call,2026-08-22 13:36:07,+79144176647,2gis,referral,210,0
mk-002767,call,2026-08-22 13:37:30,+79811162000,google,organic,290,0
mk-003211,call,2026-08-22 13:41:14,+79974536673,(direct),(none),326,0
mk-000524,call,2026-08-22 13:42:58,+79102193251,yandex,cpc,206,0
mk-003056,call,2026-08-22 13:44:15,+79341786628,2gis,referral,550,0
mk-003136,call,2026-08-22 13:55:27,+79742846815,yandex,cpc,414,0
mk-002169,form,2026-08-22 14:02:56,7-960-109-25-72,yandex,cpc,,0
mk-003156,call,2026-08-22 14:27:55,+79150850947,yandex,cpc,419,0
mk-002107,call,2026-08-22 14:34:01,+79974985408,(direct),(none),398,0
mk-001093,call,2026-08-22 14:36:13,+79963158066,(direct),(none),579,0
mk-001660,call,2026-08-22 14:39:35,+79115968500,(direct),(none),358,0
mk-000433,form,2026-08-22 14:44:13,7-947-916-62-50,2gis,referral,,0
mk-000109,call,2026-08-22 14:56:24,+79450604915,vk,cpc,530,0
mk-001848,call,2026-08-22 15:03:32,+79256729294,yandex_maps,organic,496,0
mk-001146,call,2026-08-22 15:08:30,+79236655441,(direct),(none),222,0
mk-001780,call,2026-08-22 15:12:21,+79669056782,(direct),(none),302,0
mk-003066,call,2026-08-22 15:32:52,+79438835563,vk,cpc,137,0
mk-001039,call,2026-08-22 15:37:02,+79570255431,(direct),(none),371,0
mk-001988,call,2026-08-22 15:40:14,+79073922081,2gis,referral,279,0
mk-002182,call,2026-08-22 15:40:57,+79155726675,yandex_maps,organic,475,0
mk-000539,form,2026-08-22 15:42:15,89341485398,google,organic,,0
mk-000873,call,2026-08-22 15:43:11,+79525762681,yandex_maps,organic,296,0
mk-000337,call,2026-08-22 15:45:12,+79390483642,(direct),(none),448,0
mk-000083,form,2026-08-22 16:04:20,7-944-639-25-69,yandex,cpc,,0
mk-002241,form,2026-08-22 16:04:35,8(914)0207296,yandex,cpc,,0
mk-000084,form,2026-08-22 16:07:53,9446392569,yandex,cpc,,0
mk-000419,call,2026-08-22 16:17:04,+79932630220,vk,cpc,192,0
mk-002915,call,2026-08-22 16:48:09,+79290919825,google,organic,67,0
mk-000040,call,2026-08-22 16:55:37,+79027454488,2gis,referral,397,0
mk-000294,form,2026-08-22 16:57:27,89574809754,yandex,cpc,,0
mk-001760,form,2026-08-22 18:20:48,8 965 414 72 99,yandex,cpc,,0
mk-002433,form,2026-08-22 18:38:47,7-984-795-09-44,yandex,cpc,,0
mk-001592,form,2026-08-22 19:27:00,9487746977,yandex,cpc,,0
mk-000888,form,2026-08-22 20:07:14,9437611449,google,organic,,0
mk-000905,form,2026-08-22 21:14:29,+79419512606,yandex,cpc,,0
mk-002144,form,2026-08-23 00:17:28,9489724908,yandex,cpc,,0
mk-000896,form,2026-08-23 01:50:57,89838821170,google,organic,,0
mk-001980,form,2026-08-23 03:53:50,7-995-323-93-25,yandex,cpc,,0
mk-003152,form,2026-08-23 04:29:05,+7 (905) 978-13-01,yandex,cpc,,0
mk-000579,form,2026-08-23 05:57:14,8(921)1417902,yandex,cpc,,0
mk-001630,call,2026-08-23 06:18:35,+79855296303,yandex,cpc,173,0
mk-002119,form,2026-08-23 06:33:57,+79437977157,vk,cpc,,0
mk-002120,form,2026-08-23 06:37:07,8 943 797 71 57,vk,cpc,,0
mk-003141,form,2026-08-23 06:48:22,+79956400628,vk,cpc,,0
mk-001500,call,2026-08-23 07:00:30,+79140168205,yandex_maps,organic,233,0
mk-001068,form,2026-08-23 07:29:05,8 933 012 56 08,yandex,cpc,,0
mk-001059,call,2026-08-23 07:43:41,+79705734941,google,organic,194,0
mk-003118,call,2026-08-23 07:45:11,+79070625544,vk,cpc,349,0
mk-001441,call,2026-08-23 07:58:29,+79550892424,yandex_maps,organic,457,0
mk-003087,call,2026-08-23 07:59:29,+79883803420,2gis,referral,285,0
mk-001751,form,2026-08-23 08:03:04,+79418654164,yandex,cpc,,0
mk-001752,form,2026-08-23 08:04:45,8 941 865 41 64,yandex,cpc,,0
mk-001753,form,2026-08-23 08:10:27,7-941-865-41-64,yandex,cpc,,0
mk-001761,call,2026-08-23 08:20:48,+79654147299,yandex,cpc,259,0
mk-002357,call,2026-08-23 08:22:57,+79777533137,vk,cpc,205,0
mk-001107,call,2026-08-23 08:33:12,+79317646578,(direct),(none),184,0
mk-000732,call,2026-08-23 08:36:09,+79424461071,vk,cpc,213,0
mk-002570,call,2026-08-23 08:40:44,+79217858371,(direct),(none),189,0
mk-000409,call,2026-08-23 08:40:45,+79034813226,2gis,referral,321,0
mk-002969,call,2026-08-23 08:43:41,+79619159358,(direct),(none),370,0
mk-002695,call,2026-08-23 08:48:12,+79982692540,2gis,referral,0,1
mk-002174,call,2026-08-23 08:50:45,+79454583475,vk,cpc,96,0
mk-000092,call,2026-08-23 09:36:49,+79255954279,yandex_maps,organic,249,0
mk-000710,call,2026-08-23 09:37:36,+79065219975,yandex_maps,organic,565,0
mk-001741,call,2026-08-23 09:52:25,+79704958618,(direct),(none),274,0
mk-003098,call,2026-08-23 09:54:21,+79531594850,yandex_maps,organic,9,1
mk-001021,call,2026-08-23 09:54:38,+79658686069,yandex,cpc,228,0
mk-001481,call,2026-08-23 10:05:11,+79313413474,vk,cpc,369,0
mk-001810,call,2026-08-23 10:06:36,+79649857870,yandex_maps,organic,116,0
mk-001772,call,2026-08-23 10:07:27,+79958289329,2gis,referral,48,0
mk-002498,call,2026-08-23 10:12:22,+79424962803,2gis,referral,164,0
mk-003235,form,2026-08-23 10:34:00,+7 (900) 000-00-00,test,qa,,0
mk-002428,call,2026-08-23 10:36:18,+79231207765,(direct),(none),8,1
mk-001826,call,2026-08-23 10:36:52,+79182172108,google,organic,169,0
mk-001788,call,2026-08-23 10:58:00,+79279717583,google,organic,355,0
mk-001219,call,2026-08-23 11:02:36,+79780812538,yandex_maps,organic,290,0
mk-003062,call,2026-08-23 11:03:10,+79978934270,google,organic,90,0
mk-001601,call,2026-08-23 11:15:23,+79911534566,google,organic,160,0
mk-000669,call,2026-08-23 11:30:46,+79102185969,2gis,referral,347,0
mk-001081,call,2026-08-23 11:32:00,+79293372600,2gis,referral,578,0
mk-002768,form,2026-08-23 11:37:30,9811162000,google,organic,,0
mk-002597,call,2026-08-23 11:47:54,+79797366580,vk,cpc,288,0
mk-002755,call,2026-08-23 11:48:33,+79341039079,yandex_maps,organic,202,0
mk-001978,call,2026-08-23 11:51:07,+79465545034,2gis,referral,557,0
mk-000363,call,2026-08-23 11:56:11,+79284283440,(direct),(none),548,0
mk-003038,call,2026-08-23 12:06:12,+79105450850,yandex_maps,organic,410,0
mk-003165,form,2026-08-23 12:07:13,8 929 224 74 23,vk,cpc,,0
mk-003166,form,2026-08-23 12:08:46,8(929)2247423,vk,cpc,,0
mk-003167,form,2026-08-23 12:11:27,+79292247423,vk,cpc,,0
mk-002959,call,2026-08-23 12:27:03,+79583237073,google,organic,2,1
mk-002191,call,2026-08-23 12:55:43,+79794059403,google,organic,108,0
mk-001136,call,2026-08-23 13:20:52,+79838354788,2gis,referral,318,0
mk-001117,call,2026-08-23 13:37:15,+79851346033,(direct),(none),177,0
mk-000332,call,2026-08-23 13:46:17,+79144141219,vk,cpc,275,0
mk-002038,call,2026-08-23 13:46:50,+79414402259,google,organic,293,0
mk-001317,call,2026-08-23 13:48:08,+79603270606,yandex,cpc,62,0
mk-001482,form,2026-08-23 14:00:41,+7 (927) 481-18-67,vk,cpc,,0
mk-002467,call,2026-08-23 14:12:51,+79144880474,2gis,referral,418,0
mk-000619,call,2026-08-23 14:15:08,+79160188747,yandex_maps,organic,59,0
mk-003233,form,2026-08-23 14:24:00,8 999 000 00 01,test,qa,,0
mk-000752,call,2026-08-23 14:49:01,+79681418877,vk,cpc,272,0
mk-002587,call,2026-08-23 15:03:16,+79242727270,(direct),(none),5,1
mk-000613,call,2026-08-23 15:11:39,+79772448341,google,organic,77,0
mk-000546,call,2026-08-23 15:17:11,+79637514560,(direct),(none),89,0
mk-002559,call,2026-08-23 15:20:57,+79751139838,2gis,referral,0,1
mk-001653,call,2026-08-23 15:45:19,+79596908327,google,organic,251,0
mk-001382,call,2026-08-23 15:49:25,+79017603015,google,organic,306,0
mk-000101,call,2026-08-23 15:55:28,+79523189472,google,organic,298,0
mk-000565,call,2026-08-23 15:56:38,+79565818726,yandex_maps,organic,202,0
mk-002554,call,2026-08-23 16:21:35,+79492703329,(direct),(none),163,0
mk-002867,call,2026-08-23 16:39:05,+79674402948,google,organic,381,0
mk-002324,call,2026-08-23 16:40:34,+79509511627,(direct),(none),242,0
mk-001527,form,2026-08-23 16:50:32,7-998-597-24-25,yandex,cpc,,0
mk-002618,call,2026-08-23 16:55:52,+79107365132,yandex_maps,organic,103,0
mk-002822,form,2026-08-23 17:30:56,8(961)6521461,google,organic,,0
mk-000670,form,2026-08-23 18:10:02,9731456106,google,organic,,0
mk-002574,form,2026-08-23 18:39:01,8(981)8155516,vk,cpc,,0
mk-001191,form,2026-08-23 18:58:37,9430511714,yandex,cpc,,0
mk-002089,form,2026-08-23 19:03:11,8 938 827 09 45,yandex,cpc,,0
mk-003146,form,2026-08-23 19:15:25,9585094180,vk,cpc,,0
mk-002828,form,2026-08-23 19:39:09,+79693782754,google,organic,,0
mk-003187,form,2026-08-23 19:39:25,9414930445,yandex,cpc,,0
mk-002823,form,2026-08-23 19:42:48,9145335293,vk,cpc,,0
mk-001907,form,2026-08-23 21:42:30,+79715358825,yandex,cpc,,0
mk-000553,form,2026-08-23 22:38:21,7-933-710-48-55,yandex,cpc,,0
mk-000021,form,2026-08-23 22:40:06,8 907 457 88 06,yandex,cpc,,0
mk-000554,form,2026-08-23 22:40:49,+7 (933) 710-48-55,yandex,cpc,,0
mk-001401,form,2026-08-24 00:01:23,9858736089,yandex,cpc,,0
mk-001677,form,2026-08-24 01:37:38,7-973-557-36-11,yandex,cpc,,0
mk-000894,form,2026-08-24 04:55:04,+7 (960) 442-90-71,yandex,cpc,,0
mk-001104,form,2026-08-24 05:04:31,7-903-922-80-95,yandex,cpc,,0
mk-001105,form,2026-08-24 05:07:54,89039228095,yandex,cpc,,0
mk-001106,form,2026-08-24 05:11:10,8 903 922 80 95,yandex,cpc,,0
mk-003075,form,2026-08-24 05:12:34,8(988)4933420,vk,cpc,,0
mk-000095,form,2026-08-24 06:31:07,8(998)6597271,google,organic,,0
mk-000138,call,2026-08-24 06:31:50,+79620371892,2gis,referral,562,0
mk-001860,form,2026-08-24 06:48:16,9642202827,google,organic,,0
mk-000417,form,2026-08-24 06:51:32,8(960)3871207,yandex,cpc,,0
mk-003170,call,2026-08-24 07:10:42,+79609827388,yandex,cpc,279,0
mk-002679,call,2026-08-24 07:20:52,+79516921201,(direct),(none),54,0
mk-001880,form,2026-08-24 07:26:25,89826282968,yandex,cpc,,0
mk-002429,form,2026-08-24 07:36:18,8(923)1207765,(direct),(none),,0
mk-000333,form,2026-08-24 07:36:50,9580862394,yandex,cpc,,0
mk-001469,form,2026-08-24 07:37:39,7-917-827-64-28,yandex,cpc,,0
mk-000307,call,2026-08-24 07:37:44,+79049111905,vk,cpc,184,0
mk-001470,form,2026-08-24 07:41:12,7-917-827-64-28,yandex,cpc,,0
mk-003214,form,2026-08-24 07:49:00,+79990000000,test,qa,,0
mk-002276,form,2026-08-24 08:19:12,9032806899,(direct),(none),,0
mk-000680,call,2026-08-24 08:24:25,+79863409021,yandex,cpc,48,0
mk-001799,form,2026-08-24 08:43:02,89163034089,yandex,cpc,,0
mk-001800,form,2026-08-24 08:47:13,+7 (916) 303-40-89,yandex,cpc,,0
mk-001801,form,2026-08-24 08:50:57,8(916)3034089,yandex,cpc,,0
mk-003150,form,2026-08-24 09:00:58,9998586451,vk,cpc,,0
mk-002896,form,2026-08-24 09:02:46,8(984)3995023,yandex,cpc,,0
mk-000971,call,2026-08-24 09:13:09,+79818773354,vk,cpc,74,0
mk-000903,call,2026-08-24 09:31:12,+79446103696,google,organic,266,0
mk-001094,form,2026-08-24 09:36:13,+7 (996) 315-80-66,(direct),(none),,0
mk-002175,call,2026-08-24 10:15:45,+79454583475,vk,cpc,98,0
mk-001956,call,2026-08-24 10:26:01,+79847251685,yandex,cpc,396,0
mk-002788,call,2026-08-24 10:27:46,+79160728513,(direct),(none),42,0
mk-002046,call,2026-08-24 10:34:58,+79661232438,google,organic,586,0
mk-002556,form,2026-08-24 10:42:24,7-984-829-02-02,vk,cpc,,0
mk-001603,call,2026-08-24 10:47:43,+79552437110,yandex,cpc,590,0
mk-002825,form,2026-08-24 10:58:55,8 970 621 89 60,vk,cpc,,0
mk-002465,form,2026-08-24 10:59:18,9625182509,2gis,referral,,0
mk-002786,call,2026-08-24 11:04:20,+79873111934,2gis,referral,283,0
mk-002125,call,2026-08-24 11:09:55,+79301223372,vk,cpc,202,0
mk-002531,call,2026-08-24 11:10:11,+79868693460,(direct),(none),341,0
mk-001285,call,2026-08-24 11:32:57,+79522383061,vk,cpc,485,0
mk-003040,call,2026-08-24 11:42:13,+79747222248,(direct),(none),302,0
mk-002612,form,2026-08-24 11:43:10,9684865994,vk,cpc,,0
mk-001276,call,2026-08-24 11:49:12,+79814043255,google,organic,474,0
mk-000799,call,2026-08-24 12:02:58,+79467667756,yandex,cpc,536,0
mk-001605,call,2026-08-24 12:04:43,+79500924040,(direct),(none),218,0
mk-001340,call,2026-08-24 12:06:53,+79999967133,google,organic,7,1
mk-001842,call,2026-08-24 12:14:21,+79447569222,vk,cpc,519,0
mk-001872,call,2026-08-24 12:55:09,+79377208099,yandex_maps,organic,583,0
mk-001614,form,2026-08-24 12:56:34,+7 (967) 878-75-79,yandex,cpc,,0
mk-001439,call,2026-08-24 12:59:45,+79539179360,yandex,cpc,296,0
mk-001119,call,2026-08-24 13:03:20,+79297832671,(direct),(none),9,1
mk-003127,call,2026-08-24 13:05:46,+79232189190,2gis,referral,239,0
mk-002547,call,2026-08-24 13:36:36,+79318107423,(direct),(none),5,1
mk-002334,form,2026-08-24 13:46:06,+79601440953,google,organic,,0
mk-002033,call,2026-08-24 13:51:26,+79581456833,yandex_maps,organic,299,0
mk-000480,form,2026-08-24 14:06:06,89096727923,yandex,cpc,,0
mk-001381,call,2026-08-24 14:12:25,+79017603015,google,organic,370,0
mk-002459,call,2026-08-24 14:16:33,+79768432959,yandex_maps,organic,225,0
mk-003220,form,2026-08-24 14:17:00,7-999-000-00-01,test,qa,,0
mk-002560,call,2026-08-24 14:21:57,+79751139838,2gis,referral,316,0
mk-002040,call,2026-08-24 14:22:50,+79414402259,google,organic,213,0
mk-002720,call,2026-08-24 14:24:36,+79210222192,google,organic,595,0
mk-000994,call,2026-08-24 14:34:50,+79410435675,(direct),(none),139,0
mk-001333,call,2026-08-24 14:40:03,+79222298705,2gis,referral,576,0
mk-000567,call,2026-08-24 14:44:58,+79358814432,yandex,cpc,445,0
mk-000434,call,2026-08-24 14:53:27,+79960629589,2gis,referral,366,0
mk-003007,call,2026-08-24 14:58:44,+79122506174,yandex,cpc,116,0
mk-002945,call,2026-08-24 15:11:36,+79814070349,google,organic,318,0
mk-001273,call,2026-08-24 15:15:58,+79923893303,2gis,referral,238,0
mk-000261,call,2026-08-24 15:23:07,+79021851906,yandex,cpc,380,0
mk-002411,form,2026-08-24 15:31:49,+7 (904) 940-81-31,yandex,cpc,,0
mk-002039,call,2026-08-24 15:31:50,+79414402259,google,organic,217,0
mk-002412,form,2026-08-24 15:36:57,+7 (904) 940-81-31,yandex,cpc,,0
mk-001591,form,2026-08-24 15:41:07,+79631774134,vk,cpc,,0
mk-002413,form,2026-08-24 15:42:55,+79049408131,yandex,cpc,,0
mk-003153,form,2026-08-24 15:49:25,9047599226,yandex,cpc,,0
mk-002691,call,2026-08-24 15:52:19,+79449673729,(direct),(none),373,0
mk-003154,form,2026-08-24 15:52:54,89047599226,yandex,cpc,,0
mk-003155,form,2026-08-24 15:57:51,7-904-759-92-26,yandex,cpc,,0
mk-002178,call,2026-08-24 16:13:03,+79665943958,2gis,referral,414,0
mk-001368,call,2026-08-24 16:14:50,+79241021531,(direct),(none),98,0
mk-002656,call,2026-08-24 16:40:48,+79812994384,(direct),(none),314,0
mk-002706,form,2026-08-24 16:59:27,7-981-228-89-89,(direct),(none),,0
mk-002521,form,2026-08-24 17:00:00,9355980066,google,organic,,0
mk-001804,form,2026-08-24 17:20:32,8 914 415 32 56,vk,cpc,,0
mk-001795,form,2026-08-24 17:34:51,+7 (975) 712-97-86,vk,cpc,,0
mk-002508,form,2026-08-24 18:00:39,+79881216111,yandex,cpc,,0
mk-000162,form,2026-08-24 18:03:21,8 901 323 60 24,vk,cpc,,0
mk-002227,form,2026-08-24 18:21:08,7-910-175-75-86,yandex,cpc,,0
mk-000833,form,2026-08-24 18:35:01,89149719823,google,organic,,0
mk-001769,form,2026-08-24 19:37:08,89189702832,yandex,cpc,,0
mk-000435,form,2026-08-24 19:49:23,9359785363,yandex,cpc,,0
mk-001459,form,2026-08-24 19:54:39,8 923 554 05 85,google,organic,,0
mk-001775,form,2026-08-24 21:43:41,8 986 619 93 63,2gis,referral,,0
mk-001289,form,2026-08-24 22:56:37,8 926 821 73 05,yandex,cpc,,0
mk-002693,form,2026-08-24 23:45:14,9546965682,yandex,cpc,,0
mk-003027,form,2026-08-25 03:21:11,+79997553247,google,organic,,0
mk-001724,form,2026-08-25 04:13:24,89497524207,yandex,cpc,,0
mk-003157,form,2026-08-25 04:36:09,+7 (976) 133-94-95,yandex,cpc,,0
mk-002026,form,2026-08-25 04:40:50,+7 (960) 695-42-65,yandex_maps,organic,,0
mk-002470,call,2026-08-25 06:13:01,+79163944249,2gis,referral,399,0
mk-000170,call,2026-08-25 06:33:57,+79221640183,yandex,cpc,125,0
mk-002050,form,2026-08-25 06:37:02,+79769133585,google,organic,,0
mk-002802,form,2026-08-25 06:53:38,7-970-048-37-26,yandex,cpc,,0
mk-000891,form,2026-08-25 06:55:57,89326727846,yandex,cpc,,0
mk-000977,call,2026-08-25 07:28:24,+79731567528,yandex_maps,organic,82,0
mk-001733,call,2026-08-25 07:48:39,+79887376530,yandex,cpc,566,0
mk-003114,call,2026-08-25 07:54:35,+79505876175,vk,cpc,342,0
mk-002001,call,2026-08-25 08:04:23,+79670558403,yandex_maps,organic,466,0
mk-003039,call,2026-08-25 08:06:12,+79105450850,yandex_maps,organic,300,0
mk-002742,call,2026-08-25 08:31:48,+79941449866,(direct),(none),443,0
mk-000085,form,2026-08-25 08:40:18,89736250022,yandex,cpc,,0
mk-000086,form,2026-08-25 08:43:02,8 973 625 00 22,yandex,cpc,,0
mk-002643,call,2026-08-25 08:52:47,+79681418326,yandex,cpc,471,0
mk-002818,call,2026-08-25 09:00:54,+79559451982,yandex_maps,organic,0,1
mk-002944,call,2026-08-25 09:06:02,+79998206577,yandex,cpc,320,0
mk-001538,form,2026-08-25 09:12:14,89716268727,yandex,cpc,,0
mk-000228,call,2026-08-25 09:12:55,+79492682933,yandex,cpc,315,0
mk-002342,form,2026-08-25 09:22:08,89573547205,google,organic,,0
mk-002386,form,2026-08-25 09:51:55,+7 (915) 825-22-85,vk,cpc,,0
mk-000590,call,2026-08-25 09:59:47,+79112334622,(direct),(none),315,0
mk-001941,call,2026-08-25 10:10:59,+79490040663,yandex,cpc,190,0
mk-000393,call,2026-08-25 10:13:10,+79828404617,(direct),(none),211,0
mk-002306,call,2026-08-25 10:19:54,+79061919882,yandex,cpc,39,0
mk-000168,call,2026-08-25 10:27:38,+79174739556,yandex,cpc,91,0
mk-002230,call,2026-08-25 10:41:40,+79993404225,2gis,referral,78,0
mk-002908,call,2026-08-25 10:54:41,+79314487923,yandex,cpc,69,0
mk-001305,form,2026-08-25 11:07:14,+7 (962) 119-76-33,yandex,cpc,,0
mk-001157,form,2026-08-25 11:07:45,89742573951,yandex,cpc,,0
mk-001306,form,2026-08-25 11:09:30,89621197633,yandex,cpc,,0
mk-002880,call,2026-08-25 11:16:42,+79784096653,yandex_maps,organic,572,0
mk-001274,call,2026-08-25 11:25:58,+79923893303,2gis,referral,201,0
mk-003028,call,2026-08-25 11:28:54,+79302597335,(direct),(none),462,0
mk-002876,call,2026-08-25 11:32:55,+79075088524,(direct),(none),6,1
mk-000854,call,2026-08-25 12:01:33,+79317611697,yandex_maps,organic,572,0
mk-000552,call,2026-08-25 12:04:13,+79097737529,yandex,cpc,511,0
mk-000753,call,2026-08-25 12:20:01,+79681418877,vk,cpc,380,0
mk-002128,form,2026-08-25 12:59:07,7-942-620-70-79,yandex_maps,organic,,0
mk-001639,form,2026-08-25 13:00:11,89009634854,yandex,cpc,,0
mk-002155,form,2026-08-25 13:02:22,89018441681,vk,cpc,,0
mk-000818,call,2026-08-25 13:09:04,+79884901052,2gis,referral,364,0
mk-000722,call,2026-08-25 13:11:09,+79254410929,(direct),(none),358,0
mk-002687,form,2026-08-25 13:14:07,+7 (905) 372-88-75,vk,cpc,,0
mk-002692,call,2026-08-25 13:22:57,+79615983971,2gis,referral,258,0
mk-000223,call,2026-08-25 13:30:59,+79784678007,2gis,referral,474,0
mk-001729,call,2026-08-25 13:33:00,+79396355232,google,organic,2,1
mk-002199,call,2026-08-25 13:44:29,+79379247825,yandex,cpc,579,0
mk-002370,call,2026-08-25 13:45:09,+79307978263,(direct),(none),250,0
mk-002022,call,2026-08-25 13:52:22,+79512015131,google,organic,248,0
mk-003055,call,2026-08-25 13:58:03,+79185521626,vk,cpc,139,0
mk-002418,form,2026-08-25 14:09:40,8 976 488 48 74,yandex,cpc,,0
mk-002057,call,2026-08-25 14:11:08,+79911075371,2gis,referral,548,0
mk-002507,call,2026-08-25 14:15:49,+79938099494,2gis,referral,486,0
mk-001909,form,2026-08-25 14:17:07,+7 (973) 048-21-77,vk,cpc,,0
mk-001819,form,2026-08-25 14:44:17,9647288377,yandex,cpc,,0
mk-000176,call,2026-08-25 14:45:38,+79416555747,2gis,referral,237,0
mk-001820,form,2026-08-25 14:46:39,89647288377,yandex,cpc,,0
mk-000777,form,2026-08-25 15:00:59,8 908 723 51 12,yandex,cpc,,0
mk-001754,call,2026-08-25 15:03:04,+79418654164,yandex,cpc,576,0
mk-001451,call,2026-08-25 15:04:21,+79466848239,2gis,referral,318,0
mk-002947,call,2026-08-25 15:06:52,+79010954996,google,organic,564,0
mk-002922,call,2026-08-25 15:23:22,+79702373288,2gis,referral,285,0
mk-001162,form,2026-08-25 15:24:14,+79938632724,yandex,cpc,,0
mk-002256,call,2026-08-25 16:04:34,+79576669057,2gis,referral,56,0
mk-002019,form,2026-08-25 16:08:27,89384278729,vk,cpc,,0
mk-003037,call,2026-08-25 16:16:19,+79014208819,(direct),(none),89,0
mk-000212,form,2026-08-25 16:19:20,89697916314,yandex,cpc,,0
mk-000213,form,2026-08-25 16:20:39,+79697916314,yandex,cpc,,0
mk-003196,form,2026-08-25 16:39:45,89114311520,yandex,cpc,,0
mk-001685,form,2026-08-25 16:47:10,7-915-211-58-89,yandex,cpc,,0
mk-002622,form,2026-08-25 17:05:22,7-986-681-37-34,yandex,cpc,,0
mk-001874,form,2026-08-25 17:05:46,+7 (989) 584-50-35,google,organic,,0
mk-002623,form,2026-08-25 17:07:39,7-986-681-37-34,yandex,cpc,,0
mk-001241,form,2026-08-25 17:27:10,8(916)8048927,google,organic,,0
mk-001774,form,2026-08-25 17:34:59,8(907)9112042,yandex,cpc,,0
mk-001812,form,2026-08-25 17:48:26,8 960 531 95 47,yandex,cpc,,0
mk-002461,form,2026-08-25 17:50:00,+79712453155,yandex,cpc,,0
mk-002273,form,2026-08-25 18:03:50,8(993)7978275,yandex,cpc,,0
mk-001271,form,2026-08-25 18:05:37,89469311272,yandex,cpc,,0
mk-002251,form,2026-08-25 18:06:38,8(948)2009915,vk,cpc,,0
mk-001981,form,2026-08-25 18:45:14,8(987)3147072,google,organic,,0
mk-000415,form,2026-08-25 19:20:46,8(973)0854843,vk,cpc,,0
mk-002068,form,2026-08-25 19:56:00,7-955-131-16-75,yandex,cpc,,0
mk-002069,form,2026-08-25 19:57:48,7-955-131-16-75,yandex,cpc,,0
mk-002347,form,2026-08-25 22:05:20,8 957 908 78 15,yandex,cpc,,0
mk-000959,form,2026-08-25 22:12:26,9726626857,yandex,cpc,,0
mk-000960,form,2026-08-25 22:14:43,9726626857,yandex,cpc,,0
mk-002607,form,2026-08-25 23:18:23,9537753424,yandex,cpc,,0
mk-002608,form,2026-08-25 23:21:47,8 953 775 34 24,yandex,cpc,,0
mk-000325,form,2026-08-26 00:39:34,8(979)0507116,yandex,cpc,,0
mk-000295,form,2026-08-26 02:04:17,7-991-632-43-86,google,organic,,0
mk-001859,form,2026-08-26 03:02:35,+79372396281,google,organic,,0
mk-002497,form,2026-08-26 05:04:01,8 901 871 16 46,yandex,cpc,,0
mk-000555,form,2026-08-26 05:30:56,7-900-116-96-98,yandex,cpc,,0
mk-000556,form,2026-08-26 05:36:55,8(900)1169698,yandex,cpc,,0
mk-000557,form,2026-08-26 05:41:09,+7 (900) 116-96-98,yandex,cpc,,0
mk-001789,call,2026-08-26 06:13:00,+79279717583,google,organic,236,0
mk-000136,call,2026-08-26 06:24:31,+79841523924,yandex,cpc,211,0
mk-000838,call,2026-08-26 06:55:00,+79133111622,yandex_maps,organic,528,0
mk-001256,call,2026-08-26 07:06:38,+79544332213,yandex,cpc,322,0
mk-002494,call,2026-08-26 07:14:10,+79030534659,yandex,cpc,381,0
mk-002134,form,2026-08-26 07:20:47,8 934 731 30 77,yandex,cpc,,0
mk-002377,form,2026-08-26 07:25:53,89601632473,yandex,cpc,,0
mk-000940,call,2026-08-26 07:53:04,+79606956511,2gis,referral,455,0
mk-001055,call,2026-08-26 08:07:15,+79307482124,yandex,cpc,453,0
mk-003000,call,2026-08-26 08:24:40,+79502907032,yandex_maps,organic,176,0
mk-000988,call,2026-08-26 08:31:17,+79049949322,(direct),(none),389,0
mk-001647,call,2026-08-26 08:45:30,+79695074053,google,organic,248,0
mk-000400,call,2026-08-26 08:57:09,+79328213582,google,organic,4,1
mk-001025,form,2026-08-26 09:00:05,+7 (995) 114-32-84,vk,cpc,,0
mk-002719,call,2026-08-26 09:04:34,+79454763172,(direct),(none),586,0
mk-001169,form,2026-08-26 09:05:49,8(964)5207776,yandex,cpc,,0
mk-001016,form,2026-08-26 09:09:13,89194309976,vk,cpc,,0
mk-002966,form,2026-08-26 09:14:08,+7 (901) 786-48-56,yandex,cpc,,0
mk-002967,form,2026-08-26 09:19:29,8(901)7864856,yandex,cpc,,0
mk-003076,call,2026-08-26 09:33:19,+79342564906,vk,cpc,375,0
mk-000344,call,2026-08-26 09:43:08,+79607412980,(direct),(none),267,0
mk-000543,call,2026-08-26 09:53:54,+79514991820,2gis,referral,386,0
mk-002881,call,2026-08-26 09:54:59,+79492230467,(direct),(none),131,0
mk-002197,form,2026-08-26 10:22:29,8(942)8457154,vk,cpc,,0
mk-001673,call,2026-08-26 10:28:24,+79883760504,vk,cpc,526,0
mk-002111,form,2026-08-26 10:32:09,9223536694,vk,cpc,,0
mk-002274,call,2026-08-26 10:49:29,+79931568930,yandex_maps,organic,410,0
mk-001225,form,2026-08-26 11:01:11,9327944332,yandex,cpc,,0
mk-002824,call,2026-08-26 11:01:35,+79447617737,2gis,referral,117,0
mk-002801,form,2026-08-26 11:20:10,89516355145,google,organic,,0
mk-000583,call,2026-08-26 11:23:28,+79299880008,yandex,cpc,397,0
mk-000066,call,2026-08-26 11:35:05,+79370329131,(direct),(none),373,0
mk-002066,call,2026-08-26 11:47:21,+79238084545,(direct),(none),478,0
mk-001192,call,2026-08-26 11:58:37,+79430511714,yandex,cpc,227,0
mk-001155,call,2026-08-26 12:24:36,+79457738627,yandex_maps,organic,195,0
mk-001083,call,2026-08-26 12:25:03,+79882943783,yandex,cpc,9,1
mk-000923,call,2026-08-26 12:32:35,+79451520665,google,organic,291,0
mk-002596,call,2026-08-26 12:36:00,+79081993858,yandex,cpc,508,0
mk-002480,call,2026-08-26 12:45:22,+79757159664,(direct),(none),260,0
mk-002179,form,2026-08-26 12:45:29,7-973-602-62-14,yandex,cpc,,0
mk-002180,form,2026-08-26 12:50:58,8 973 602 62 14,yandex,cpc,,0
mk-002164,form,2026-08-26 13:27:29,8 934 433 82 54,vk,cpc,,0
mk-002756,call,2026-08-26 13:34:33,+79341039079,yandex_maps,organic,282,0
mk-001143,call,2026-08-26 13:38:34,+79692111854,2gis,referral,7,1
mk-001147,call,2026-08-26 13:48:51,+79694603280,vk,cpc,326,0
mk-000451,call,2026-08-26 14:24:44,+79359182505,2gis,referral,47,0
mk-001090,call,2026-08-26 14:29:12,+79975359466,(direct),(none),176,0
mk-003061,call,2026-08-26 14:38:10,+79978934270,google,organic,102,0
mk-000922,call,2026-08-26 14:49:34,+79646023691,(direct),(none),456,0
mk-002450,call,2026-08-26 14:54:16,+79307773404,yandex,cpc,321,0
mk-001484,call,2026-08-26 14:56:12,+79701162343,2gis,referral,293,0
mk-000518,call,2026-08-26 15:14:21,+79866264076,google,organic,492,0
mk-000603,call,2026-08-26 15:23:07,+79234511890,vk,cpc,3,1
mk-002337,call,2026-08-26 15:41:05,+79335609337,2gis,referral,564,0
mk-001784,call,2026-08-26 15:43:14,+79776387584,(direct),(none),502,0
mk-001375,form,2026-08-26 16:03:50,9104515585,google,organic,,0
mk-001286,call,2026-08-26 16:09:57,+79522383061,vk,cpc,350,0
mk-001261,form,2026-08-26 16:29:25,7-987-767-61-53,yandex,cpc,,0
mk-003100,form,2026-08-26 16:37:03,8 921 223 81 80,vk,cpc,,0
mk-002290,form,2026-08-26 17:23:19,7-900-176-48-62,vk,cpc,,0
mk-000488,form,2026-08-26 17:58:13,7-982-336-59-69,yandex,cpc,,0
mk-000489,form,2026-08-26 18:00:50,9823365969,yandex,cpc,,0
mk-000490,form,2026-08-26 18:05:03,7-982-336-59-69,yandex,cpc,,0
mk-002214,form,2026-08-26 18:33:49,7-928-274-42-00,yandex,cpc,,0
mk-002311,form,2026-08-26 18:34:10,8 940 397 29 11,vk,cpc,,0
mk-001711,form,2026-08-26 19:49:11,7-967-438-06-34,yandex,cpc,,0
mk-001712,form,2026-08-26 19:52:44,8(967)4380634,yandex,cpc,,0
mk-002358,form,2026-08-26 22:18:55,9199809963,yandex,cpc,,0
mk-000247,form,2026-08-26 22:33:50,8(994)7580568,yandex,cpc,,0
mk-000860,form,2026-08-27 00:26:35,+79370606384,yandex,cpc,,0
mk-000861,form,2026-08-27 00:30:27,+7 (937) 060-63-84,yandex,cpc,,0
mk-002244,form,2026-08-27 00:48:35,8(993)8438150,yandex,cpc,,0
mk-001521,form,2026-08-27 00:59:06,8 967 906 74 99,yandex,cpc,,0
mk-000096,form,2026-08-27 02:32:37,8(988)1976980,yandex,cpc,,0
mk-001454,form,2026-08-27 04:23:01,+79672842363,google,organic,,0
mk-003208,call,2026-08-27 06:00:03,+79936734493,yandex,cpc,119,0
mk-002504,call,2026-08-27 06:14:46,+79166237325,vk,cpc,76,0
mk-001369,call,2026-08-27 06:22:50,+79241021531,(direct),(none),389,0
mk-002619,form,2026-08-27 06:30:26,89141747090,vk,cpc,,0
mk-000537,call,2026-08-27 06:32:06,+79924733211,vk,cpc,38,0
mk-000364,call,2026-08-27 06:41:11,+79284283440,(direct),(none),193,0
mk-000464,call,2026-08-27 06:48:28,+79443802773,2gis,referral,331,0
mk-001556,form,2026-08-27 07:06:32,89696771907,yandex,cpc,,0
mk-000982,call,2026-08-27 07:19:21,+79730521496,google,organic,464,0
mk-001621,call,2026-08-27 07:19:49,+79147997007,2gis,referral,446,0
mk-000906,call,2026-08-27 07:22:00,+79489007593,2gis,referral,188,0
mk-003218,form,2026-08-27 07:41:00,+7 (900) 000-00-00,test,qa,,0
mk-000770,call,2026-08-27 07:54:26,+79687942090,google,organic,295,0
mk-001513,call,2026-08-27 07:57:41,+79734596408,2gis,referral,53,0
mk-002395,call,2026-08-27 08:01:16,+79009410354,(direct),(none),6,1
mk-000706,call,2026-08-27 08:18:08,+79207399319,yandex,cpc,88,0
mk-002431,call,2026-08-27 08:51:02,+79736051175,yandex_maps,organic,125,0
mk-000663,call,2026-08-27 09:06:46,+79323142190,yandex,cpc,146,0
mk-002419,call,2026-08-27 09:09:40,+79764884874,yandex,cpc,390,0
mk-002339,call,2026-08-27 09:10:04,+79719456468,yandex,cpc,479,0
mk-000178,call,2026-08-27 09:33:15,+79322656533,(direct),(none),5,1
mk-002361,call,2026-08-27 09:33:35,+79270684452,(direct),(none),546,0
mk-001278,call,2026-08-27 09:49:12,+79814043255,google,organic,223,0
mk-000192,call,2026-08-27 10:08:53,+79487858860,(direct),(none),78,0
mk-001516,call,2026-08-27 10:15:13,+79948144036,google,organic,335,0
mk-001745,call,2026-08-27 10:18:10,+79863821508,yandex_maps,organic,222,0
mk-002810,call,2026-08-27 10:25:20,+79219353984,(direct),(none),571,0
mk-000071,call,2026-08-27 10:28:57,+79468138261,yandex_maps,organic,191,0
mk-001884,call,2026-08-27 10:40:30,+79508172898,2gis,referral,274,0
mk-001073,call,2026-08-27 10:41:52,+79017388067,(direct),(none),552,0
mk-002819,form,2026-08-27 11:00:54,89559451982,yandex_maps,organic,,0
mk-000938,form,2026-08-27 11:16:15,89591745877,yandex,cpc,,0
mk-002247,call,2026-08-27 11:33:00,+79247558226,yandex_maps,organic,218,0
mk-001052,call,2026-08-27 11:55:24,+79637801309,yandex_maps,organic,259,0
mk-000800,call,2026-08-27 11:56:58,+79467667756,yandex,cpc,104,0
mk-000075,call,2026-08-27 11:58:18,+79679564347,yandex,cpc,319,0
mk-001311,call,2026-08-27 12:01:06,+79533423745,2gis,referral,384,0
mk-003138,form,2026-08-27 12:01:25,8 932 649 42 39,yandex,cpc,,0
mk-001863,form,2026-08-27 12:03:50,7-931-563-15-77,vk,cpc,,0
mk-003139,form,2026-08-27 12:03:58,8 932 649 42 39,yandex,cpc,,0
mk-002952,call,2026-08-27 12:05:09,+79111057244,(direct),(none),2,1
mk-002844,call,2026-08-27 12:07:41,+79731628446,yandex_maps,organic,165,0
mk-001449,call,2026-08-27 12:08:25,+79932827223,google,organic,389,0
mk-003001,form,2026-08-27 12:08:46,+7 (941) 963-14-03,google,organic,,0
mk-000765,call,2026-08-27 12:09:09,+79693824103,yandex,cpc,534,0
mk-003140,form,2026-08-27 12:09:56,9326494239,yandex,cpc,,0
mk-002923,call,2026-08-27 12:38:22,+79702373288,2gis,referral,320,0
mk-003188,call,2026-08-27 12:39:25,+79414930445,yandex,cpc,110,0
mk-000974,call,2026-08-27 12:44:27,+79280819541,yandex,cpc,5,1
mk-002991,call,2026-08-27 12:47:20,+79467387311,google,organic,163,0
mk-000520,call,2026-08-27 12:50:03,+79622707842,vk,cpc,483,0
mk-000388,form,2026-08-27 13:01:53,9843980556,yandex,cpc,,0
mk-000389,form,2026-08-27 13:06:33,+79843980556,yandex,cpc,,0
mk-001004,call,2026-08-27 13:17:29,+79993316519,(direct),(none),3,1
mk-001717,call,2026-08-27 13:26:41,+79986726344,google,organic,80,0
mk-001529,call,2026-08-27 13:40:38,+79034005541,google,organic,436,0
mk-001791,call,2026-08-27 13:41:35,+79382704228,2gis,referral,426,0
mk-001394,call,2026-08-27 13:45:02,+79019693261,(direct),(none),487,0
mk-001987,call,2026-08-27 13:53:20,+79108608655,yandex,cpc,361,0
mk-003180,form,2026-08-27 14:01:40,+7 (992) 744-78-28,yandex,cpc,,0
mk-003181,form,2026-08-27 14:03:19,+7 (992) 744-78-28,yandex,cpc,,0
mk-000468,form,2026-08-27 14:08:13,89548733181,yandex,cpc,,0
mk-003091,call,2026-08-27 14:21:00,+79179783794,(direct),(none),364,0
mk-000650,call,2026-08-27 14:24:36,+79389216773,(direct),(none),503,0
mk-001259,call,2026-08-27 14:34:18,+79981393265,(direct),(none),106,0
mk-002034,form,2026-08-27 14:51:26,7-958-145-68-33,yandex_maps,organic,,0
mk-003033,form,2026-08-27 14:52:49,+79456858707,google,organic,,0
mk-003034,form,2026-08-27 14:54:54,+7 (945) 685-87-07,google,organic,,0
mk-001095,call,2026-08-27 14:57:01,+79072445698,google,organic,178,0
mk-002042,call,2026-08-27 14:58:01,+79628685687,yandex,cpc,297,0
mk-000128,call,2026-08-27 15:02:57,+79648758058,yandex,cpc,552,0
mk-000098,call,2026-08-27 15:04:03,+79443913481,yandex,cpc,198,0
mk-003045,call,2026-08-27 15:10:40,+79919129375,google,organic,117,0
mk-001175,call,2026-08-27 15:11:42,+79028372543,google,organic,240,0
mk-002757,call,2026-08-27 15:17:23,+79336388197,2gis,referral,454,0
mk-001610,call,2026-08-27 15:38:04,+79708356502,yandex_maps,organic,142,0
mk-001092,form,2026-08-27 16:00:53,8(944)1129676,yandex,cpc,,0
mk-003088,form,2026-08-27 16:02:21,7-952-511-71-31,vk,cpc,,0
mk-001515,form,2026-08-27 16:02:33,+79620409714,vk,cpc,,0
mk-002261,form,2026-08-27 16:12:28,7-902-987-95-61,(direct),(none),,0
mk-003209,call,2026-08-27 16:16:03,+79936734493,yandex,cpc,205,0
mk-001722,form,2026-08-27 16:31:01,8 991 013 44 64,yandex,cpc,,0
mk-000681,call,2026-08-27 16:50:25,+79863409021,yandex,cpc,193,0
mk-001182,form,2026-08-27 16:52:48,+79503785120,yandex,cpc,,0
mk-001183,form,2026-08-27 16:54:07,+7 (950) 378-51-20,yandex,cpc,,0
mk-000936,form,2026-08-27 16:59:56,+7 (963) 276-88-68,yandex,cpc,,0
mk-000397,form,2026-08-27 17:14:26,+7 (911) 524-44-51,yandex,cpc,,0
mk-002697,form,2026-08-27 17:19:37,8 905 601 23 21,yandex,cpc,,0
mk-002698,form,2026-08-27 17:20:41,+7 (905) 601-23-21,yandex,cpc,,0
mk-000445,form,2026-08-27 17:24:51,7-973-903-71-80,yandex,cpc,,0
mk-001221,form,2026-08-27 17:32:57,+7 (973) 345-16-50,(direct),(none),,0
mk-001850,form,2026-08-27 18:49:23,9581996071,yandex,cpc,,0
mk-000801,form,2026-08-27 19:36:52,9261280149,vk,cpc,,0
mk-000810,form,2026-08-27 19:43:11,9200368270,yandex,cpc,,0
mk-002110,form,2026-08-27 19:56:13,7-974-056-29-04,yandex,cpc,,0
mk-001759,form,2026-08-27 20:00:24,+79743083685,(direct),(none),,0
mk-003059,form,2026-08-27 20:13:05,89791991164,google,organic,,0
mk-002723,form,2026-08-27 22:48:42,8(992)6333603,yandex,cpc,,0
mk-003017,form,2026-08-28 00:02:11,+7 (963) 684-61-26,google,organic,,0
mk-002708,form,2026-08-28 02:26:36,89696143266,vk,cpc,,0
mk-000033,form,2026-08-28 02:52:14,8(905)7787779,yandex,cpc,,0
mk-001671,form,2026-08-28 05:51:36,9292695127,yandex,cpc,,0
mk-002887,call,2026-08-28 06:14:25,+79450026224,2gis,referral,89,0
mk-000595,call,2026-08-28 06:17:30,+79465791064,yandex,cpc,384,0
mk-001803,form,2026-08-28 06:21:42,+79537776310,vk,cpc,,0
mk-002318,form,2026-08-28 06:25:01,+79380489059,yandex,cpc,,0
mk-000785,call,2026-08-28 07:00:48,+79768993436,google,organic,246,0
mk-002488,call,2026-08-28 08:06:45,+79714707413,yandex_maps,organic,51,0
mk-003063,call,2026-08-28 08:21:40,+79958054034,yandex_maps,organic,395,0
mk-002771,call,2026-08-28 08:24:18,+79094237996,yandex_maps,organic,143,0
mk-000121,form,2026-08-28 08:26:48,7-982-858-77-04,vk,cpc,,0
mk-000023,form,2026-08-28 08:27:31,8(933)9813462,yandex,cpc,,0
mk-000024,form,2026-08-28 08:32:23,8 933 981 34 62,yandex,cpc,,0
mk-001163,call,2026-08-28 08:40:05,+79619158615,2gis,referral,3,1
mk-001933,form,2026-08-28 08:51:20,8(967)1133123,yandex,cpc,,0
mk-002090,call,2026-08-28 09:03:11,+79388270945,yandex,cpc,7,1
mk-000525,call,2026-08-28 09:15:42,+79803266638,yandex,cpc,304,0
mk-001983,call,2026-08-28 09:29:00,+79135530926,vk,cpc,403,0
mk-001216,call,2026-08-28 09:30:33,+79958057296,yandex,cpc,276,0
mk-001723,call,2026-08-28 09:31:01,+79910134464,yandex,cpc,144,0
mk-000264,form,2026-08-28 09:31:12,+79232724767,vk,cpc,,0
mk-000351,call,2026-08-28 09:31:30,+79488462733,vk,cpc,44,0
mk-000867,call,2026-08-28 09:40:19,+79793352857,yandex,cpc,40,0
mk-002739,form,2026-08-28 10:05:31,89859045919,vk,cpc,,0
mk-001537,call,2026-08-28 10:12:57,+79672287541,yandex_maps,organic,567,0
mk-002140,call,2026-08-28 10:15:11,+79207340235,yandex_maps,organic,412,0
mk-000570,form,2026-08-28 10:17:22,89256776428,google,organic,,0
mk-000771,call,2026-08-28 10:22:26,+79687942090,google,organic,347,0
mk-000108,call,2026-08-28 10:26:51,+79653237797,yandex,cpc,264,0
mk-000067,form,2026-08-28 10:35:05,8 937 032 91 31,(direct),(none),,0
mk-002962,form,2026-08-28 10:52:47,+7 (906) 119-84-64,vk,cpc,,0
mk-001049,call,2026-08-28 11:09:52,+79427532322,2gis,referral,113,0
mk-001027,form,2026-08-28 11:17:19,8(901)3428469,yandex,cpc,,0
mk-002309,call,2026-08-28 11:32:17,+79656842655,(direct),(none),9,1
mk-001444,form,2026-08-28 11:35:36,8 972 894 29 64,google,organic,,0
mk-000972,call,2026-08-28 11:37:48,+79191930533,vk,cpc,85,0
mk-000410,form,2026-08-28 11:40:45,8(903)4813226,2gis,referral,,0
mk-000665,call,2026-08-28 11:43:08,+79704859362,yandex,cpc,166,0
mk-001346,call,2026-08-28 11:43:58,+79431564175,yandex_maps,organic,418,0
mk-001402,call,2026-08-28 12:01:23,+79858736089,yandex,cpc,2,1
mk-000716,form,2026-08-28 12:12:57,9895228261,vk,cpc,,0
mk-000720,call,2026-08-28 12:30:27,+79150714839,vk,cpc,392,0
mk-001022,form,2026-08-28 12:33:38,7-958-048-83-58,yandex,cpc,,0
mk-000326,call,2026-08-28 12:39:34,+79790507116,yandex,cpc,263,0
mk-001511,call,2026-08-28 12:45:33,+79476992678,yandex,cpc,329,0
mk-000431,call,2026-08-28 12:55:11,+79807083738,2gis,referral,51,0
mk-002562,form,2026-08-28 13:02:50,9165326357,google,organic,,0
mk-001670,call,2026-08-28 13:03:17,+79375980522,yandex,cpc,258,0
mk-002914,call,2026-08-28 13:24:59,+79791974316,2gis,referral,398,0
mk-002442,call,2026-08-28 13:44:13,+79782083207,(direct),(none),508,0
mk-002960,call,2026-08-28 14:03:03,+79583237073,google,organic,144,0
mk-002312,call,2026-08-28 14:08:25,+79424975664,yandex,cpc,397,0
mk-002380,form,2026-08-28 14:12:38,8(986)9918855,yandex,cpc,,0
mk-001790,call,2026-08-28 14:22:02,+79100411419,2gis,referral,356,0
mk-003219,form,2026-08-28 14:40:00,9000000000,test,qa,,0
mk-000540,call,2026-08-28 14:41:33,+79659377001,yandex,cpc,342,0
mk-001851,call,2026-08-28 14:47:05,+79115019966,google,organic,369,0
mk-000424,form,2026-08-28 14:49:18,+7 (906) 266-74-38,google,organic,,0
mk-002278,form,2026-08-28 14:59:39,+7 (914) 868-53-64,yandex,cpc,,0
mk-001627,call,2026-08-28 15:00:30,+79101968119,yandex,cpc,389,0
mk-003128,form,2026-08-28 15:05:46,+79232189190,2gis,referral,,0
mk-001609,form,2026-08-28 15:09:04,89308736881,yandex,cpc,,0
mk-002060,call,2026-08-28 15:09:56,+79082189152,vk,cpc,197,0
mk-002961,form,2026-08-28 15:15:08,8 951 706 00 55,vk,cpc,,0
mk-000341,call,2026-08-28 15:24:38,+79974756975,2gis,referral,312,0
mk-001734,call,2026-08-28 15:46:39,+79887376530,yandex,cpc,338,0
mk-001247,call,2026-08-28 15:54:08,+79632273180,(direct),(none),329,0
mk-001727,form,2026-08-28 15:54:20,7-974-979-94-41,yandex,cpc,,0
mk-002138,call,2026-08-28 15:56:23,+79509537025,2gis,referral,259,0
mk-002668,call,2026-08-28 16:02:20,+79762652218,yandex,cpc,298,0
mk-002542,form,2026-08-28 16:08:32,7-914-656-07-61,yandex,cpc,,0
mk-002829,call,2026-08-28 16:13:33,+79295433706,(direct),(none),424,0
mk-003212,form,2026-08-28 16:14:16,9057206082,yandex,cpc,,0
mk-001364,form,2026-08-28 16:35:29,+7 (965) 300-47-69,google,organic,,0
mk-001700,form,2026-08-28 16:36:30,7-975-146-65-89,yandex,cpc,,0
mk-000620,call,2026-08-28 16:56:08,+79160188747,yandex_maps,organic,271,0
mk-002674,form,2026-08-28 17:40:10,7-941-782-52-74,yandex,cpc,,0
mk-002675,form,2026-08-28 17:46:06,8(941)7825274,yandex,cpc,,0
mk-002611,form,2026-08-28 17:46:17,8(905)4792252,vk,cpc,,0
mk-002676,form,2026-08-28 17:47:13,+79417825274,yandex,cpc,,0
mk-000564,form,2026-08-28 17:47:34,89053984597,yandex,cpc,,0
mk-001028,form,2026-08-28 17:51:04,89176496577,yandex,cpc,,0
mk-000864,form,2026-08-28 17:52:21,+7 (994) 564-28-76,yandex,cpc,,0
mk-001029,form,2026-08-28 17:55:04,89176496577,yandex,cpc,,0
mk-000666,form,2026-08-28 18:35:13,8 900 796 97 04,yandex,cpc,,0
mk-000965,form,2026-08-28 19:18:26,8 947 966 93 22,google,organic,,0
mk-002163,form,2026-08-28 20:25:08,+7 (913) 876-83-72,vk,cpc,,0
mk-002989,form,2026-08-29 03:22:15,8 940 021 24 22,google,organic,,0
mk-002159,form,2026-08-29 05:55:43,7-970-178-46-20,google,organic,,0
mk-000596,call,2026-08-29 07:09:55,+79258430194,yandex,cpc,530,0
mk-000907,call,2026-08-29 07:13:00,+79489007593,2gis,referral,354,0
mk-001440,call,2026-08-29 07:16:45,+79539179360,yandex,cpc,289,0
mk-002685,call,2026-08-29 07:19:59,+79877022651,google,organic,257,0
mk-002996,call,2026-08-29 07:25:39,+79954365740,google,organic,523,0
mk-000452,call,2026-08-29 07:28:56,+79779948944,yandex,cpc,502,0
mk-002591,call,2026-08-29 07:34:53,+79058939335,yandex_maps,organic,76,0
mk-001504,call,2026-08-29 07:36:18,+79008790766,(direct),(none),177,0
mk-001355,call,2026-08-29 07:43:10,+79457847912,2gis,referral,55,0
mk-002539,call,2026-08-29 07:43:31,+79838070283,(direct),(none),346,0
mk-001437,call,2026-08-29 07:51:32,+79636221228,(direct),(none),459,0
mk-001313,call,2026-08-29 07:53:04,+79420782203,yandex_maps,organic,457,0
mk-000593,call,2026-08-29 07:54:13,+79982087528,2gis,referral,6,1
mk-001479,form,2026-08-29 07:58:15,9272836436,google,organic,,0
mk-002020,call,2026-08-29 08:08:27,+79384278729,vk,cpc,225,0
mk-000939,call,2026-08-29 08:16:15,+79591745877,yandex,cpc,396,0
mk-002074,form,2026-08-29 08:18:07,89838202602,vk,cpc,,0
mk-002198,call,2026-08-29 08:22:29,+79428457154,vk,cpc,557,0
mk-002075,form,2026-08-29 08:23:52,8(983)8202602,vk,cpc,,0
mk-002603,form,2026-08-29 08:50:22,7-953-692-21-90,vk,cpc,,0
mk-002015,call,2026-08-29 08:53:10,+79697383331,yandex,cpc,411,0
mk-001277,call,2026-08-29 09:02:12,+79814043255,google,organic,363,0
mk-001370,call,2026-08-29 09:08:17,+79386648877,yandex_maps,organic,96,0
mk-001552,call,2026-08-29 09:14:32,+79149879967,yandex_maps,organic,122,0
mk-002877,call,2026-08-29 09:16:22,+79129576214,google,organic,586,0
mk-002845,call,2026-08-29 09:38:41,+79731628446,yandex_maps,organic,89,0
mk-000759,form,2026-08-29 09:49:35,89258322648,yandex,cpc,,0
mk-000359,form,2026-08-29 09:57:48,9522920750,vk,cpc,,0
mk-001832,call,2026-08-29 10:02:21,+79715298235,yandex_maps,organic,197,0
mk-000766,form,2026-08-29 10:09:09,8 969 382 41 03,yandex,cpc,,0
mk-001263,form,2026-08-29 10:11:28,8(966)7783680,yandex,cpc,,0
mk-000103,call,2026-08-29 10:12:24,+79961014918,yandex_maps,organic,176,0
mk-002579,form,2026-08-29 10:15:02,89814822819,google,organic,,0
mk-002797,call,2026-08-29 10:16:17,+79993802237,(direct),(none),248,0
mk-001672,call,2026-08-29 10:18:48,+79266840062,yandex_maps,organic,43,0
mk-001264,call,2026-08-29 10:29:35,+79645824328,yandex,cpc,227,0
mk-000179,form,2026-08-29 10:33:15,8(932)2656533,(direct),(none),,0
mk-002145,call,2026-08-29 10:33:48,+79830914771,(direct),(none),470,0
mk-001541,call,2026-08-29 10:46:40,+79064437167,yandex,cpc,416,0
mk-002641,call,2026-08-29 10:53:34,+79482958657,(direct),(none),266,0
mk-001922,call,2026-08-29 10:53:40,+79323496089,(direct),(none),563,0
mk-002566,call,2026-08-29 10:53:52,+79645412391,2gis,referral,553,0
mk-001763,call,2026-08-29 11:02:19,+79241773316,2gis,referral,522,0
mk-000492,call,2026-08-29 11:16:46,+79606261383,vk,cpc,362,0
mk-003171,call,2026-08-29 11:20:42,+79609827388,yandex,cpc,253,0
mk-000354,call,2026-08-29 11:34:46,+79154326894,yandex,cpc,8,1
mk-001979,call,2026-08-29 11:49:31,+79144916107,vk,cpc,257,0
mk-000892,call,2026-08-29 11:55:57,+79326727846,yandex,cpc,235,0
mk-003132,call,2026-08-29 12:01:58,+79930683837,(direct),(none),329,0
mk-002295,call,2026-08-29 12:53:48,+79951897071,yandex,cpc,39,0
mk-000362,call,2026-08-29 13:05:36,+79563832970,yandex_maps,organic,558,0
mk-002761,call,2026-08-29 13:12:00,+79489308068,yandex_maps,organic,573,0
mk-001121,call,2026-08-29 13:24:55,+79132696079,yandex,cpc,72,0
mk-002166,call,2026-08-29 13:25:33,+79389262905,yandex_maps,organic,423,0
mk-001505,call,2026-08-29 13:29:46,+79548022248,yandex,cpc,68,0
mk-003108,form,2026-08-29 13:34:27,+79383051652,yandex,cpc,,0
mk-002575,call,2026-08-29 13:35:03,+79121675488,vk,cpc,136,0
mk-002813,call,2026-08-29 13:38:40,+79172329234,(direct),(none),3,1
mk-000849,form,2026-08-29 13:41:35,8 950 347 69 22,google,organic,,0
mk-002862,call,2026-08-29 13:51:19,+79543043461,2gis,referral,116,0
mk-002279,call,2026-08-29 14:00:45,+79157039406,yandex,cpc,199,0
mk-001709,call,2026-08-29 14:04:47,+79983278440,yandex,cpc,387,0
mk-001912,call,2026-08-29 14:19:16,+79755536801,(direct),(none),4,1
mk-002282,form,2026-08-29 14:30:45,+7 (933) 826-96-95,yandex,cpc,,0
mk-001965,call,2026-08-29 14:42:18,+79244002637,google,organic,303,0
mk-001372,call,2026-08-29 14:42:47,+79101443175,2gis,referral,226,0
mk-001695,call,2026-08-29 14:50:46,+79433160056,yandex_maps,organic,264,0
mk-002710,call,2026-08-29 14:51:21,+79300407799,yandex,cpc,518,0
mk-001299,call,2026-08-29 15:02:24,+79792272735,yandex,cpc,457,0
mk-002212,call,2026-08-29 15:04:23,+79499624729,vk,cpc,93,0
mk-000346,form,2026-08-29 15:22:09,+79809395165,vk,cpc,,0
mk-000099,call,2026-08-29 15:23:59,+79100339264,yandex_maps,organic,568,0
mk-002139,call,2026-08-29 15:37:23,+79509537025,2gis,referral,317,0
mk-000568,call,2026-08-29 15:38:30,+79399862723,yandex,cpc,396,0
mk-002099,call,2026-08-29 15:44:25,+79432389388,yandex,cpc,596,0
mk-000941,call,2026-08-29 15:53:04,+79606956511,2gis,referral,194,0
mk-001522,call,2026-08-29 15:59:06,+79679067499,yandex,cpc,489,0
mk-001678,form,2026-08-29 16:02:25,8(951)8844078,google,organic,,0
mk-000599,call,2026-08-29 16:47:42,+79046638269,yandex_maps,organic,242,0
mk-001061,form,2026-08-29 17:05:15,7-985-585-82-00,yandex,cpc,,0
mk-001589,form,2026-08-29 17:30:59,+7 (933) 509-70-24,yandex,cpc,,0
mk-000976,form,2026-08-29 18:13:06,+79838521697,yandex,cpc,,0
mk-002117,form,2026-08-29 18:42:36,8(942)0129889,yandex,cpc,,0
mk-002118,form,2026-08-29 18:43:55,8 942 012 98 89,yandex,cpc,,0
mk-002605,form,2026-08-29 18:59:21,9177122851,yandex,cpc,,0
mk-001841,form,2026-08-29 19:19:46,9855699526,vk,cpc,,0
mk-000744,form,2026-08-30 01:20:06,+79647385032,yandex,cpc,,0
mk-002378,form,2026-08-30 01:21:34,89909194801,yandex_maps,organic,,0
mk-002379,form,2026-08-30 01:25:07,9909194801,yandex_maps,organic,,0
mk-000517,form,2026-08-30 02:23:43,8 938 685 00 04,yandex,cpc,,0
mk-002933,form,2026-08-30 03:21:27,89356048799,vk,cpc,,0
mk-001509,form,2026-08-30 05:06:06,89840510336,yandex,cpc,,0
mk-001510,form,2026-08-30 05:08:12,8 984 051 03 36,yandex,cpc,,0
mk-002659,form,2026-08-30 06:10:01,8(949)1777649,vk,cpc,,0
mk-002407,form,2026-08-30 06:18:36,9926955906,yandex,cpc,,0
mk-003176,call,2026-08-30 06:24:25,+79794229755,2gis,referral,199,0
mk-002150,form,2026-08-30 06:29:59,8 967 314 02 08,yandex,cpc,,0
mk-000500,call,2026-08-30 06:40:30,+79592191160,vk,cpc,575,0
mk-000370,form,2026-08-30 06:57:56,89658446181,yandex,cpc,,0
mk-002678,call,2026-08-30 07:01:55,+79571083253,(direct),(none),79,0
mk-002325,call,2026-08-30 07:02:14,+79309871941,2gis,referral,507,0
mk-002249,call,2026-08-30 07:07:57,+79059002585,yandex,cpc,3,1
mk-002712,call,2026-08-30 07:09:21,+79300407799,yandex,cpc,237,0
mk-003144,call,2026-08-30 07:16:26,+79261299331,yandex,cpc,182,0
mk-001431,call,2026-08-30 07:20:33,+79544106728,google,organic,9,1
mk-001676,call,2026-08-30 07:21:55,+79022032753,yandex,cpc,74,0
mk-002396,call,2026-08-30 07:22:16,+79009410354,(direct),(none),61,0
mk-002192,call,2026-08-30 07:22:50,+79690353990,2gis,referral,281,0
mk-001176,call,2026-08-30 07:33:42,+79028372543,google,organic,255,0
mk-002016,call,2026-08-30 07:35:06,+79269009933,(direct),(none),440,0
mk-002808,form,2026-08-30 07:35:54,8 996 063 76 60,yandex,cpc,,0
mk-000955,call,2026-08-30 07:45:10,+79592457986,(direct),(none),93,0
mk-000841,form,2026-08-30 07:48:16,9707414439,yandex,cpc,,0
mk-003036,call,2026-08-30 07:50:48,+79991756510,yandex,cpc,335,0
mk-001123,call,2026-08-30 07:52:55,+79132696079,yandex,cpc,312,0
mk-001595,call,2026-08-30 07:55:52,+79191632915,(direct),(none),556,0
mk-001960,call,2026-08-30 08:36:00,+79597476646,2gis,referral,504,0
mk-000151,form,2026-08-30 08:41:34,8(995)0181978,yandex,cpc,,0
mk-000450,call,2026-08-30 09:04:28,+79884413036,(direct),(none),549,0
mk-001272,call,2026-08-30 09:05:37,+79469311272,yandex,cpc,249,0
mk-000535,form,2026-08-30 09:20:38,9409942207,vk,cpc,,0
mk-002592,call,2026-08-30 09:36:53,+79058939335,yandex_maps,organic,234,0
mk-001358,form,2026-08-30 09:43:10,+79457847912,2gis,referral,,0
mk-002114,call,2026-08-30 09:51:12,+79602978632,yandex_maps,organic,222,0
mk-002798,call,2026-08-30 09:54:17,+79993802237,(direct),(none),381,0
mk-002717,call,2026-08-30 09:57:23,+79677239395,yandex,cpc,399,0
mk-001758,call,2026-08-30 10:23:37,+79263116950,(direct),(none),0,1
mk-001533,form,2026-08-30 10:25:12,9757806412,yandex,cpc,,0
mk-001534,form,2026-08-30 10:30:04,8(975)7806412,yandex,cpc,,0
mk-001535,form,2026-08-30 10:32:38,8 975 780 64 12,yandex,cpc,,0
mk-002626,call,2026-08-30 10:34:32,+79796915264,(direct),(none),358,0
mk-000395,call,2026-08-30 10:44:59,+79007489323,2gis,referral,278,0
mk-000250,form,2026-08-30 11:01:23,+7 (904) 756-87-13,yandex,cpc,,0
mk-000772,call,2026-08-30 11:05:33,+79280639183,2gis,referral,286,0
mk-001542,call,2026-08-30 11:11:25,+79746800955,yandex,cpc,84,0
mk-002861,call,2026-08-30 11:11:35,+79726460406,yandex_maps,organic,1,1
mk-000132,call,2026-08-30 11:23:11,+79532041571,google,organic,237,0
mk-001091,call,2026-08-30 11:28:18,+79571298201,2gis,referral,239,0
mk-001593,call,2026-08-30 11:28:27,+79362400735,yandex_maps,organic,137,0
mk-000481,form,2026-08-30 11:39:29,9700675892,google,organic,,0
mk-000883,call,2026-08-30 12:10:10,+79251035291,yandex,cpc,396,0
mk-000718,call,2026-08-30 12:21:36,+79618251327,(direct),(none),117,0
mk-000807,form,2026-08-30 12:29:08,7-906-466-60-74,yandex,cpc,,0
mk-000719,form,2026-08-30 12:46:50,8(918)6944319,google,organic,,0
mk-000626,call,2026-08-30 12:51:57,+79360276508,google,organic,43,0
mk-000913,form,2026-08-30 12:57:35,+7 (919) 167-87-14,vk,cpc,,0
mk-001566,call,2026-08-30 13:04:21,+79267870761,vk,cpc,130,0
mk-001416,call,2026-08-30 13:18:34,+79103259263,2gis,referral,8,1
mk-000157,call,2026-08-30 13:29:01,+79157131213,2gis,referral,185,0
mk-002892,call,2026-08-30 13:33:56,+79933520772,yandex,cpc,173,0
mk-001587,call,2026-08-30 13:35:32,+79905821825,yandex,cpc,187,0
mk-002527,call,2026-08-30 13:39:11,+79982837905,2gis,referral,343,0
mk-000672,form,2026-08-30 13:42:45,+79656739005,yandex,cpc,,0
mk-000107,call,2026-08-30 13:47:15,+79445339643,yandex,cpc,577,0
mk-000077,call,2026-08-30 13:57:09,+79934891180,2gis,referral,72,0
mk-001480,call,2026-08-30 13:58:15,+79272836436,google,organic,379,0
mk-002935,call,2026-08-30 14:10:12,+79025249881,yandex_maps,organic,585,0
mk-000229,form,2026-08-30 14:12:55,+79492682933,yandex,cpc,,0
mk-003102,call,2026-08-30 14:18:32,+79103102211,yandex,cpc,278,0
mk-001045,call,2026-08-30 14:36:06,+79106769833,yandex,cpc,278,0
mk-002800,call,2026-08-30 14:44:14,+79163962686,vk,cpc,388,0
mk-002873,call,2026-08-30 14:54:05,+79866372930,vk,cpc,243,0
mk-000233,call,2026-08-30 14:58:34,+79306537381,(direct),(none),287,0
mk-001913,form,2026-08-30 15:13:13,+7 (956) 991-81-92,2gis,referral,,0
mk-001539,form,2026-08-30 15:24:37,89045210408,yandex,cpc,,0
mk-000035,form,2026-08-30 15:24:43,7-957-475-03-07,yandex,cpc,,0
mk-001540,form,2026-08-30 15:27:36,7-904-521-04-08,yandex,cpc,,0
mk-000569,call,2026-08-30 15:35:30,+79399862723,yandex,cpc,146,0
mk-000222,call,2026-08-30 15:36:00,+79440869224,(direct),(none),418,0
mk-001506,call,2026-08-30 15:48:46,+79548022248,yandex,cpc,254,0
mk-000177,call,2026-08-30 15:50:38,+79416555747,2gis,referral,318,0
mk-002863,call,2026-08-30 16:22:19,+79543043461,2gis,referral,46,0
mk-003084,call,2026-08-30 16:33:33,+79400254840,yandex,cpc,105,0
mk-000493,form,2026-08-30 16:41:21,8(981)7951508,yandex,cpc,,0
mk-003172,call,2026-08-30 16:42:42,+79609827388,yandex,cpc,342,0
mk-000494,form,2026-08-30 16:44:17,9817951508,yandex,cpc,,0
mk-000495,form,2026-08-30 16:49:41,89817951508,yandex,cpc,,0
mk-003046,call,2026-08-30 16:59:03,+79192597454,2gis,referral,229,0
mk-000001,form,2026-08-30 17:34:19,+79495265415,google,organic,,0
mk-000087,form,2026-08-30 19:00:08,8(972)2683004,google,organic,,0
mk-000507,form,2026-08-30 19:15:23,89125890130,yandex,cpc,,0
mk-003133,form,2026-08-30 19:44:09,8(981)0430003,vk,cpc,,0
mk-001007,form,2026-08-30 19:54:10,+79385506479,yandex,cpc,,0
mk-002729,form,2026-08-30 22:12:07,89576601501,vk,cpc,,0
mk-000673,form,2026-08-30 23:03:41,8(920)9325303,vk,cpc,,0
mk-000057,form,2026-08-31 00:01:29,8 986 802 86 29,yandex,cpc,,0
mk-002102,form,2026-08-31 01:12:15,9613807435,vk,cpc,,0
mk-002190,form,2026-08-31 02:15:43,+7 (951) 066-61-27,yandex,cpc,,0
mk-001063,form,2026-08-31 03:48:01,89030618451,yandex,cpc,,0
mk-002222,form,2026-08-31 05:43:30,+79098892967,yandex,cpc,,0
mk-001578,form,2026-08-31 06:09:04,9587698453,2gis,referral,,0
mk-000355,call,2026-08-31 06:31:46,+79154326894,yandex,cpc,322,0
mk-002147,call,2026-08-31 06:41:48,+79830914771,(direct),(none),70,0
mk-000597,call,2026-08-31 06:58:55,+79258430194,yandex,cpc,188,0
mk-001211,call,2026-08-31 07:25:02,+79371119942,yandex,cpc,490,0
mk-000726,call,2026-08-31 07:41:24,+79047750217,(direct),(none),64,0
mk-000401,form,2026-08-31 07:44:47,9063661694,yandex,cpc,,0
mk-000402,form,2026-08-31 07:48:10,7-906-366-16-94,yandex,cpc,,0
mk-000322,form,2026-08-31 07:54:22,7-905-248-16-95,yandex,cpc,,0
mk-000323,form,2026-08-31 07:59:48,+79052481695,yandex,cpc,,0
mk-002635,call,2026-08-31 08:00:32,+79611058251,2gis,referral,50,0
mk-001833,call,2026-08-31 08:01:54,+79515567066,google,organic,246,0
mk-000942,call,2026-08-31 08:12:04,+79606956511,2gis,referral,50,0
mk-000034,call,2026-08-31 08:48:14,+79263223403,google,organic,2,1
mk-000356,form,2026-08-31 08:48:38,9327588042,yandex,cpc,,0
mk-000357,form,2026-08-31 08:49:46,89327588042,yandex,cpc,,0
mk-002938,form,2026-08-31 09:14:18,+7 (912) 944-68-87,yandex,cpc,,0
mk-001975,call,2026-08-31 09:16:27,+79508111072,yandex,cpc,372,0
mk-000028,call,2026-08-31 09:22:36,+79341099418,2gis,referral,2,1
mk-002151,call,2026-08-31 09:29:59,+79673140208,yandex,cpc,132,0
mk-001648,form,2026-08-31 09:45:30,9695074053,google,organic,,0
mk-000699,call,2026-08-31 10:00:57,+79373324555,(direct),(none),2,1
mk-001967,call,2026-08-31 10:11:57,+79375625700,(direct),(none),498,0
mk-002321,call,2026-08-31 10:18:02,+79101455587,yandex_maps,organic,513,0
mk-000814,call,2026-08-31 10:20:19,+79692347556,yandex_maps,organic,234,0
mk-001074,call,2026-08-31 10:20:52,+79017388067,(direct),(none),264,0
mk-002850,call,2026-08-31 10:27:20,+79070233252,yandex_maps,organic,301,0
mk-002058,call,2026-08-31 10:28:08,+79911075371,2gis,referral,253,0
mk-000973,call,2026-08-31 10:33:48,+79191930533,vk,cpc,320,0
mk-002974,call,2026-08-31 10:41:50,+79912687491,google,organic,358,0
mk-002584,call,2026-08-31 10:53:43,+79702671255,yandex_maps,organic,231,0
mk-002314,form,2026-08-31 10:54:14,89450678056,vk,cpc,,0
mk-001602,call,2026-08-31 11:11:40,+79180565159,yandex_maps,organic,2,1
mk-000484,call,2026-08-31 11:34:23,+79986144134,yandex_maps,organic,457,0
mk-001900,form,2026-08-31 11:40:53,+79424852930,yandex_maps,organic,,0
mk-000140,call,2026-08-31 11:50:52,+79848136977,yandex,cpc,186,0
mk-000594,form,2026-08-31 11:54:13,9982087528,2gis,referral,,0
mk-001248,call,2026-08-31 12:06:08,+79632273180,(direct),(none),140,0
mk-000968,form,2026-08-31 12:16:36,7-955-299-83-73,yandex,cpc,,0
mk-003110,form,2026-08-31 12:16:43,7-954-042-46-66,google,organic,,0
mk-003162,call,2026-08-31 12:29:15,+79632713143,yandex,cpc,401,0
mk-001417,call,2026-08-31 12:38:34,+79103259263,2gis,referral,311,0
mk-000895,form,2026-08-31 12:44:02,+79709730118,yandex,cpc,,0
mk-003050,call,2026-08-31 12:47:18,+79544144792,google,organic,339,0
mk-000602,call,2026-08-31 12:50:26,+79493532998,google,organic,242,0
mk-002453,form,2026-08-31 12:55:55,9426269892,yandex,cpc,,0
mk-000816,call,2026-08-31 12:58:48,+79536555727,yandex_maps,organic,376,0
mk-001244,call,2026-08-31 13:01:04,+79873266085,2gis,referral,570,0
mk-000900,call,2026-08-31 13:04:44,+79401046888,google,organic,213,0
mk-000329,call,2026-08-31 13:28:25,+79305113411,2gis,referral,330,0
mk-001100,call,2026-08-31 13:42:37,+79952993371,2gis,referral,573,0
mk-003077,call,2026-08-31 14:09:19,+79342564906,vk,cpc,280,0
mk-002043,call,2026-08-31 14:12:01,+79628685687,yandex,cpc,390,0
mk-000125,call,2026-08-31 14:12:19,+79016542674,vk,cpc,246,0
mk-001226,form,2026-08-31 14:13:02,8 903 760 56 85,google,organic,,0
mk-001227,form,2026-08-31 14:14:47,7-903-760-56-85,google,organic,,0
mk-001377,call,2026-08-31 14:19:16,+79340301464,yandex,cpc,491,0
mk-002028,call,2026-08-31 14:26:31,+79321308116,2gis,referral,594,0
mk-001315,form,2026-08-31 14:32:14,8 989 507 69 01,google,organic,,0
mk-001805,call,2026-08-31 14:57:00,+79650444053,(direct),(none),161,0
mk-000133,call,2026-08-31 15:08:11,+79532041571,google,organic,215,0
mk-000387,call,2026-08-31 15:08:57,+79055219633,yandex_maps,organic,560,0
mk-000561,call,2026-08-31 15:11:27,+79801736660,(direct),(none),268,0
mk-001360,call,2026-08-31 15:18:35,+79626708172,2gis,referral,431,0
mk-001747,call,2026-08-31 15:26:15,+79480456916,yandex,cpc,214,0
mk-001096,call,2026-08-31 15:39:33,+79798426878,yandex_maps,organic,594,0
mk-000662,form,2026-08-31 15:52:20,8 909 396 37 82,yandex,cpc,,0
mk-001148,call,2026-08-31 16:33:52,+79298816459,(direct),(none),554,0
mk-002482,form,2026-08-31 16:46:27,8 934 737 71 72,2gis,referral,,0
mk-002340,call,2026-08-31 16:52:04,+79719456468,yandex,cpc,354,0
mk-001075,call,2026-08-31 16:54:52,+79017388067,(direct),(none),255,0
mk-000910,form,2026-08-31 18:01:07,89619732183,yandex,cpc,,0
mk-000911,form,2026-08-31 18:05:46,+7 (961) 973-21-83,yandex,cpc,,0
mk-001397,form,2026-08-31 18:48:01,8(938)4483597,yandex,cpc,,0
mk-000171,form,2026-08-31 19:02:20,+79023271644,yandex,cpc,,0
mk-000899,form,2026-08-31 19:35:18,9812872000,yandex,cpc,,0
mk-002816,form,2026-08-31 19:48:10,7-976-727-05-82,vk,cpc,,0
mk-000792,form,2026-08-31 19:49:40,+7 (915) 124-23-35,yandex,cpc,,0
mk-000793,form,2026-08-31 19:53:45,+7 (915) 124-23-35,yandex,cpc,,0
mk-000794,form,2026-08-31 19:54:47,89151242335,yandex,cpc,,0
mk-000578,form,2026-08-31 21:04:21,+7 (919) 370-58-92,vk,cpc,,0
mk-001213,form,2026-08-31 21:49:56,8(942)0960557,google,organic,,0
mk-000073,form,2026-08-31 23:12:40,+7 (930) 597-13-34,yandex,cpc,,0
mk-000909,form,2026-08-31 23:38:04,8(966)8280222,yandex,cpc,,0
mk-000230,form,2026-09-01 00:52:48,+7 (998) 851-74-74,google,organic,,0
mk-001945,form,2026-09-01 01:12:16,7-997-758-36-97,vk,cpc,,0
mk-002096,form,2026-09-01 01:31:48,7-999-856-46-81,vk,cpc,,0
mk-002902,form,2026-09-01 04:41:02,8 973 412 83 01,yandex,cpc,,0
mk-002368,call,2026-09-01 06:25:19,+79304595881,(direct),(none),488,0
mk-002322,call,2026-09-01 06:30:02,+79101455587,yandex_maps,organic,313,0
mk-003106,call,2026-09-01 07:04:56,+79424641107,yandex,cpc,566,0
mk-000398,call,2026-09-01 07:21:52,+79263728283,vk,cpc,0,1
mk-001854,call,2026-09-01 07:25:57,+79290125713,google,organic,170,0
mk-000072,form,2026-09-01 07:28:57,+7 (946) 813-82-61,yandex_maps,organic,,0
mk-001875,call,2026-09-01 07:28:57,+79854029783,yandex,cpc,104,0
mk-001622,call,2026-09-01 07:30:49,+79147997007,2gis,referral,399,0
mk-000877,form,2026-09-01 07:35:00,+79815972371,yandex,cpc,,0
mk-000474,call,2026-09-01 07:41:57,+79927445693,yandex_maps,organic,169,0
mk-002701,call,2026-09-01 07:42:16,+79859773373,(direct),(none),5,1
mk-001005,form,2026-09-01 07:51:27,9660688930,(direct),(none),,0
mk-002998,call,2026-09-01 07:58:32,+79281589285,2gis,referral,331,0
mk-002011,call,2026-09-01 08:08:47,+79794055310,yandex_maps,organic,48,0
mk-000961,form,2026-09-01 08:09:36,+79411533210,2gis,referral,,0
mk-003204,call,2026-09-01 08:13:25,+79120724579,(direct),(none),238,0
mk-000300,form,2026-09-01 08:18:30,+7 (955) 854-22-57,yandex,cpc,,0
mk-001137,call,2026-09-01 08:20:56,+79564230394,yandex_maps,organic,98,0
mk-000301,form,2026-09-01 08:21:43,9558542257,yandex,cpc,,0
mk-001619,call,2026-09-01 08:35:56,+79128210731,(direct),(none),103,0
mk-002864,call,2026-09-01 08:48:19,+79543043461,2gis,referral,276,0
mk-000485,call,2026-09-01 08:57:23,+79986144134,yandex_maps,organic,161,0
mk-001268,call,2026-09-01 09:21:05,+79871114797,(direct),(none),3,1
mk-001356,call,2026-09-01 09:27:10,+79457847912,2gis,referral,136,0
mk-002235,form,2026-09-01 09:37:46,8(948)8731334,yandex,cpc,,0
mk-002475,form,2026-09-01 09:38:07,+7 (936) 073-06-43,vk,cpc,,0
mk-001792,call,2026-09-01 09:39:35,+79382704228,2gis,referral,174,0
mk-000235,call,2026-09-01 09:41:00,+79429857437,vk,cpc,55,0
mk-002422,call,2026-09-01 09:41:00,+79375407092,(direct),(none),362,0
mk-002236,form,2026-09-01 09:42:05,8(948)8731334,yandex,cpc,,0
mk-000683,call,2026-09-01 09:42:27,+79018107533,google,organic,579,0
mk-002189,call,2026-09-01 09:46:16,+79561110061,google,organic,352,0
mk-002353,form,2026-09-01 09:49:30,+7 (903) 009-29-76,google,organic,,0
mk-002495,call,2026-09-01 09:54:10,+79030534659,yandex,cpc,186,0
mk-003032,call,2026-09-01 10:15:30,+79937751735,(direct),(none),535,0
mk-001418,call,2026-09-01 10:18:34,+79103259263,2gis,referral,196,0
mk-000196,call,2026-09-01 10:25:11,+79232517144,(direct),(none),584,0
mk-001953,call,2026-09-01 10:36:14,+79724893286,yandex_maps,organic,596,0
mk-003197,call,2026-09-01 10:45:00,+79596351852,vk,cpc,178,0
mk-001490,call,2026-09-01 10:56:38,+79956456132,(direct),(none),120,0
mk-000149,form,2026-09-01 11:04:38,7-987-172-92-77,vk,cpc,,0
mk-001904,call,2026-09-01 11:16:42,+79291426975,yandex_maps,organic,423,0
mk-000064,call,2026-09-01 11:19:39,+79725844084,yandex_maps,organic,66,0
mk-000764,call,2026-09-01 11:19:49,+79062935410,2gis,referral,299,0
mk-001361,call,2026-09-01 11:25:40,+79873792521,yandex_maps,organic,216,0
mk-002599,call,2026-09-01 11:49:39,+79765725730,2gis,referral,221,0
mk-002530,call,2026-09-01 11:50:51,+79949620702,2gis,referral,321,0
mk-001524,form,2026-09-01 11:51:44,7-929-272-77-17,vk,cpc,,0
mk-002827,call,2026-09-01 11:52:16,+79995585606,2gis,referral,162,0
mk-000865,call,2026-09-01 11:52:21,+79945642876,yandex,cpc,8,1
mk-000653,call,2026-09-01 11:56:25,+79399415846,2gis,referral,441,0
mk-001252,call,2026-09-01 11:57:19,+79021449996,2gis,referral,434,0
mk-002288,call,2026-09-01 12:03:00,+79164125248,2gis,referral,488,0
mk-002613,call,2026-09-01 12:12:14,+79025968199,google,organic,76,0
mk-000908,call,2026-09-01 12:19:00,+79489007593,2gis,referral,184,0
mk-003169,form,2026-09-01 12:22:24,+79790595163,vk,cpc,,0
mk-000783,call,2026-09-01 12:22:35,+79862415405,yandex_maps,organic,268,0
mk-000241,form,2026-09-01 12:41:02,8(948)2728959,yandex_maps,organic,,0
mk-002586,call,2026-09-01 12:50:43,+79702671255,yandex_maps,organic,241,0
mk-000172,form,2026-09-01 12:54:44,8(997)5843170,vk,cpc,,0
mk-001089,call,2026-09-01 12:55:15,+79628139989,2gis,referral,187,0
mk-002044,form,2026-09-01 12:58:01,89628685687,yandex,cpc,,0
mk-001683,call,2026-09-01 12:58:34,+79525342921,(direct),(none),7,1
mk-002084,call,2026-09-01 13:08:01,+79987087922,(direct),(none),224,0
mk-000382,call,2026-09-01 13:23:24,+79233381042,(direct),(none),233,0
mk-002436,call,2026-09-01 13:33:34,+79723968085,yandex,cpc,283,0
mk-000050,form,2026-09-01 13:34:53,8(926)1472572,yandex,cpc,,0
mk-001465,call,2026-09-01 13:50:28,+79383912499,google,organic,279,0
mk-001594,call,2026-09-01 14:02:27,+79362400735,yandex_maps,organic,146,0
mk-001553,call,2026-09-01 14:11:32,+79149879967,yandex_maps,organic,388,0
mk-002310,call,2026-09-01 14:24:17,+79656842655,(direct),(none),90,0
mk-002528,call,2026-09-01 14:40:11,+79982837905,2gis,referral,244,0
mk-000822,form,2026-09-01 14:46:07,9914569471,yandex,cpc,,0
mk-002895,call,2026-09-01 14:47:57,+79073631915,(direct),(none),362,0
mk-001457,call,2026-09-01 15:07:32,+79908678067,(direct),(none),316,0
mk-000980,form,2026-09-01 15:24:06,7-959-726-81-75,vk,cpc,,0
mk-001246,call,2026-09-01 15:35:35,+79856553211,(direct),(none),348,0
mk-002670,call,2026-09-01 16:35:20,+79762652218,yandex,cpc,229,0
mk-001122,call,2026-09-01 16:38:55,+79132696079,yandex,cpc,304,0
mk-001065,form,2026-09-01 17:06:45,9554703384,yandex,cpc,,0
mk-001066,form,2026-09-01 17:10:02,7-955-470-33-84,yandex,cpc,,0
mk-002216,form,2026-09-01 17:10:14,+7 (995) 625-80-19,google,organic,,0
mk-001158,form,2026-09-01 17:25:56,9283172217,vk,cpc,,0
mk-001390,form,2026-09-01 18:12:16,8(959)8327658,vk,cpc,,0
mk-002648,form,2026-09-01 18:17:57,+7 (926) 467-07-45,vk,cpc,,0
mk-001354,form,2026-09-01 19:16:51,7-972-301-54-06,vk,cpc,,0
mk-000949,form,2026-09-01 21:02:51,9704046333,vk,cpc,,0
mk-003121,form,2026-09-02 01:42:22,+7 (996) 648-64-81,google,organic,,0
mk-000782,form,2026-09-02 03:01:24,9716407674,yandex,cpc,,0
mk-001885,call,2026-09-02 06:09:30,+79508172898,2gis,referral,365,0
mk-000258,call,2026-09-02 06:14:12,+79343775457,google,organic,4,1
mk-000951,call,2026-09-02 06:16:19,+79669579746,2gis,referral,422,0
mk-001038,form,2026-09-02 06:21:56,7-928-930-38-37,google,organic,,0
mk-001325,call,2026-09-02 06:28:44,+79102793649,yandex_maps,organic,49,0
mk-002642,call,2026-09-02 06:35:34,+79482958657,(direct),(none),202,0
mk-000399,call,2026-09-02 06:36:52,+79263728283,vk,cpc,182,0
mk-000377,call,2026-09-02 06:44:39,+79444268635,2gis,referral,265,0
mk-000655,call,2026-09-02 06:56:25,+79399415846,2gis,referral,150,0
mk-001577,call,2026-09-02 07:03:11,+79433380191,(direct),(none),248,0
mk-000330,call,2026-09-02 07:11:25,+79305113411,2gis,referral,102,0
mk-003043,form,2026-09-02 07:15:01,9919366689,google,organic,,0
mk-001339,form,2026-09-02 07:49:04,8(996)8445740,yandex,cpc,,0
mk-001414,call,2026-09-02 08:02:08,+79370444659,google,organic,600,0
mk-001491,call,2026-09-02 08:11:38,+79956456132,(direct),(none),176,0
mk-000717,call,2026-09-02 08:12:57,+79895228261,vk,cpc,529,0
mk-000309,call,2026-09-02 08:30:07,+79714842002,yandex,cpc,176,0
mk-003124,call,2026-09-02 08:30:51,+79419348911,2gis,referral,206,0
mk-000249,call,2026-09-02 08:36:58,+79193973398,yandex,cpc,579,0
mk-002686,form,2026-09-02 08:37:13,8(965)5043516,vk,cpc,,0
mk-001357,call,2026-09-02 09:13:10,+79457847912,2gis,referral,377,0
mk-002576,call,2026-09-02 09:28:03,+79121675488,vk,cpc,164,0
mk-000817,call,2026-09-02 09:28:48,+79536555727,yandex_maps,organic,140,0
mk-001445,call,2026-09-02 09:35:36,+79728942964,google,organic,364,0
mk-000131,call,2026-09-02 09:45:14,+79546946009,(direct),(none),298,0
mk-001196,form,2026-09-02 09:50:58,7-928-756-12-84,yandex,cpc,,0
mk-002832,call,2026-09-02 09:53:07,+79912216685,(direct),(none),534,0
mk-000571,form,2026-09-02 09:53:17,8(922)2187413,vk,cpc,,0
mk-001082,call,2026-09-02 09:55:13,+79524941587,google,organic,241,0
mk-001588,call,2026-09-02 10:04:18,+79084127168,google,organic,254,0
mk-002423,call,2026-09-02 10:13:00,+79375407092,(direct),(none),223,0
mk-001645,call,2026-09-02 10:13:18,+79860873471,yandex,cpc,159,0
mk-000978,call,2026-09-02 10:19:43,+79821017844,(direct),(none),378,0
mk-000611,call,2026-09-02 10:26:47,+79549624481,vk,cpc,370,0
mk-001957,call,2026-09-02 10:28:42,+79795589617,(direct),(none),42,0
mk-002711,call,2026-09-02 10:36:21,+79300407799,yandex,cpc,281,0
mk-001886,call,2026-09-02 10:47:09,+79421371629,2gis,referral,281,0
mk-000562,call,2026-09-02 10:47:40,+79011230884,google,organic,574,0
mk-003174,call,2026-09-02 10:59:22,+79595115939,google,organic,547,0
mk-000600,call,2026-09-02 11:00:42,+79046638269,yandex_maps,organic,191,0
mk-002259,call,2026-09-02 11:11:38,+79192161024,yandex,cpc,243,0
mk-001749,call,2026-09-02 11:24:59,+79313331532,2gis,referral,245,0
mk-003092,call,2026-09-02 11:28:44,+79542139627,2gis,referral,312,0
mk-001514,call,2026-09-02 11:31:07,+79899171125,google,organic,552,0
mk-002479,form,2026-09-02 11:31:23,9757092132,2gis,referral,,0
mk-000150,call,2026-09-02 11:47:44,+79713605240,yandex,cpc,106,0
mk-000456,call,2026-09-02 11:52:58,+79663127603,(direct),(none),536,0
mk-001650,call,2026-09-02 12:08:54,+79557641428,yandex_maps,organic,1,1
mk-000220,form,2026-09-02 12:11:34,7-958-568-28-16,google,organic,,0
mk-000291,form,2026-09-02 12:15:32,8(986)9896947,yandex,cpc,,0
mk-000112,call,2026-09-02 12:19:53,+79303268204,(direct),(none),382,0
mk-000878,call,2026-09-02 12:27:18,+79015246052,yandex_maps,organic,421,0
mk-001249,call,2026-09-02 12:28:08,+79632273180,(direct),(none),244,0
mk-001207,form,2026-09-02 12:32:54,8(975)8886121,vk,cpc,,0
mk-000088,call,2026-09-02 13:00:08,+79722683004,google,organic,141,0
mk-001170,call,2026-09-02 13:14:42,+79135648718,yandex,cpc,374,0
mk-000559,call,2026-09-02 13:18:27,+79377773168,(direct),(none),148,0
mk-000289,call,2026-09-02 13:22:00,+79856917355,yandex_maps,organic,400,0
mk-000282,call,2026-09-02 13:25:46,+79723166287,(direct),(none),574,0
mk-001748,call,2026-09-02 13:35:15,+79480456916,yandex,cpc,316,0
mk-001010,call,2026-09-02 13:55:09,+79355580656,yandex_maps,organic,531,0
mk-001060,form,2026-09-02 14:01:49,8(950)1575391,vk,cpc,,0
mk-001730,form,2026-09-02 14:03:09,8 929 492 30 32,yandex,cpc,,0
mk-001329,call,2026-09-02 14:24:43,+79498606057,2gis,referral,124,0
mk-003177,call,2026-09-02 14:25:25,+79794229755,2gis,referral,247,0
mk-001202,call,2026-09-02 14:34:32,+79686367291,2gis,referral,162,0
mk-001822,call,2026-09-02 14:42:45,+79103599793,(direct),(none),48,0
mk-002243,call,2026-09-02 14:43:27,+79830792383,2gis,referral,207,0
mk-002207,call,2026-09-02 14:45:02,+79679215113,yandex,cpc,494,0
mk-000175,form,2026-09-02 15:07:45,+7 (938) 093-21-33,yandex,cpc,,0
mk-002427,form,2026-09-02 15:14:15,9141762998,yandex,cpc,,0
mk-001710,call,2026-09-02 15:16:05,+79860016800,yandex,cpc,231,0
mk-003142,call,2026-09-02 15:49:36,+79243975502,google,organic,466,0
mk-000943,call,2026-09-02 15:52:28,+79675570996,2gis,referral,594,0
mk-000029,call,2026-09-02 16:06:36,+79341099418,2gis,referral,325,0
mk-002121,form,2026-09-02 16:18:10,+79160450239,google,organic,,0
mk-000090,form,2026-09-02 16:24:31,+7 (973) 256-46-67,yandex,cpc,,0
mk-002420,form,2026-09-02 16:29:15,7-941-710-38-77,vk,cpc,,0
mk-000912,form,2026-09-02 16:33:54,8 981 574 11 87,google,organic,,0
mk-001802,call,2026-09-02 16:42:54,+79828394280,2gis,referral,239,0
mk-001520,form,2026-09-02 17:22:04,+79051838288,google,organic,,0
mk-000886,form,2026-09-02 17:39:34,89649760858,yandex,cpc,,0
mk-000041,form,2026-09-02 17:57:47,8 983 306 35 45,vk,cpc,,0
mk-001392,form,2026-09-02 18:36:50,7-916-024-73-20,yandex,cpc,,0
mk-002344,form,2026-09-02 18:41:17,8(902)5827873,yandex,cpc,,0
mk-002345,form,2026-09-02 18:46:05,8 902 582 78 73,yandex,cpc,,0
mk-002346,form,2026-09-02 18:51:54,+79025827873,yandex,cpc,,0
mk-002458,form,2026-09-02 18:52:53,8(911)3047335,google,organic,,0
mk-000446,form,2026-09-02 19:07:53,8 998 018 79 76,vk,cpc,,0
mk-000825,form,2026-09-02 19:36:30,+7 (914) 345-61-52,vk,cpc,,0
mk-000205,form,2026-09-02 19:54:44,+7 (946) 358-40-94,2gis,referral,,0
mk-000651,form,2026-09-02 20:34:13,89569795188,google,organic,,0
mk-000198,call,2026-09-03 07:08:11,+79232517144,(direct),(none),50,0
mk-001156,call,2026-09-03 07:15:28,+79256982547,google,organic,48,0
mk-002289,form,2026-09-03 10:03:00,8 916 412 52 48,2gis,referral,,0
mk-003107,call,2026-09-03 11:23:33,+79313769451,yandex,cpc,4,1
mk-002713,form,2026-09-03 11:51:21,7-930-040-77-99,yandex,cpc,,0
mk-000181,call,2026-09-03 12:11:33,+79508833629,yandex_maps,organic,251,0
mk-002669,call,2026-09-03 12:53:20,+79762652218,yandex,cpc,270,0
mk-000234,call,2026-09-03 13:36:34,+79306537381,(direct),(none),72,0
mk-001138,call,2026-09-03 13:47:56,+79564230394,yandex_maps,organic,371,0
mk-000251,call,2026-09-03 14:01:23,+79047568713,yandex,cpc,459,0
mk-001371,call,2026-09-03 15:51:17,+79386648877,yandex_maps,organic,378,0
mk-002085,call,2026-09-04 06:07:01,+79987087922,(direct),(none),75,0
mk-000700,call,2026-09-04 06:15:57,+79373324555,(direct),(none),111,0
mk-001300,call,2026-09-04 07:06:24,+79792272735,yandex,cpc,321,0
mk-000979,call,2026-09-04 07:24:43,+79821017844,(direct),(none),60,0
mk-003145,call,2026-09-04 07:35:26,+79261299331,yandex,cpc,67,0
mk-000266,call,2026-09-04 07:46:50,+79756094307,(direct),(none),2,1
mk-000487,form,2026-09-04 08:34:23,89986144134,yandex_maps,organic,,0
mk-002086,call,2026-09-04 11:00:01,+79987087922,(direct),(none),392,0
mk-002146,call,2026-09-04 11:26:48,+79830914771,(direct),(none),241,0
mk-003044,call,2026-09-04 12:15:01,+79919366689,google,organic,419,0
mk-000199,form,2026-09-04 12:25:11,9232517144,(direct),(none),,0
mk-001362,call,2026-09-04 13:21:40,+79873792521,yandex_maps,organic,380,0
mk-000197,call,2026-09-04 13:41:11,+79232517144,(direct),(none),198,0
mk-003163,call,2026-09-04 13:58:15,+79632713143,yandex,cpc,60,0
mk-000114,call,2026-09-04 14:19:53,+79303268204,(direct),(none),232,0
mk-000378,call,2026-09-04 15:25:39,+79444268635,2gis,referral,52,0
mk-000331,call,2026-09-05 06:21:25,+79305113411,2gis,referral,248,0
mk-002529,call,2026-09-05 08:06:11,+79982837905,2gis,referral,397,0
mk-002585,call,2026-09-05 08:31:43,+79702671255,yandex_maps,organic,381,0
mk-001750,call,2026-09-05 08:32:59,+79313331532,2gis,referral,298,0
mk-001214,call,2026-09-05 08:49:56,+79420960557,google,organic,162,0
mk-001006,call,2026-09-05 09:51:27,+79660688930,(direct),(none),304,0
mk-002833,form,2026-09-05 10:53:07,+79912216685,(direct),(none),,0
mk-000113,call,2026-09-05 11:31:53,+79303268204,(direct),(none),289,0
mk-001579,call,2026-09-05 13:09:04,+79587698453,2gis,referral,254,0
mk-000470,call,2026-09-05 13:09:38,+79073857902,2gis,referral,334,0
mk-002328,call,2026-09-05 13:14:04,+79242296343,yandex_maps,organic,463,0
mk-000292,call,2026-09-05 13:15:32,+79869896947,yandex,cpc,38,0
mk-000221,call,2026-09-05 15:11:34,+79585682816,google,organic,547,0
mk-000486,call,2026-09-06 07:16:23,+79986144134,yandex_maps,organic,125,0
mk-001150,call,2026-09-06 07:52:52,+79298816459,(direct),(none),317,0
mk-000091,call,2026-09-06 08:24:31,+79732564667,yandex,cpc,485,0
mk-001968,call,2026-09-06 11:56:57,+79375625700,(direct),(none),368,0
mk-001536,call,2026-09-06 13:06:57,+79115632145,vk,cpc,249,0
mk-000654,call,2026-09-06 13:20:25,+79399415846,2gis,referral,79,0
mk-000826,call,2026-09-06 13:36:30,+79143456152,vk,cpc,253,0
mk-002476,call,2026-09-06 15:38:07,+79360730643,vk,cpc,140,0
mk-001149,call,2026-09-06 16:05:52,+79298816459,(direct),(none),145,0
mk-000944,call,2026-09-07 07:28:28,+79675570996,2gis,referral,129,0
mk-000259,call,2026-09-07 08:18:12,+79343775457,google,organic,331,0
mk-000379,call,2026-09-07 08:33:39,+79444268635,2gis,referral,166,0
mk-002999,call,2026-09-07 10:22:32,+79281589285,2gis,referral,281,0
mk-001330,call,2026-09-07 12:30:43,+79498606057,2gis,referral,127,0
mk-003175,call,2026-09-07 13:19:22,+79595115939,google,organic,208,0
mk-001458,call,2026-09-07 14:13:32,+79908678067,(direct),(none),378,0
